seed,case_num,y_true,baseline_y_pred,corrected_y_pred,baseline_y_prob,corrected_y_prob,probability_delta,outcome,is_inconsistent_profile
42,4,0,0,0,0.42324602603912354,0.37694182991981506,-0.04630419611930847,unchanged,False
42,7,0,0,0,0.3621929883956909,0.3676966428756714,0.005503654479980469,unchanged,False
42,9,0,0,0,0.3703197240829468,0.3676966428756714,-0.0026230812072753906,unchanged,False
42,11,0,0,0,0.32916978001594543,0.3247271180152893,-0.004442662000656128,unchanged,True
42,15,0,1,0,0.5228304862976074,0.3385072946548462,-0.18432319164276123,improved,False
42,16,0,0,0,0.3538820445537567,0.3703197240829468,0.016437679529190063,unchanged,False
42,21,0,0,0,0.36545321345329285,0.35184425115585327,-0.013608962297439575,unchanged,True
42,24,0,0,0,0.35192742943763733,0.3676966428756714,0.015769213438034058,unchanged,False
42,29,0,0,0,0.3913005292415619,0.3066581189632416,-0.08464241027832031,unchanged,False
42,32,0,0,0,0.4474933445453644,0.3676966428756714,-0.079796701669693,unchanged,False
42,33,0,0,0,0.46825626492500305,0.3272022604942322,-0.14105400443077087,unchanged,True
42,35,0,1,0,0.4956945776939392,0.36175990104675293,-0.13393467664718628,improved,False
42,36,0,0,0,0.3239467144012451,0.3676966428756714,0.04374992847442627,unchanged,False
42,39,0,1,0,0.5041452646255493,0.3066581189632416,-0.19748714566230774,improved,False
42,41,0,1,0,0.4991045892238617,0.41471147537231445,-0.08439311385154724,improved,False
42,42,0,0,0,0.33936598896980286,0.3703197240829468,0.03095373511314392,unchanged,False
42,43,0,0,0,0.3680696189403534,0.3939870595932007,0.02591744065284729,unchanged,False
42,45,0,0,0,0.3680696189403534,0.3939870595932007,0.02591744065284729,unchanged,False
42,53,0,0,0,0.3680696189403534,0.32641881704330444,-0.04165080189704895,unchanged,True
42,54,0,0,0,0.3884781301021576,0.32641881704330444,-0.06205931305885315,unchanged,True
42,55,0,0,0,0.3939870595932007,0.3939870595932007,0.0,unchanged,False
42,56,0,0,0,0.34507259726524353,0.32641881704330444,-0.018653780221939087,unchanged,True
42,58,0,0,0,0.46514174342155457,0.32641881704330444,-0.13872292637825012,unchanged,True
42,60,0,0,0,0.3939870595932007,0.3939870595932007,0.0,unchanged,False
42,62,0,0,0,0.4148891270160675,0.42631325125694275,0.011424124240875244,unchanged,False
42,65,0,0,0,0.3939870595932007,0.32641881704330444,-0.06756824254989624,unchanged,True
42,67,0,0,0,0.3680696189403534,0.3913005292415619,0.023230910301208496,unchanged,True
42,71,0,0,0,0.42517003417015076,0.4261655807495117,0.000995546579360962,unchanged,False
42,72,0,0,0,0.4786214232444763,0.4202170670032501,-0.058404356241226196,unchanged,False
42,74,0,0,0,0.4129006862640381,0.45308637619018555,0.04018568992614746,unchanged,False
42,79,0,1,0,0.5404013991355896,0.45831045508384705,-0.08209094405174255,improved,False
42,84,0,0,0,0.4661621153354645,0.4335433840751648,-0.03261873126029968,unchanged,False
42,86,0,0,0,0.4601174592971802,0.4448206126689911,-0.015296846628189087,unchanged,False
42,87,0,0,0,0.4875161051750183,0.40083691477775574,-0.08667919039726257,unchanged,False
42,90,0,1,0,0.5782305598258972,0.41471147537231445,-0.16351908445358276,improved,False
42,91,0,0,0,0.3824728727340698,0.4786214232444763,0.0961485505104065,unchanged,False
42,92,0,0,0,0.4129006862640381,0.3649596869945526,-0.047940999269485474,unchanged,False
42,97,0,0,0,0.4274933636188507,0.36689314246177673,-0.060600221157073975,unchanged,False
42,98,0,0,0,0.4661621153354645,0.3369769752025604,-0.12918514013290405,unchanged,False
42,100,0,0,0,0.3884781301021576,0.4561551511287689,0.06767702102661133,unchanged,False
42,103,0,0,0,0.4448206126689911,0.4261655807495117,-0.01865503191947937,unchanged,False
42,104,0,0,0,0.4861380457878113,0.3574124872684479,-0.1287255585193634,unchanged,False
42,107,0,1,0,0.5119884610176086,0.3883042633533478,-0.12368419766426086,improved,False
42,109,0,0,1,0.47999805212020874,0.5146844983100891,0.03468644618988037,worsened,False
42,112,0,0,0,0.4448206126689911,0.4373990595340729,-0.007421553134918213,unchanged,False
42,113,0,0,0,0.48511332273483276,0.2860904932022095,-0.1990228295326233,unchanged,True
42,114,0,0,0,0.4148891270160675,0.45504358410835266,0.040154457092285156,unchanged,False
42,116,0,0,0,0.4467531740665436,0.4786214232444763,0.03186824917793274,unchanged,False
42,117,0,0,0,0.3868227005004883,0.47999805212020874,0.09317535161972046,unchanged,False
42,121,0,0,0,0.4435240924358368,0.4842480719089508,0.040723979473114014,unchanged,True
42,126,0,0,0,0.39723581075668335,0.45495280623435974,0.05771699547767639,unchanged,False
42,127,0,0,1,0.39303264021873474,0.5176541209220886,0.12462148070335388,worsened,False
42,129,0,0,0,0.4776053726673126,0.46082186698913574,-0.01678350567817688,unchanged,False
42,135,0,0,0,0.44563761353492737,0.36436501145362854,-0.08127260208129883,unchanged,True
42,136,0,0,0,0.4661621153354645,0.4302242696285248,-0.0359378457069397,unchanged,False
42,137,0,0,0,0.42517003417015076,0.4426769018173218,0.01750686764717102,unchanged,True
42,139,0,0,0,0.4601174592971802,0.35646212100982666,-0.10365533828735352,unchanged,False
42,144,0,0,0,0.4129006862640381,0.40083691477775574,-0.012063771486282349,unchanged,False
42,145,0,0,0,0.3868227005004883,0.4202170670032501,0.03339436650276184,unchanged,False
42,146,0,0,0,0.4148891270160675,0.4129006862640381,-0.001988440752029419,unchanged,False
42,147,0,0,0,0.4119138717651367,0.4119138717651367,0.0,unchanged,False
42,148,0,0,0,0.32641881704330444,0.4373990595340729,0.11098024249076843,unchanged,False
42,150,0,1,0,0.5136672854423523,0.45504358410835266,-0.058623701333999634,improved,False
42,152,0,0,0,0.36332768201828003,0.36332768201828003,0.0,unchanged,False
42,159,0,0,0,0.36332768201828003,0.4129006862640381,0.04957300424575806,unchanged,False
42,161,0,0,0,0.3868227005004883,0.4261655807495117,0.03934288024902344,unchanged,False
42,162,0,0,0,0.433418869972229,0.4435240924358368,0.010105222463607788,unchanged,False
42,168,0,0,0,0.4261655807495117,0.41398748755455017,-0.012178093194961548,unchanged,True
42,169,0,0,0,0.41171127557754517,0.4202170670032501,0.008505791425704956,unchanged,False
42,172,0,0,0,0.43095239996910095,0.3739134669303894,-0.05703893303871155,unchanged,False
42,173,0,0,0,0.433418869972229,0.4261655807495117,-0.007253289222717285,unchanged,False
42,178,0,0,0,0.36332768201828003,0.45504358410835266,0.09171590209007263,unchanged,False
42,179,0,0,0,0.4875161051750183,0.45504358410835266,-0.03247252106666565,unchanged,False
42,180,0,1,0,0.5136672854423523,0.3828974962234497,-0.1307697892189026,improved,False
42,182,0,0,0,0.4875161051750183,0.4625184237957001,-0.024997681379318237,unchanged,False
42,183,0,0,0,0.3032870590686798,0.4268953502178192,0.1236082911491394,unchanged,False
42,191,0,0,0,0.4625184237957001,0.3828974962234497,-0.07962092757225037,unchanged,False
42,196,0,0,0,0.45504358410835266,0.4625184237957001,0.007474839687347412,unchanged,False
42,197,0,0,0,0.42631325125694275,0.4129006862640381,-0.013412564992904663,unchanged,False
42,200,0,0,0,0.4625184237957001,0.45504358410835266,-0.007474839687347412,unchanged,False
42,201,0,0,0,0.39985203742980957,0.46753501892089844,0.06768298149108887,unchanged,False
42,202,0,0,0,0.45504358410835266,0.3828974962234497,-0.07214608788490295,unchanged,False
42,206,0,0,0,0.4625184237957001,0.3828974962234497,-0.07962092757225037,unchanged,False
42,207,0,0,0,0.4625184237957001,0.4625184237957001,0.0,unchanged,False
42,208,0,0,0,0.3884781301021576,0.4625184237957001,0.07404029369354248,unchanged,False
42,213,0,0,0,0.4034444987773895,0.3868227005004883,-0.016621798276901245,unchanged,False
42,216,0,0,0,0.45458292961120605,0.40083691477775574,-0.05374601483345032,unchanged,False
42,218,0,0,0,0.4261655807495117,0.4129006862640381,-0.013264894485473633,unchanged,False
42,220,0,0,0,0.4119138717651367,0.3868227005004883,-0.025091171264648438,unchanged,False
42,225,0,0,0,0.42517003417015076,0.4129006862640381,-0.012269347906112671,unchanged,False
42,227,0,0,0,0.47999805212020874,0.47999805212020874,0.0,unchanged,False
42,228,0,0,0,0.3423037827014923,0.39845797419548035,0.05615419149398804,unchanged,False
42,231,0,0,0,0.42517003417015076,0.36689314246177673,-0.05827689170837402,unchanged,False
42,232,0,0,0,0.4446318447589874,0.4119138717651367,-0.03271797299385071,unchanged,False
42,239,0,0,0,0.4261655807495117,0.41398748755455017,-0.012178093194961548,unchanged,True
42,242,0,0,0,0.45458292961120605,0.4129006862640381,-0.04168224334716797,unchanged,False
42,243,0,0,0,0.4129006862640381,0.40083691477775574,-0.012063771486282349,unchanged,False
42,244,0,0,0,0.4129006862640381,0.4129006862640381,0.0,unchanged,False
42,249,0,0,0,0.43977054953575134,0.35535991191864014,-0.0844106376171112,unchanged,True
42,250,0,1,0,0.49851083755493164,0.43122273683547974,-0.0672881007194519,improved,False
42,251,0,0,0,0.46561893820762634,0.4475407302379608,-0.018078207969665527,unchanged,False
42,253,0,0,0,0.4261655807495117,0.4202170670032501,-0.005948513746261597,unchanged,False
42,254,0,0,0,0.42517003417015076,0.4129006862640381,-0.012269347906112671,unchanged,False
42,263,0,0,0,0.47570177912712097,0.40200865268707275,-0.07369312644004822,unchanged,False
42,264,0,0,0,0.4581206738948822,0.44674500823020935,-0.011375665664672852,unchanged,False
42,269,0,0,0,0.44563761353492737,0.4129006862640381,-0.03273692727088928,unchanged,False
42,270,0,0,0,0.36332768201828003,0.4129006862640381,0.04957300424575806,unchanged,False
42,271,0,0,0,0.40684929490089417,0.35535991191864014,-0.05148938298225403,unchanged,True
42,272,0,0,0,0.3868227005004883,0.4129006862640381,0.026077985763549805,unchanged,False
42,274,0,0,0,0.44251927733421326,0.4129006862640381,-0.02961859107017517,unchanged,False
42,276,0,0,0,0.4878784120082855,0.40298792719841003,-0.08489048480987549,unchanged,False
42,279,0,0,0,0.3684089183807373,0.44647493958473206,0.07806602120399475,unchanged,True
42,280,0,0,0,0.4446318447589874,0.4333232641220093,-0.01130858063697815,unchanged,False
42,281,0,0,0,0.36332768201828003,0.4129006862640381,0.04957300424575806,unchanged,False
42,282,0,1,0,0.49851083755493164,0.37963569164276123,-0.11887514591217041,improved,False
42,283,0,0,0,0.3939870595932007,0.4373990595340729,0.04341199994087219,unchanged,False
42,285,0,0,0,0.3868227005004883,0.4129006862640381,0.026077985763549805,unchanged,False
42,290,0,0,0,0.41451168060302734,0.4202170670032501,0.005705386400222778,unchanged,False
42,292,0,0,0,0.4373990595340729,0.39985933899879456,-0.03753972053527832,unchanged,True
42,297,0,0,0,0.391472727060318,0.39040565490722656,-0.0010670721530914307,unchanged,False
42,299,0,0,1,0.3032870590686798,0.49851083755493164,0.19522377848625183,worsened,True
42,303,0,0,0,0.3868227005004883,0.4373990595340729,0.050576359033584595,unchanged,False
42,308,0,0,0,0.46753501892089844,0.44647493958473206,-0.021060079336166382,unchanged,True
42,310,0,0,0,0.459707111120224,0.4129006862640381,-0.04680642485618591,unchanged,False
42,312,0,1,0,0.5386589765548706,0.4373990595340729,-0.10125991702079773,improved,False
42,314,0,1,0,0.5070706605911255,0.35535991191864014,-0.15171074867248535,improved,True
42,320,0,0,0,0.4373990595340729,0.36689314246177673,-0.07050591707229614,unchanged,False
42,321,0,0,0,0.4373990595340729,0.4129006862640381,-0.02449837327003479,unchanged,False
42,322,0,0,0,0.4651488661766052,0.4661621153354645,0.001013249158859253,unchanged,False
42,327,0,0,0,0.4261655807495117,0.4588603675365448,0.03269478678703308,unchanged,False
42,328,0,0,0,0.3939870595932007,0.4520775079727173,0.0580904483795166,unchanged,True
42,331,0,0,0,0.4261655807495117,0.4129006862640381,-0.013264894485473633,unchanged,False
42,336,0,0,0,0.39040565490722656,0.433418869972229,0.04301321506500244,unchanged,False
42,338,0,0,0,0.41575387120246887,0.4588603675365448,0.04310649633407593,unchanged,False
42,339,0,0,0,0.4875161051750183,0.3955870568752289,-0.09192904829978943,unchanged,False
42,340,0,0,0,0.4129006862640381,0.4661621153354645,0.05326142907142639,unchanged,False
42,341,0,0,0,0.43126294016838074,0.37474751472473145,-0.05651542544364929,unchanged,True
42,343,0,0,0,0.4581206738948822,0.4661621153354645,0.008041441440582275,unchanged,False
42,345,0,0,0,0.4355219602584839,0.4261655807495117,-0.009356379508972168,unchanged,False
42,348,0,0,0,0.36332768201828003,0.33788737654685974,-0.025440305471420288,unchanged,True
42,349,0,0,0,0.4661621153354645,0.4448206126689911,-0.02134150266647339,unchanged,False
42,350,0,1,0,0.5071621537208557,0.4373990595340729,-0.06976309418678284,improved,False
42,352,0,0,0,0.48438024520874023,0.4076003134250641,-0.07677993178367615,unchanged,False
42,358,0,0,0,0.34601444005966187,0.45320382714271545,0.10718938708305359,unchanged,True
42,359,0,0,0,0.36332768201828003,0.4129006862640381,0.04957300424575806,unchanged,False
42,360,0,0,0,0.3828974962234497,0.4786214232444763,0.09572392702102661,unchanged,False
42,362,0,0,0,0.37058907747268677,0.3684089183807373,-0.002180159091949463,unchanged,True
42,364,0,0,0,0.4601174592971802,0.4373990595340729,-0.0227183997631073,unchanged,False
42,366,0,0,0,0.4261655807495117,0.4446318447589874,0.018466264009475708,unchanged,True
42,368,0,0,0,0.47207698225975037,0.3679347336292267,-0.10414224863052368,unchanged,True
42,371,0,0,1,0.36332768201828003,0.5070706605911255,0.14374297857284546,worsened,False
42,372,0,0,0,0.4261655807495117,0.4129006862640381,-0.013264894485473633,unchanged,False
42,382,0,0,0,0.45458292961120605,0.4129006862640381,-0.04168224334716797,unchanged,False
42,386,0,1,0,0.4995288848876953,0.33788737654685974,-0.16164150834083557,improved,True
42,391,0,0,0,0.3899918496608734,0.3758060336112976,-0.014185816049575806,unchanged,False
42,397,0,0,0,0.4373990595340729,0.4129006862640381,-0.02449837327003479,unchanged,False
42,400,0,0,0,0.41398748755455017,0.39985933899879456,-0.014128148555755615,unchanged,True
42,401,0,0,0,0.3703197240829468,0.41398748755455017,0.043667763471603394,unchanged,True
42,403,0,0,0,0.41398748755455017,0.4129006862640381,-0.001086801290512085,unchanged,False
42,405,0,0,0,0.4261655807495117,0.4129006862640381,-0.013264894485473633,unchanged,False
42,408,0,0,0,0.4261655807495117,0.41398748755455017,-0.012178093194961548,unchanged,True
42,409,0,0,0,0.39040565490722656,0.4261655807495117,0.035759925842285156,unchanged,False
42,411,0,0,0,0.44563761353492737,0.34916067123413086,-0.09647694230079651,unchanged,False
42,414,0,0,0,0.3326496481895447,0.4411134719848633,0.1084638237953186,unchanged,False
42,415,0,0,0,0.36332768201828003,0.4446318447589874,0.0813041627407074,unchanged,True
42,417,0,0,0,0.41451168060302734,0.4512884020805359,0.036776721477508545,unchanged,False
42,418,0,0,0,0.36332768201828003,0.4581206738948822,0.09479299187660217,unchanged,True
42,421,0,0,0,0.36163920164108276,0.4261655807495117,0.06452637910842896,unchanged,False
42,425,0,0,0,0.4129006862640381,0.4202170670032501,0.007316380739212036,unchanged,False
42,428,0,1,0,0.5071621537208557,0.3369769752025604,-0.1701851785182953,improved,False
42,433,0,0,0,0.42517003417015076,0.4411134719848633,0.015943437814712524,unchanged,False
42,435,0,0,0,0.4148891270160675,0.386268675327301,-0.02862045168876648,unchanged,True
42,439,0,0,0,0.3855731785297394,0.40083691477775574,0.015263736248016357,unchanged,False
42,443,0,0,0,0.47214657068252563,0.4261655807495117,-0.045980989933013916,unchanged,False
42,444,0,0,0,0.36332768201828003,0.4129006862640381,0.04957300424575806,unchanged,False
42,445,0,0,0,0.36332768201828003,0.4129006862640381,0.04957300424575806,unchanged,False
42,451,0,0,0,0.39040565490722656,0.4485478401184082,0.05814218521118164,unchanged,False
42,454,0,0,0,0.39040565490722656,0.4129006862640381,0.022495031356811523,unchanged,False
42,457,0,0,0,0.4129006862640381,0.4129006862640381,0.0,unchanged,False
42,460,0,0,0,0.4261655807495117,0.4129006862640381,-0.013264894485473633,unchanged,False
42,462,0,0,0,0.4261655807495117,0.4202170670032501,-0.005948513746261597,unchanged,False
42,465,0,0,0,0.40728384256362915,0.41398748755455017,0.0067036449909210205,unchanged,True
42,469,0,0,0,0.47999805212020874,0.4261655807495117,-0.05383247137069702,unchanged,False
42,471,0,0,0,0.3680696189403534,0.3383011817932129,-0.029768437147140503,unchanged,False
42,472,0,0,0,0.3676966428756714,0.3383011817932129,-0.029395461082458496,unchanged,False
42,478,0,0,0,0.3342397212982178,0.3572794198989868,0.023039698600769043,unchanged,True
42,480,0,0,0,0.36109572649002075,0.2946743965148926,-0.06642132997512817,unchanged,False
42,481,0,1,0,0.5649353861808777,0.3995268642902374,-0.16540852189064026,improved,False
42,483,0,0,0,0.4747953414916992,0.41398748755455017,-0.06080785393714905,unchanged,True
42,486,0,0,0,0.41197967529296875,0.35535991191864014,-0.05661976337432861,unchanged,True
42,491,0,0,0,0.48648834228515625,0.39985933899879456,-0.0866290032863617,unchanged,True
42,492,0,0,0,0.46325093507766724,0.36689314246177673,-0.0963577926158905,unchanged,False
42,505,0,0,0,0.3939870595932007,0.4202170670032501,0.02623000741004944,unchanged,False
42,511,0,0,0,0.36332768201828003,0.36332768201828003,0.0,unchanged,False
42,517,0,0,0,0.4147220551967621,0.39040565490722656,-0.024316400289535522,unchanged,False
42,524,0,0,0,0.39040565490722656,0.39040565490722656,0.0,unchanged,False
42,525,0,0,0,0.3686287999153137,0.3272022604942322,-0.04142653942108154,unchanged,True
42,527,0,0,0,0.36109572649002075,0.3939870595932007,0.03289133310317993,unchanged,False
42,528,0,0,0,0.33936598896980286,0.3975933790206909,0.05822739005088806,unchanged,False
42,532,0,0,0,0.3117310106754303,0.3743498921394348,0.06261888146400452,unchanged,True
42,535,0,0,0,0.3399098813533783,0.3676966428756714,0.02778676152229309,unchanged,False
42,536,0,0,0,0.3239467144012451,0.3425421118736267,0.018595397472381592,unchanged,False
42,537,0,0,0,0.4411134719848633,0.4129006862640381,-0.028212785720825195,unchanged,False
42,540,0,0,0,0.3939870595932007,0.40083691477775574,0.006849855184555054,unchanged,False
42,542,0,0,0,0.460976243019104,0.40083691477775574,-0.06013932824134827,unchanged,False
42,547,0,0,0,0.3805387318134308,0.40083691477775574,0.02029818296432495,unchanged,False
42,549,0,0,0,0.3939870595932007,0.4411134719848633,0.0471264123916626,unchanged,False
42,557,0,0,0,0.4875161051750183,0.4438152015209198,-0.04370090365409851,unchanged,False
42,560,0,0,0,0.3913005292415619,0.4202170670032501,0.028916537761688232,unchanged,False
42,561,0,0,0,0.42517003417015076,0.4129006862640381,-0.012269347906112671,unchanged,False
42,562,0,0,0,0.47214657068252563,0.40083691477775574,-0.0713096559047699,unchanged,False
42,563,0,0,0,0.33936598896980286,0.4202170670032501,0.08085107803344727,unchanged,False
42,567,0,0,0,0.4048829674720764,0.41922527551651,0.014342308044433594,unchanged,True
42,569,0,0,0,0.3868227005004883,0.4129006862640381,0.026077985763549805,unchanged,False
42,570,0,0,0,0.36332768201828003,0.41922527551651,0.05589759349822998,unchanged,True
42,573,0,0,0,0.36332768201828003,0.4448206126689911,0.08149293065071106,unchanged,False
42,574,0,0,0,0.42970412969589233,0.4202170670032501,-0.009487062692642212,unchanged,False
42,575,0,0,0,0.3939870595932007,0.4448206126689911,0.050833553075790405,unchanged,False
42,576,0,0,0,0.4105919599533081,0.4448206126689911,0.03422865271568298,unchanged,False
42,578,1,0,0,0.48438024520874023,0.3423037827014923,-0.14207646250724792,unchanged,False
42,579,1,0,0,0.47214657068252563,0.4842480719089508,0.012101501226425171,unchanged,True
42,581,1,1,0,0.5837892889976501,0.46365946531295776,-0.12012982368469238,worsened,False
42,582,1,1,0,0.5228304862976074,0.3887587785720825,-0.1340717077255249,worsened,False
42,583,1,0,0,0.37153932452201843,0.3855731785297394,0.014033854007720947,unchanged,True
42,586,1,0,0,0.36332768201828003,0.4129999279975891,0.04967224597930908,unchanged,True
42,589,1,0,0,0.41287103295326233,0.3855731785297394,-0.02729785442352295,unchanged,True
42,590,1,1,0,0.582965612411499,0.3855731785297394,-0.19739243388175964,worsened,True
42,591,1,0,0,0.38478848338127136,0.4129999279975891,0.02821144461631775,unchanged,True
42,593,1,0,0,0.4661621153354645,0.4651488661766052,-0.001013249158859253,unchanged,True
42,596,1,0,0,0.4651488661766052,0.3525233268737793,-0.11262553930282593,unchanged,False
42,599,1,1,0,0.5649353861808777,0.40580955147743225,-0.15912583470344543,worsened,False
42,600,1,0,0,0.4907520115375519,0.4651488661766052,-0.025603145360946655,unchanged,True
42,604,1,1,0,0.5327237844467163,0.3855731785297394,-0.14715060591697693,worsened,True
42,609,1,0,0,0.45357346534729004,0.39985933899879456,-0.05371412634849548,unchanged,True
42,611,1,0,0,0.4129006862640381,0.3855731785297394,-0.027327507734298706,unchanged,True
42,618,1,0,0,0.4695073068141937,0.3729606568813324,-0.09654664993286133,unchanged,False
42,619,1,0,0,0.41659387946128845,0.42517003417015076,0.008576154708862305,unchanged,True
42,620,1,0,0,0.491077184677124,0.4129999279975891,-0.07807725667953491,unchanged,True
42,629,1,0,0,0.3939870595932007,0.3948654532432556,0.0008783936500549316,unchanged,False
42,631,1,0,0,0.4786214232444763,0.3855731785297394,-0.09304824471473694,unchanged,True
42,633,1,0,0,0.4863860607147217,0.4323236048221588,-0.054062455892562866,unchanged,True
42,634,1,1,0,0.5517834424972534,0.47311660647392273,-0.07866683602333069,worsened,False
42,635,1,1,0,0.49851083755493164,0.33788737654685974,-0.1606234610080719,worsened,True
42,637,1,0,0,0.42513781785964966,0.40471380949020386,-0.0204240083694458,unchanged,True
42,640,1,0,1,0.35192742943763733,0.5260537266731262,0.1741262972354889,improved,False
42,641,1,0,0,0.42324602603912354,0.42324602603912354,0.0,unchanged,False
42,645,1,1,0,0.5228304862976074,0.36685454845428467,-0.15597593784332275,worsened,False
42,649,1,0,0,0.46365946531295776,0.491077184677124,0.02741771936416626,unchanged,False
42,650,1,1,0,0.5119884610176086,0.39043763279914856,-0.12155082821846008,worsened,False
42,653,1,0,0,0.4429367482662201,0.37388965487480164,-0.06904709339141846,unchanged,False
42,656,1,0,0,0.40453022718429565,0.4065541625022888,0.002023935317993164,unchanged,False
42,657,1,0,0,0.46365946531295776,0.40453022718429565,-0.05912923812866211,unchanged,False
42,661,1,1,0,0.5228304862976074,0.3741735816001892,-0.1486569046974182,worsened,False
42,664,1,0,1,0.4129006862640381,0.49851083755493164,0.08561015129089355,improved,True
42,672,1,0,0,0.46680811047554016,0.3598805367946625,-0.10692757368087769,unchanged,True
42,673,1,0,0,0.41807371377944946,0.45320382714271545,0.03513011336326599,unchanged,True
42,677,1,0,0,0.42517003417015076,0.4457387328147888,0.02056869864463806,unchanged,True
42,683,1,0,0,0.47106224298477173,0.47106224298477173,0.0,unchanged,False
42,685,1,1,0,0.49851083755493164,0.4055720865726471,-0.09293875098228455,worsened,True
42,688,1,0,0,0.48438024520874023,0.31415319442749023,-0.17022705078125,unchanged,True
42,689,1,1,0,0.5166372656822205,0.4558650851249695,-0.06077218055725098,worsened,False
42,693,1,0,0,0.3621929883956909,0.3272022604942322,-0.03499072790145874,unchanged,True
42,696,1,0,0,0.4261655807495117,0.4457387328147888,0.0195731520652771,unchanged,True
42,700,1,0,0,0.4055720865726471,0.3855731785297394,-0.019998908042907715,unchanged,True
42,702,1,0,0,0.3340294659137726,0.36081913113594055,0.02678966522216797,unchanged,False
42,705,1,1,0,0.5327237844467163,0.4250187873840332,-0.1077049970626831,worsened,False
42,708,1,0,0,0.4373990595340729,0.36436501145362854,-0.07303404808044434,unchanged,True
42,710,1,0,0,0.4129006862640381,0.3679347336292267,-0.0449659526348114,unchanged,True
42,711,1,0,0,0.48825210332870483,0.42324602603912354,-0.0650060772895813,unchanged,False
42,716,1,1,0,0.5110986232757568,0.4401419758796692,-0.07095664739608765,worsened,False
42,717,1,1,0,0.5072644352912903,0.3855731785297394,-0.1216912567615509,worsened,True
42,720,1,0,0,0.3676966428756714,0.40024861693382263,0.032551974058151245,unchanged,True
42,721,1,0,0,0.4912320077419281,0.4250187873840332,-0.0662132203578949,unchanged,False
42,722,1,1,0,0.5599616765975952,0.3214501738548279,-0.23851150274276733,worsened,False
42,724,1,0,0,0.4373990595340729,0.39748236536979675,-0.03991669416427612,unchanged,True
42,726,1,1,0,0.5228304862976074,0.42324602603912354,-0.09958446025848389,worsened,False
42,727,1,0,0,0.4129006862640381,0.4581206738948822,0.045219987630844116,unchanged,True
42,728,1,0,1,0.45596379041671753,0.5473576188087463,0.09139382839202881,improved,False
42,730,1,0,0,0.32641881704330444,0.3791568875312805,0.052738070487976074,unchanged,False
42,732,1,0,0,0.491077184677124,0.491077184677124,0.0,unchanged,False
42,733,1,0,0,0.491077184677124,0.4156045615673065,-0.0754726231098175,unchanged,False
42,735,1,0,0,0.4129006862640381,0.3855731785297394,-0.027327507734298706,unchanged,True
42,736,1,1,0,0.5327237844467163,0.4323236048221588,-0.1004001796245575,worsened,True
42,739,1,0,1,0.4401428997516632,0.5260537266731262,0.08591082692146301,improved,False
42,741,1,0,0,0.45028024911880493,0.4651488661766052,0.014868617057800293,unchanged,True
42,744,1,0,0,0.45028024911880493,0.33059728145599365,-0.11968296766281128,unchanged,False
42,745,1,0,0,0.4673696756362915,0.4059441089630127,-0.06142556667327881,unchanged,False
42,747,1,0,0,0.42324602603912354,0.3423037827014923,-0.08094224333763123,unchanged,False
42,752,1,0,0,0.42324602603912354,0.41976091265678406,-0.0034851133823394775,unchanged,False
42,759,1,0,0,0.45028024911880493,0.48660367727279663,0.0363234281539917,unchanged,False
42,760,1,0,0,0.48438024520874023,0.2860904932022095,-0.19828975200653076,unchanged,True
42,761,1,0,0,0.28576362133026123,0.3272022604942322,0.04143863916397095,unchanged,True
42,762,1,0,0,0.36962857842445374,0.3272022604942322,-0.04242631793022156,unchanged,True
42,766,1,0,0,0.42569488286972046,0.41325971484184265,-0.012435168027877808,unchanged,False
42,777,1,0,0,0.491077184677124,0.43893563747406006,-0.052141547203063965,unchanged,False
42,780,1,0,0,0.42324602603912354,0.31415319442749023,-0.1090928316116333,unchanged,True
42,781,1,0,0,0.48438024520874023,0.36962857842445374,-0.1147516667842865,unchanged,False
42,782,1,0,0,0.36962857842445374,0.31415319442749023,-0.0554753839969635,unchanged,True
42,786,1,0,1,0.3621929883956909,0.5309970378875732,0.16880404949188232,improved,False
42,787,1,1,0,0.5119884610176086,0.42599034309387207,-0.08599811792373657,worsened,False
42,791,1,0,0,0.322627991437912,0.33059728145599365,0.007969290018081665,unchanged,False
42,792,1,0,0,0.46365946531295776,0.2860904932022095,-0.1775689721107483,unchanged,True
42,793,1,0,0,0.4457387328147888,0.3053780198097229,-0.14036071300506592,unchanged,True
42,796,1,0,0,0.46084925532341003,0.32157817482948303,-0.139271080493927,unchanged,False
42,797,1,1,0,0.5228304862976074,0.3598805367946625,-0.16294994950294495,worsened,True
42,799,1,0,0,0.37153932452201843,0.3053780198097229,-0.06616130471229553,unchanged,True
42,801,1,0,0,0.3239467144012451,0.31761905550956726,-0.0063276588916778564,unchanged,False
42,804,1,0,0,0.42049843072891235,0.4206712245941162,0.00017279386520385742,unchanged,False
42,806,1,1,0,0.4916485846042633,0.46365946531295776,-0.027989119291305542,worsened,False
42,808,1,0,0,0.3741735816001892,0.33059728145599365,-0.04357630014419556,unchanged,False
42,810,1,0,0,0.2956852316856384,0.3272022604942322,0.03151702880859375,unchanged,True
42,811,1,0,0,0.3676966428756714,0.33936598896980286,-0.02833065390586853,unchanged,True
42,812,1,0,0,0.3239467144012451,0.27778172492980957,-0.04616498947143555,unchanged,True
42,813,1,0,1,0.3621929883956909,0.5228304862976074,0.1606374979019165,improved,False
42,817,1,0,0,0.32641881704330444,0.40614473819732666,0.07972592115402222,unchanged,False
42,818,1,0,0,0.48438024520874023,0.3598805367946625,-0.12449970841407776,unchanged,True
42,820,1,0,0,0.3975473940372467,0.3743498921394348,-0.02319750189781189,unchanged,True
42,821,1,1,0,0.5393899083137512,0.3053780198097229,-0.23401188850402832,worsened,True
42,827,1,0,0,0.31415319442749023,0.3247271180152893,0.010573923587799072,unchanged,True
42,830,0,0,0,0.3939870595932007,0.4202170670032501,0.02623000741004944,unchanged,False
42,831,0,0,0,0.32641881704330444,0.4625184237957001,0.13609960675239563,unchanged,False
42,834,0,0,1,0.3359892964363098,0.5511229634284973,0.2151336669921875,worsened,False
42,837,0,0,0,0.3239467144012451,0.4538266360759735,0.1298799216747284,unchanged,False
42,838,0,0,0,0.3239467144012451,0.45504358410835266,0.13109686970710754,unchanged,False
42,840,0,0,0,0.3913005292415619,0.4875161051750183,0.09621557593345642,unchanged,False
42,846,0,0,0,0.39282116293907166,0.4029479920864105,0.010126829147338867,unchanged,False
42,850,0,0,0,0.4768087565898895,0.357374370098114,-0.11943438649177551,unchanged,False
42,854,0,0,1,0.39723581075668335,0.5071621537208557,0.10992634296417236,worsened,False
42,859,0,1,0,0.4922497570514679,0.44647493958473206,-0.04577481746673584,improved,True
42,862,0,0,0,0.35646212100982666,0.4457387328147888,0.08927661180496216,unchanged,True
42,863,0,0,0,0.4625184237957001,0.4055720865726471,-0.05694633722305298,unchanged,True
42,865,0,0,0,0.4601174592971802,0.47999805212020874,0.019880592823028564,unchanged,False
42,866,0,0,0,0.36332768201828003,0.47999805212020874,0.11667037010192871,unchanged,False
42,867,0,0,0,0.42324602603912354,0.3714759051799774,-0.05177012085914612,unchanged,False
42,868,0,0,0,0.4601174592971802,0.47999805212020874,0.019880592823028564,unchanged,False
42,872,0,0,0,0.4055115282535553,0.4055720865726471,6.0558319091796875e-05,unchanged,True
42,874,0,0,0,0.43126294016838074,0.4457387328147888,0.014475792646408081,unchanged,True
42,878,0,0,0,0.4373990595340729,0.37601998448371887,-0.061379075050354004,unchanged,False
42,880,0,0,0,0.43533122539520264,0.42794597148895264,-0.00738525390625,unchanged,False
42,881,0,0,0,0.4601174592971802,0.46753501892089844,0.007417559623718262,unchanged,False
42,884,0,0,0,0.3936048746109009,0.31415319442749023,-0.07945168018341064,unchanged,True
42,887,0,1,0,0.5037291049957275,0.45997339487075806,-0.04375571012496948,improved,False
42,888,0,1,0,0.5708718299865723,0.3688393235206604,-0.20203250646591187,improved,False
42,889,0,0,0,0.3272022604942322,0.3272022604942322,0.0,unchanged,True
42,890,0,0,0,0.4875161051750183,0.39748236536979675,-0.09003373980522156,unchanged,True
42,897,0,0,0,0.36962857842445374,0.4426769018173218,0.07304832339286804,unchanged,True
42,901,0,0,0,0.3027258515357971,0.4185034930706024,0.1157776415348053,unchanged,False
42,904,0,0,0,0.4875161051750183,0.36332768201828003,-0.12418842315673828,unchanged,False
42,905,0,1,0,0.5047470927238464,0.2860904932022095,-0.21865659952163696,improved,True
42,908,0,0,0,0.47999805212020874,0.4148891270160675,-0.06510892510414124,unchanged,False
42,909,0,0,0,0.4875161051750183,0.4875161051750183,0.0,unchanged,False
42,910,0,0,0,0.3316621780395508,0.4875161051750183,0.15585392713546753,unchanged,False
42,911,0,1,1,0.49851083755493164,0.4936468303203583,-0.004864007234573364,unchanged,False
42,912,0,0,0,0.4446318447589874,0.4446318447589874,0.0,unchanged,True
42,915,0,0,0,0.4055115282535553,0.3504807949066162,-0.05503073334693909,unchanged,True
42,916,0,0,0,0.4875161051750183,0.3955870568752289,-0.09192904829978943,unchanged,False
42,919,0,0,0,0.4185034930706024,0.40024861693382263,-0.018254876136779785,unchanged,True
42,920,0,0,0,0.3092854917049408,0.3182317614555359,0.008946269750595093,unchanged,True
42,922,0,1,0,0.5445165634155273,0.3053780198097229,-0.23913854360580444,improved,True
42,924,0,0,1,0.40066567063331604,0.5207691192626953,0.12010344862937927,worsened,False
42,926,0,0,0,0.3212546706199646,0.4185034930706024,0.09724882245063782,unchanged,False
42,936,0,0,0,0.3326496481895447,0.353887677192688,0.02123802900314331,unchanged,False
42,937,0,0,0,0.28379514813423157,0.36080101132392883,0.07700586318969727,unchanged,False
42,938,0,0,0,0.3598805367946625,0.32641881704330444,-0.03346171975135803,unchanged,True
42,940,0,0,0,0.3066581189632416,0.2911496162414551,-0.015508502721786499,unchanged,True
42,943,0,0,0,0.4875161051750183,0.3750340938568115,-0.11248201131820679,unchanged,False
42,944,0,0,0,0.42631325125694275,0.297401487827301,-0.12891176342964172,unchanged,False
42,947,0,0,0,0.30035316944122314,0.3621929883956909,0.06183981895446777,unchanged,False
42,952,0,1,0,0.5373536348342896,0.33788737654685974,-0.1994662582874298,improved,True
42,953,0,0,0,0.42324602603912354,0.391963928937912,-0.03128209710121155,unchanged,False
42,954,0,0,0,0.2860904932022095,0.3868227005004883,0.10073220729827881,unchanged,False
42,956,0,0,0,0.41774505376815796,0.33936598896980286,-0.0783790647983551,unchanged,True
42,957,0,0,0,0.4119138717651367,0.41922527551651,0.007311403751373291,unchanged,True
42,959,0,0,0,0.36332768201828003,0.32641881704330444,-0.036908864974975586,unchanged,True
42,960,0,0,0,0.3913005292415619,0.3198346197605133,-0.07146590948104858,unchanged,False
42,962,0,1,0,0.5118539333343506,0.32641881704330444,-0.18543511629104614,improved,True
42,965,0,0,0,0.3538820445537567,0.41922527551651,0.0653432309627533,unchanged,True
42,968,0,0,0,0.36332768201828003,0.32641881704330444,-0.036908864974975586,unchanged,True
42,970,0,1,0,0.5473576188087463,0.38423120975494385,-0.1631264090538025,improved,False
42,971,0,0,0,0.4553227424621582,0.41922527551651,-0.03609746694564819,unchanged,True
42,975,0,0,0,0.3939870595932007,0.3939870595932007,0.0,unchanged,False
42,983,0,0,0,0.3913005292415619,0.3939870595932007,0.002686530351638794,unchanged,False
42,986,0,1,0,0.5290204286575317,0.35184425115585327,-0.17717617750167847,improved,True
42,992,0,0,0,0.32641881704330444,0.3703197240829468,0.043900907039642334,unchanged,False
42,993,0,1,0,0.5427657961845398,0.3703197240829468,-0.17244607210159302,improved,False
42,995,0,0,0,0.4625184237957001,0.3939870595932007,-0.06853136420249939,unchanged,False
42,996,0,0,0,0.36545321345329285,0.3939870595932007,0.028533846139907837,unchanged,False
42,998,0,0,0,0.41687914729118347,0.3703197240829468,-0.046559423208236694,unchanged,False
42,1000,0,0,0,0.3969718813896179,0.3939870595932007,-0.0029848217964172363,unchanged,False
42,1002,0,0,0,0.3621929883956909,0.3703197240829468,0.00812673568725586,unchanged,False
42,1004,0,0,0,0.3703197240829468,0.3703197240829468,0.0,unchanged,False
42,1007,0,0,0,0.3621929883956909,0.3703197240829468,0.00812673568725586,unchanged,False
42,1009,0,0,0,0.39311039447784424,0.3703197240829468,-0.02279067039489746,unchanged,False
42,1010,0,0,0,0.4875161051750183,0.3939870595932007,-0.09352904558181763,unchanged,False
42,1011,1,1,0,0.6175960302352905,0.35450103878974915,-0.2630949914455414,worsened,True
123,4,0,1,0,0.5656176805496216,0.3674516975879669,-0.19816598296165466,improved,False
123,7,0,0,0,0.3602913022041321,0.4152255356311798,0.05493423342704773,unchanged,False
123,9,0,0,0,0.4247782528400421,0.4152255356311798,-0.009552717208862305,unchanged,False
123,11,0,0,0,0.38442152738571167,0.38964805006980896,0.00522652268409729,unchanged,True
123,15,0,1,0,0.5453482866287231,0.3401874601840973,-0.20516082644462585,improved,False
123,16,0,0,0,0.38442152738571167,0.40485188364982605,0.02043035626411438,unchanged,False
123,21,0,0,0,0.31432363390922546,0.3799162209033966,0.06559258699417114,unchanged,True
123,24,0,0,0,0.4152255356311798,0.4152255356311798,0.0,unchanged,False
123,29,0,0,0,0.32716357707977295,0.32784879207611084,0.0006852149963378906,unchanged,False
123,32,0,1,0,0.5029110312461853,0.4152255356311798,-0.0876854956150055,improved,False
123,33,0,1,0,0.5453482866287231,0.37949874997138977,-0.16584953665733337,improved,True
123,35,0,1,0,0.5656176805496216,0.388581782579422,-0.17703589797019958,improved,False
123,36,0,0,0,0.31432363390922546,0.4152255356311798,0.10090190172195435,unchanged,False
123,39,0,1,0,0.5198632478713989,0.32784879207611084,-0.19201445579528809,improved,False
123,41,0,1,0,0.5193015933036804,0.4316805303096771,-0.0876210629940033,improved,False
123,42,0,0,0,0.3194536864757538,0.40485188364982605,0.08539819717407227,unchanged,False
123,43,0,0,0,0.3627106547355652,0.3051553964614868,-0.05755525827407837,unchanged,False
123,45,0,0,0,0.3051553964614868,0.3051553964614868,0.0,unchanged,False
123,53,0,0,0,0.3051553964614868,0.34159359335899353,0.036438196897506714,unchanged,True
123,54,0,0,0,0.3623010218143463,0.34159359335899353,-0.020707428455352783,unchanged,True
123,55,0,0,0,0.4253280460834503,0.3051553964614868,-0.1201726496219635,unchanged,False
123,56,0,0,0,0.35232192277908325,0.34159359335899353,-0.010728329420089722,unchanged,True
123,58,0,0,0,0.30477967858314514,0.34159359335899353,0.03681391477584839,unchanged,True
123,60,0,0,0,0.3627106547355652,0.3051553964614868,-0.05755525827407837,unchanged,False
123,62,0,0,0,0.3623010218143463,0.3177943527698517,-0.04450666904449463,unchanged,False
123,65,0,0,0,0.3051553964614868,0.34159359335899353,0.036438196897506714,unchanged,True
123,67,0,0,0,0.31394174695014954,0.31432363390922546,0.00038188695907592773,unchanged,True
123,71,0,0,0,0.461528480052948,0.42770180106163025,-0.03382667899131775,unchanged,False
123,72,0,0,1,0.4292343556880951,0.4693859815597534,0.040151625871658325,worsened,False
123,74,0,0,1,0.33262690901756287,0.4840882122516632,0.15146130323410034,worsened,False
123,79,0,0,0,0.4181905686855316,0.36205729842185974,-0.056133270263671875,unchanged,False
123,84,0,0,1,0.4292343556880951,0.46782755851745605,0.03859320282936096,worsened,False
123,86,0,0,0,0.3260765075683594,0.3635040521621704,0.037427544593811035,unchanged,False
123,87,0,0,0,0.3260765075683594,0.4434371292591095,0.11736062169075012,unchanged,False
123,90,0,0,0,0.424894779920578,0.4316805303096771,0.006785750389099121,unchanged,False
123,91,0,1,1,0.49222198128700256,0.4824897050857544,-0.009732276201248169,unchanged,False
123,92,0,0,0,0.33262690901756287,0.41808515787124634,0.08545824885368347,unchanged,False
123,97,0,0,0,0.39243724942207336,0.36449959874153137,-0.027937650680541992,unchanged,False
123,98,0,0,0,0.4292343556880951,0.3771804869174957,-0.052053868770599365,unchanged,False
123,100,0,0,0,0.4629295766353607,0.44104719161987305,-0.02188238501548767,unchanged,False
123,103,0,0,0,0.3862020671367645,0.42770180106163025,0.04149973392486572,unchanged,False
123,104,0,0,0,0.42770180106163025,0.38372036814689636,-0.04398143291473389,unchanged,False
123,107,0,0,0,0.44575685262680054,0.43124571442604065,-0.014511138200759888,unchanged,False
123,109,0,0,1,0.3862020671367645,0.5341067910194397,0.14790472388267517,worsened,False
123,112,0,0,0,0.3862020671367645,0.32683083415031433,-0.059371232986450195,unchanged,False
123,113,0,0,0,0.44012388586997986,0.3180846571922302,-0.12203922867774963,unchanged,True
123,114,0,0,0,0.3726806640625,0.42839404940605164,0.055713385343551636,unchanged,False
123,116,0,0,1,0.4646417498588562,0.4824897050857544,0.017847955226898193,worsened,False
123,117,0,0,0,0.3862020671367645,0.3260765075683594,-0.06012555956840515,unchanged,False
123,121,0,0,0,0.450252503156662,0.4390839636325836,-0.01116853952407837,unchanged,True
123,126,0,1,0,0.5194207429885864,0.4206201732158661,-0.09880056977272034,improved,False
123,127,0,0,0,0.4292343556880951,0.4536484479904175,0.024414092302322388,unchanged,False
123,129,0,1,1,0.5457876920700073,0.5271624326705933,-0.018625259399414062,unchanged,False
123,135,0,0,0,0.4564749300479889,0.3784429728984833,-0.07803195714950562,unchanged,True
123,136,0,0,1,0.42770180106163025,0.498786062002182,0.07108426094055176,worsened,False
123,137,0,0,0,0.461528480052948,0.4425905644893646,-0.018937915563583374,unchanged,True
123,139,0,0,0,0.4328376352787018,0.354970782995224,-0.07786685228347778,unchanged,False
123,144,0,0,0,0.32683083415031433,0.4434371292591095,0.11660629510879517,unchanged,False
123,145,0,0,1,0.32683083415031433,0.4693859815597534,0.1425551474094391,worsened,False
123,146,0,0,0,0.42839404940605164,0.4292343556880951,0.000840306282043457,unchanged,False
123,147,0,0,0,0.4292343556880951,0.4630841612815857,0.0338498055934906,unchanged,False
123,148,0,0,0,0.3260765075683594,0.32683083415031433,0.0007543265819549561,unchanged,False
123,150,0,0,0,0.3627106547355652,0.42839404940605164,0.06568339467048645,unchanged,False
123,152,0,0,0,0.2718546390533447,0.3664085566997528,0.09455391764640808,unchanged,False
123,159,0,0,0,0.3664085566997528,0.4292343556880951,0.06282579898834229,unchanged,False
123,161,0,0,0,0.2718546390533447,0.42770180106163025,0.15584716200828552,unchanged,False
123,162,0,0,0,0.450252503156662,0.450252503156662,0.0,unchanged,False
123,168,0,0,0,0.4630841612815857,0.4418931007385254,-0.021191060543060303,unchanged,True
123,169,0,0,1,0.3772476613521576,0.4693859815597534,0.09213832020759583,worsened,False
123,172,0,0,0,0.3999788165092468,0.40286996960639954,0.00289115309715271,unchanged,False
123,173,0,0,0,0.4166686534881592,0.42770180106163025,0.01103314757347107,unchanged,False
123,178,0,0,0,0.2718546390533447,0.42839404940605164,0.1565394103527069,unchanged,False
123,179,0,0,0,0.3260765075683594,0.42839404940605164,0.10231754183769226,unchanged,False
123,180,0,0,0,0.3627106547355652,0.39389634132385254,0.031185686588287354,unchanged,False
123,182,0,0,1,0.3627106547355652,0.4685315787792206,0.1058209240436554,worsened,False
123,183,0,0,0,0.3766496181488037,0.4175718128681183,0.040922194719314575,unchanged,False
123,191,0,0,0,0.3627106547355652,0.39389634132385254,0.031185686588287354,unchanged,False
123,196,0,0,1,0.3627106547355652,0.4685315787792206,0.1058209240436554,worsened,False
123,197,0,0,0,0.2890367805957794,0.4292343556880951,0.14019757509231567,unchanged,False
123,200,0,0,0,0.3627106547355652,0.42839404940605164,0.06568339467048645,unchanged,False
123,201,0,1,0,0.47456100583076477,0.3388925790786743,-0.13566842675209045,improved,False
123,202,0,0,0,0.3260765075683594,0.39389634132385254,0.06781983375549316,unchanged,False
123,206,0,0,0,0.3627106547355652,0.39389634132385254,0.031185686588287354,unchanged,False
123,207,0,0,1,0.3627106547355652,0.4685315787792206,0.1058209240436554,worsened,False
123,208,0,0,1,0.3627106547355652,0.4685315787792206,0.1058209240436554,worsened,False
123,213,0,0,0,0.4292343556880951,0.2718546390533447,-0.15737971663475037,unchanged,False
123,216,0,0,0,0.4292343556880951,0.4434371292591095,0.014202773571014404,unchanged,False
123,218,0,0,0,0.4292343556880951,0.4292343556880951,0.0,unchanged,False
123,220,0,0,0,0.4292343556880951,0.2718546390533447,-0.15737971663475037,unchanged,False
123,225,0,0,0,0.4292343556880951,0.4292343556880951,0.0,unchanged,False
123,227,0,0,0,0.3862020671367645,0.3260765075683594,-0.06012555956840515,unchanged,False
123,228,0,0,0,0.425031453371048,0.37825846672058105,-0.04677298665046692,unchanged,False
123,231,0,0,0,0.42770180106163025,0.36449959874153137,-0.06320220232009888,unchanged,False
123,232,0,0,0,0.38019639253616333,0.4630841612815857,0.08288776874542236,unchanged,False
123,239,0,1,0,0.49721774458885193,0.4418931007385254,-0.05532464385032654,improved,True
123,242,0,0,0,0.33123916387557983,0.4292343556880951,0.09799519181251526,unchanged,False
123,243,0,0,0,0.4292343556880951,0.4434371292591095,0.014202773571014404,unchanged,False
123,244,0,0,0,0.4292343556880951,0.4292343556880951,0.0,unchanged,False
123,249,0,0,0,0.33262690901756287,0.3779788315296173,0.04535192251205444,unchanged,True
123,250,0,1,0,0.47620540857315063,0.46458467841148376,-0.01162073016166687,improved,False
123,251,0,0,1,0.4630841612815857,0.5385311841964722,0.07544702291488647,worsened,False
123,253,0,0,1,0.4292343556880951,0.4693859815597534,0.040151625871658325,worsened,False
123,254,0,0,0,0.450252503156662,0.4292343556880951,-0.021018147468566895,unchanged,False
123,263,0,1,1,0.5167371034622192,0.48354798555374146,-0.03318911790847778,unchanged,False
123,264,0,0,0,0.4630841612815857,0.4564749300479889,-0.006609231233596802,unchanged,False
123,269,0,0,0,0.4292343556880951,0.4292343556880951,0.0,unchanged,False
123,270,0,0,0,0.32683083415031433,0.4292343556880951,0.10240352153778076,unchanged,False
123,271,0,0,0,0.3260765075683594,0.3779788315296173,0.051902323961257935,unchanged,True
123,272,0,0,0,0.33262690901756287,0.4292343556880951,0.09660744667053223,unchanged,False
123,274,0,0,0,0.42770180106163025,0.4292343556880951,0.0015325546264648438,unchanged,False
123,276,0,1,0,0.4913647174835205,0.4494544565677643,-0.041910260915756226,improved,False
123,279,0,0,0,0.40628913044929504,0.44056063890457153,0.03427150845527649,unchanged,True
123,280,0,0,0,0.4437306225299835,0.458028107881546,0.0142974853515625,unchanged,False
123,281,0,0,0,0.36495691537857056,0.4292343556880951,0.06427744030952454,unchanged,False
123,282,0,0,0,0.4564749300479889,0.3630511462688446,-0.09342378377914429,unchanged,False
123,283,0,0,0,0.3627106547355652,0.32683083415031433,-0.035879820585250854,unchanged,False
123,285,0,0,0,0.2718546390533447,0.4292343556880951,0.15737971663475037,unchanged,False
123,290,0,0,1,0.28574857115745544,0.4693859815597534,0.18363741040229797,worsened,False
123,292,0,0,1,0.31432363390922546,0.4774700105190277,0.16314637660980225,worsened,True
123,297,0,0,0,0.39389634132385254,0.3994738459587097,0.005577504634857178,unchanged,False
123,299,0,0,1,0.36371302604675293,0.5457876920700073,0.1820746660232544,worsened,True
123,303,0,0,0,0.32683083415031433,0.32683083415031433,0.0,unchanged,False
123,308,0,0,0,0.3627106547355652,0.44056063890457153,0.07784998416900635,unchanged,True
123,310,0,1,0,0.4850911498069763,0.4292343556880951,-0.055856794118881226,improved,False
123,312,0,0,0,0.4253280460834503,0.32683083415031433,-0.09849721193313599,unchanged,False
123,314,0,0,0,0.36449959874153137,0.3779788315296173,0.013479232788085938,unchanged,True
123,320,0,0,0,0.32683083415031433,0.36449959874153137,0.03766876459121704,unchanged,False
123,321,0,0,0,0.32683083415031433,0.4292343556880951,0.10240352153778076,unchanged,False
123,322,0,1,1,0.4759088158607483,0.4969204366207123,0.02101162075996399,unchanged,False
123,327,0,0,0,0.4292343556880951,0.4263794422149658,-0.0028549134731292725,unchanged,False
123,328,0,0,1,0.3627106547355652,0.5183353424072266,0.15562468767166138,worsened,True
123,331,0,0,0,0.4292343556880951,0.4292343556880951,0.0,unchanged,False
123,336,0,0,1,0.33658066391944885,0.47064632177352905,0.1340656578540802,worsened,False
123,338,0,1,0,0.47456100583076477,0.4263794422149658,-0.04818156361579895,improved,False
123,339,0,0,0,0.3260765075683594,0.377172589302063,0.05109608173370361,unchanged,False
123,340,0,0,1,0.3744898736476898,0.4969204366207123,0.12243056297302246,worsened,False
123,341,0,1,0,0.5457876920700073,0.4429996907711029,-0.10278800129890442,improved,True
123,343,0,0,1,0.4421863853931427,0.4969204366207123,0.05473405122756958,worsened,False
123,345,0,0,0,0.4292343556880951,0.42770180106163025,-0.0015325546264648438,unchanged,False
123,348,0,0,0,0.4292343556880951,0.3455684781074524,-0.0836658775806427,unchanged,True
123,349,0,0,0,0.42770180106163025,0.3635040521621704,-0.06419774889945984,unchanged,False
123,350,0,1,0,0.49356862902641296,0.32683083415031433,-0.16673779487609863,improved,False
123,352,0,1,0,0.5006927251815796,0.36370524764060974,-0.13698747754096985,improved,False
123,358,0,1,0,0.4898741841316223,0.4646417498588562,-0.025232434272766113,improved,True
123,359,0,0,0,0.33262690901756287,0.4292343556880951,0.09660744667053223,unchanged,False
123,360,0,0,1,0.30606797337532043,0.4824897050857544,0.17642173171043396,worsened,False
123,362,0,0,0,0.461528480052948,0.35901641845703125,-0.10251206159591675,unchanged,True
123,364,0,0,0,0.3862020671367645,0.32683083415031433,-0.059371232986450195,unchanged,False
123,366,0,0,1,0.42770180106163025,0.4777666926383972,0.05006489157676697,worsened,True
123,368,0,1,0,0.5457876920700073,0.37650856375694275,-0.16927912831306458,improved,True
123,371,0,0,1,0.32377734780311584,0.48561686277389526,0.16183951497077942,worsened,False
123,372,0,0,0,0.42770180106163025,0.4292343556880951,0.0015325546264648438,unchanged,False
123,382,0,0,0,0.42770180106163025,0.4292343556880951,0.0015325546264648438,unchanged,False
123,386,0,1,0,0.5457876920700073,0.3455684781074524,-0.20021921396255493,improved,True
123,391,0,0,0,0.4154282212257385,0.36439695954322815,-0.051031261682510376,unchanged,False
123,397,0,0,0,0.32683083415031433,0.4292343556880951,0.10240352153778076,unchanged,False
123,400,0,0,1,0.4437306225299835,0.4774700105190277,0.03373938798904419,worsened,True
123,401,0,0,0,0.2706175148487091,0.4418931007385254,0.17127558588981628,unchanged,True
123,403,0,0,0,0.4421863853931427,0.4292343556880951,-0.012952029705047607,unchanged,False
123,405,0,0,0,0.4630841612815857,0.4292343556880951,-0.0338498055934906,unchanged,False
123,408,0,0,0,0.42770180106163025,0.4418931007385254,0.014191299676895142,unchanged,True
123,409,0,0,0,0.42770180106163025,0.42770180106163025,0.0,unchanged,False
123,411,0,0,0,0.37745988368988037,0.33262690901756287,-0.044832974672317505,unchanged,False
123,414,0,0,0,0.3664085566997528,0.46381875872612,0.09741020202636719,unchanged,False
123,415,0,0,1,0.3051553964614868,0.4777666926383972,0.1726112961769104,worsened,True
123,417,0,0,0,0.3664085566997528,0.4441615343093872,0.0777529776096344,unchanged,False
123,418,0,0,1,0.38566893339157104,0.47620540857315063,0.09053647518157959,worsened,True
123,421,0,0,0,0.3664085566997528,0.42770180106163025,0.06129324436187744,unchanged,False
123,425,0,0,1,0.33262690901756287,0.4693859815597534,0.13675907254219055,worsened,False
123,428,0,0,0,0.4292343556880951,0.3771804869174957,-0.052053868770599365,unchanged,False
123,433,0,0,0,0.42770180106163025,0.46381875872612,0.036116957664489746,unchanged,False
123,435,0,0,0,0.3235072195529938,0.41630080342292786,0.09279358386993408,unchanged,True
123,439,0,1,0,0.49219048023223877,0.4434371292591095,-0.04875335097312927,improved,False
123,443,0,0,0,0.3629487156867981,0.42770180106163025,0.06475308537483215,unchanged,False
123,444,0,0,0,0.4292343556880951,0.4292343556880951,0.0,unchanged,False
123,445,0,0,0,0.3664085566997528,0.4292343556880951,0.06282579898834229,unchanged,False
123,451,0,0,1,0.46381875872612,0.5043469071388245,0.04052814841270447,worsened,False
123,454,0,0,0,0.42770180106163025,0.4292343556880951,0.0015325546264648438,unchanged,False
123,457,0,0,0,0.42770180106163025,0.4292343556880951,0.0015325546264648438,unchanged,False
123,460,0,0,0,0.42770180106163025,0.4292343556880951,0.0015325546264648438,unchanged,False
123,462,0,0,1,0.42770180106163025,0.4693859815597534,0.04168418049812317,worsened,False
123,465,0,0,0,0.4172416031360626,0.4418931007385254,0.02465149760246277,unchanged,True
123,469,0,0,0,0.3260765075683594,0.42770180106163025,0.10162529349327087,unchanged,False
123,471,0,0,0,0.3392641842365265,0.36599716544151306,0.026732981204986572,unchanged,False
123,472,0,0,0,0.3664085566997528,0.36599716544151306,-0.0004113912582397461,unchanged,False
123,478,0,0,0,0.3354586362838745,0.39347323775291443,0.05801460146903992,unchanged,True
123,480,0,0,0,0.3664085566997528,0.3554675579071045,-0.010940998792648315,unchanged,False
123,481,0,1,0,0.4975367784500122,0.42726796865463257,-0.07026880979537964,improved,False
123,483,0,0,0,0.42770180106163025,0.4418931007385254,0.014191299676895142,unchanged,True
123,486,0,1,0,0.4759088158607483,0.3779788315296173,-0.09792998433113098,improved,True
123,491,0,1,1,0.5345536470413208,0.4774700105190277,-0.05708363652229309,unchanged,True
123,492,0,0,0,0.4437306225299835,0.36449959874153137,-0.07923102378845215,unchanged,False
123,505,0,0,1,0.3627106547355652,0.4693859815597534,0.10667532682418823,worsened,False
123,511,0,0,0,0.3664085566997528,0.3664085566997528,0.0,unchanged,False
123,517,0,1,0,0.5457876920700073,0.3994738459587097,-0.1463138461112976,improved,False
123,524,0,0,0,0.35834455490112305,0.3994738459587097,0.04112929105758667,unchanged,False
123,525,0,1,0,0.5457876920700073,0.37949874997138977,-0.16628894209861755,improved,True
123,527,0,0,0,0.3051553964614868,0.3051553964614868,0.0,unchanged,False
123,528,0,0,0,0.31432363390922546,0.4389827251434326,0.12465909123420715,unchanged,False
123,532,0,0,0,0.38019007444381714,0.3280627131462097,-0.05212736129760742,unchanged,True
123,535,0,1,0,0.4737441837787628,0.4152255356311798,-0.05851864814758301,improved,False
123,536,0,0,0,0.31432363390922546,0.3994390070438385,0.08511537313461304,unchanged,False
123,537,0,1,0,0.4693859815597534,0.4292343556880951,-0.040151625871658325,improved,False
123,540,0,0,0,0.2718546390533447,0.4434371292591095,0.17158249020576477,unchanged,False
123,542,0,1,0,0.5559589266777039,0.4434371292591095,-0.11252179741859436,improved,False
123,547,0,0,0,0.4494544565677643,0.4434371292591095,-0.006017327308654785,unchanged,False
123,549,0,0,0,0.3051553964614868,0.46381875872612,0.15866336226463318,unchanged,False
123,557,0,0,0,0.36879444122314453,0.39576455950737,0.026970118284225464,unchanged,False
123,560,0,0,1,0.31432363390922546,0.4693859815597534,0.15506234765052795,worsened,False
123,561,0,0,0,0.4292343556880951,0.4292343556880951,0.0,unchanged,False
123,562,0,0,0,0.420107364654541,0.4434371292591095,0.02332976460456848,unchanged,False
123,563,0,0,1,0.3051553964614868,0.4693859815597534,0.1642305850982666,worsened,False
123,567,0,0,1,0.38566893339157104,0.5036083459854126,0.11793941259384155,worsened,True
123,569,0,0,0,0.3051553964614868,0.4292343556880951,0.12407895922660828,unchanged,False
123,570,0,0,1,0.28042611479759216,0.5036083459854126,0.22318223118782043,worsened,True
123,573,0,0,0,0.32683083415031433,0.3635040521621704,0.03667321801185608,unchanged,False
123,574,0,0,1,0.3782377541065216,0.4693859815597534,0.09114822745323181,worsened,False
123,575,0,0,0,0.32683083415031433,0.3635040521621704,0.03667321801185608,unchanged,False
123,576,0,0,0,0.3627106547355652,0.3635040521621704,0.0007933974266052246,unchanged,False
123,578,1,1,0,0.5277936458587646,0.39070141315460205,-0.1370922327041626,worsened,False
123,579,1,0,0,0.4390839636325836,0.4390839636325836,0.0,unchanged,True
123,581,1,1,1,0.5453482866287231,0.4664880931377411,-0.07886019349098206,unchanged,False
123,582,1,0,0,0.39427992701530457,0.3200889229774475,-0.07419100403785706,unchanged,False
123,583,1,0,0,0.44575685262680054,0.425031453371048,-0.020725399255752563,unchanged,True
123,586,1,0,1,0.4630841612815857,0.4759088158607483,0.012824654579162598,improved,True
123,589,1,1,0,0.5559589266777039,0.425031453371048,-0.13092747330665588,worsened,True
123,590,1,1,0,0.5341126322746277,0.425031453371048,-0.10908117890357971,worsened,True
123,591,1,0,1,0.4364164471626282,0.4759088158607483,0.03949236869812012,improved,True
123,593,1,1,1,0.5834545493125916,0.5311408638954163,-0.05231368541717529,unchanged,True
123,596,1,1,0,0.4759088158607483,0.46609100699424744,-0.009817808866500854,worsened,False
123,599,1,1,0,0.5345536470413208,0.3982933759689331,-0.1362602710723877,worsened,False
123,600,1,1,1,0.5022136569023132,0.5311408638954163,0.028927206993103027,unchanged,True
123,604,1,1,0,0.5341126322746277,0.425031453371048,-0.10908117890357971,worsened,True
123,609,1,1,1,0.49645164608955383,0.4774700105190277,-0.018981635570526123,unchanged,True
123,611,1,0,0,0.4292343556880951,0.425031453371048,-0.004202902317047119,unchanged,True
123,618,1,0,0,0.32683083415031433,0.43622973561286926,0.10939890146255493,unchanged,False
123,619,1,1,0,0.4990832805633545,0.461528480052948,-0.037554800510406494,worsened,True
123,620,1,1,1,0.47820228338241577,0.4759088158607483,-0.0022934675216674805,unchanged,True
123,629,1,0,1,0.3051553964614868,0.47117283940315247,0.16601744294166565,improved,False
123,631,1,1,0,0.4774700105190277,0.425031453371048,-0.052438557147979736,worsened,True
123,633,1,0,1,0.4630841612815857,0.49219048023223877,0.029106318950653076,improved,True
123,634,1,1,1,0.5198632478713989,0.4907373785972595,-0.029125869274139404,unchanged,False
123,635,1,1,0,0.5457876920700073,0.3455684781074524,-0.20021921396255493,worsened,True
123,637,1,0,0,0.34442293643951416,0.4507756531238556,0.10635271668434143,unchanged,True
123,640,1,1,1,0.5356005430221558,0.5458977818489075,0.010297238826751709,unchanged,False
123,641,1,1,1,0.5453482866287231,0.47775998711586,-0.06758829951286316,unchanged,False
123,645,1,1,0,0.47775998711586,0.3505665957927704,-0.1271933913230896,worsened,False
123,649,1,1,1,0.5341126322746277,0.46692928671836853,-0.06718334555625916,unchanged,False
123,650,1,1,0,0.5341126322746277,0.40014320611953735,-0.13396942615509033,worsened,False
123,653,1,0,0,0.4575881063938141,0.3272343873977661,-0.13035371899604797,unchanged,False
123,656,1,0,0,0.4428856074810028,0.4575881063938141,0.01470249891281128,unchanged,False
123,657,1,1,0,0.5453482866287231,0.4428856074810028,-0.10246267914772034,worsened,False
123,661,1,1,0,0.4664880931377411,0.38019007444381714,-0.08629801869392395,worsened,False
123,664,1,0,1,0.4292343556880951,0.5457876920700073,0.11655333638191223,improved,True
123,672,1,1,0,0.5453482866287231,0.42459836602211,-0.12074992060661316,worsened,True
123,673,1,1,0,0.5111486315727234,0.4646417498588562,-0.04650688171386719,worsened,True
123,677,1,0,1,0.4418931007385254,0.49062639474868774,0.048733294010162354,improved,True
123,683,1,1,1,0.5834545493125916,0.5453482866287231,-0.03810626268386841,unchanged,False
123,685,1,1,1,0.4759088158607483,0.49174749851226807,0.015838682651519775,unchanged,True
123,688,1,1,0,0.5277936458587646,0.3310040533542633,-0.19678959250450134,worsened,True
123,689,1,1,0,0.46692928671836853,0.43485814332962036,-0.03207114338874817,worsened,False
123,693,1,0,0,0.3228365480899811,0.37949874997138977,0.05666220188140869,unchanged,True
123,696,1,0,1,0.3513031005859375,0.49062639474868774,0.13932329416275024,improved,True
123,700,1,0,0,0.42459836602211,0.425031453371048,0.0004330873489379883,unchanged,True
123,702,1,0,0,0.36654186248779297,0.39151039719581604,0.02496853470802307,unchanged,False
123,705,1,1,1,0.51338130235672,0.5178927779197693,0.004511475563049316,unchanged,False
123,708,1,0,0,0.3635040521621704,0.3784429728984833,0.014938920736312866,unchanged,True
123,710,1,1,0,0.48198527097702026,0.37650856375694275,-0.10547670722007751,worsened,True
123,711,1,1,1,0.5656176805496216,0.47775998711586,-0.0878576934337616,unchanged,False
123,716,1,1,0,0.48891139030456543,0.3700041174888611,-0.11890727281570435,worsened,False
123,717,1,1,0,0.49219048023223877,0.425031453371048,-0.0671590268611908,worsened,True
123,720,1,0,0,0.3994390070438385,0.38060787320137024,-0.01883113384246826,unchanged,True
123,721,1,0,1,0.410553902387619,0.5178927779197693,0.10733887553215027,improved,False
123,722,1,1,0,0.5457876920700073,0.30940568447113037,-0.23638200759887695,worsened,False
123,724,1,0,0,0.3051553964614868,0.4109829068183899,0.10582751035690308,unchanged,True
123,726,1,1,1,0.5453482866287231,0.47775998711586,-0.06758829951286316,unchanged,False
123,727,1,0,1,0.4630841612815857,0.47620540857315063,0.013121247291564941,improved,True
123,728,1,1,0,0.5003480315208435,0.45749539136886597,-0.04285264015197754,worsened,False
123,730,1,1,0,0.49062639474868774,0.37745988368988037,-0.11316651105880737,worsened,False
123,732,1,1,1,0.5345536470413208,0.46692928671836853,-0.06762436032295227,unchanged,False
123,733,1,1,0,0.47775998711586,0.4460046887397766,-0.031755298376083374,worsened,False
123,735,1,0,0,0.34583744406700134,0.425031453371048,0.07919400930404663,unchanged,True
123,736,1,1,1,0.4935619533061981,0.49219048023223877,-0.0013714730739593506,unchanged,True
123,739,1,0,1,0.39979419112205505,0.5458977818489075,0.14610359072685242,improved,False
123,741,1,0,1,0.4392397999763489,0.5311408638954163,0.09190106391906738,improved,True
123,744,1,1,0,0.5341126322746277,0.3775622248649597,-0.15655040740966797,worsened,False
123,745,1,1,1,0.5341126322746277,0.5202344655990601,-0.013878166675567627,unchanged,False
123,747,1,1,0,0.47775998711586,0.39070141315460205,-0.08705857396125793,worsened,False
123,752,1,1,0,0.47775998711586,0.45603516697883606,-0.021724820137023926,worsened,False
123,759,1,1,0,0.5660531520843506,0.4424701929092407,-0.12358295917510986,worsened,False
123,760,1,1,0,0.5453482866287231,0.3180846571922302,-0.22726362943649292,worsened,True
123,761,1,0,0,0.42459836602211,0.37949874997138977,-0.045099616050720215,unchanged,True
123,762,1,0,0,0.3627106547355652,0.37949874997138977,0.016788095235824585,unchanged,True
123,766,1,0,1,0.350899338722229,0.4982704520225525,0.1473711133003235,improved,False
123,777,1,1,1,0.5656176805496216,0.49647730588912964,-0.06914037466049194,unchanged,False
123,780,1,1,0,0.47775998711586,0.3310040533542633,-0.14675593376159668,worsened,True
123,781,1,1,0,0.47775998711586,0.3767562806606293,-0.10100370645523071,worsened,False
123,782,1,0,0,0.3310040533542633,0.3310040533542633,0.0,unchanged,True
123,786,1,0,0,0.31432363390922546,0.45461055636405945,0.14028692245483398,unchanged,False
123,787,1,1,1,0.5656176805496216,0.5335527062416077,-0.032064974308013916,unchanged,False
123,791,1,0,0,0.4441615343093872,0.3775622248649597,-0.06659930944442749,unchanged,False
123,792,1,1,0,0.4982704520225525,0.3180846571922302,-0.18018579483032227,worsened,True
123,793,1,1,0,0.5660531520843506,0.34942975640296936,-0.21662339568138123,worsened,True
123,796,1,1,0,0.5656176805496216,0.3970414698123932,-0.1685762107372284,worsened,False
123,797,1,1,0,0.5559589266777039,0.42459836602211,-0.13136056065559387,worsened,True
123,799,1,0,0,0.350899338722229,0.34942975640296936,-0.0014695823192596436,unchanged,True
123,801,1,0,0,0.34119507670402527,0.4592958986759186,0.11810082197189331,unchanged,False
123,804,1,1,0,0.5559589266777039,0.3903006315231323,-0.16565829515457153,worsened,False
123,806,1,1,1,0.48242461681365967,0.4664880931377411,-0.01593652367591858,unchanged,False
123,808,1,1,0,0.47775998711586,0.3775622248649597,-0.10019776225090027,worsened,False
123,810,1,0,0,0.3322335481643677,0.37949874997138977,0.047265201807022095,unchanged,True
123,811,1,1,0,0.5339937806129456,0.42795097827911377,-0.10604280233383179,worsened,True
123,812,1,0,0,0.31432363390922546,0.3361525535583496,0.021828919649124146,unchanged,True
123,813,1,0,1,0.32716357707977295,0.4891538918018341,0.16199031472206116,improved,False
123,817,1,0,0,0.425031453371048,0.3411845862865448,-0.08384686708450317,unchanged,False
123,818,1,1,0,0.5453482866287231,0.42459836602211,-0.12074992060661316,worsened,True
123,820,1,1,0,0.49303507804870605,0.3280627131462097,-0.16497236490249634,worsened,True
123,821,1,1,0,0.5656176805496216,0.34942975640296936,-0.21618792414665222,worsened,True
123,827,1,0,0,0.3623010218143463,0.38964805006980896,0.027347028255462646,unchanged,True
123,830,0,0,1,0.36890754103660583,0.4693859815597534,0.10047844052314758,worsened,False
123,831,0,0,1,0.31432363390922546,0.4685315787792206,0.15420794486999512,worsened,False
123,834,0,0,0,0.36484986543655396,0.42413339018821716,0.05928352475166321,unchanged,False
123,837,0,0,0,0.41593828797340393,0.3849605917930603,-0.030977696180343628,unchanged,False
123,838,0,0,0,0.31432363390922546,0.42839404940605164,0.11407041549682617,unchanged,False
123,840,0,0,0,0.3513031005859375,0.3627106547355652,0.011407554149627686,unchanged,False
123,846,0,1,0,0.5337438583374023,0.43449437618255615,-0.09924948215484619,improved,False
123,850,0,1,0,0.5341126322746277,0.36947980523109436,-0.16463282704353333,improved,False
123,854,0,0,1,0.4166686534881592,0.49356862902641296,0.07689997553825378,worsened,False
123,859,0,0,0,0.4191504418849945,0.44056063890457153,0.021410197019577026,unchanged,True
123,862,0,1,1,0.49219048023223877,0.49062639474868774,-0.0015640854835510254,unchanged,True
123,863,0,0,1,0.3260765075683594,0.49174749851226807,0.1656709909439087,worsened,True
123,865,0,0,0,0.3260765075683594,0.3260765075683594,0.0,unchanged,False
123,866,0,0,0,0.3664085566997528,0.3260765075683594,-0.04033204913139343,unchanged,False
123,867,0,1,0,0.47775998711586,0.410553902387619,-0.06720608472824097,improved,False
123,868,0,0,0,0.3260765075683594,0.3260765075683594,0.0,unchanged,False
123,872,0,1,1,0.47775998711586,0.49174749851226807,0.013987511396408081,unchanged,True
123,874,0,0,1,0.4433229863643646,0.49062639474868774,0.04730340838432312,worsened,True
123,878,0,0,0,0.4292343556880951,0.36495691537857056,-0.06427744030952454,unchanged,False
123,880,0,0,0,0.37949874997138977,0.427960067987442,0.048461318016052246,unchanged,False
123,881,0,0,0,0.45867741107940674,0.3388925790786743,-0.11978483200073242,unchanged,False
123,884,0,0,0,0.3623010218143463,0.3310040533542633,-0.03129696846008301,unchanged,True
123,887,0,0,0,0.4601856470108032,0.43901872634887695,-0.02116692066192627,unchanged,False
123,888,0,0,0,0.39955344796180725,0.37977880239486694,-0.019774645566940308,unchanged,False
123,889,0,0,0,0.3799162209033966,0.37949874997138977,-0.00041747093200683594,unchanged,True
123,890,0,0,0,0.3260765075683594,0.4109829068183899,0.08490639925003052,unchanged,True
123,897,0,0,0,0.3623010218143463,0.4425905644893646,0.08028954267501831,unchanged,True
123,901,0,0,1,0.29654666781425476,0.47411903738975525,0.1775723695755005,worsened,False
123,904,0,0,0,0.3627106547355652,0.3664085566997528,0.003697901964187622,unchanged,False
123,905,0,0,0,0.4191504418849945,0.3180846571922302,-0.10106578469276428,unchanged,True
123,908,0,0,0,0.3260765075683594,0.40204495191574097,0.07596844434738159,unchanged,False
123,909,0,0,0,0.3627106547355652,0.3627106547355652,0.0,unchanged,False
123,910,0,0,0,0.3174102306365967,0.3627106547355652,0.045300424098968506,unchanged,False
123,911,0,1,1,0.49200439453125,0.542166531085968,0.05016213655471802,unchanged,False
123,912,0,0,1,0.38019639253616333,0.4777666926383972,0.09757030010223389,worsened,True
123,915,0,1,0,0.5111486315727234,0.4447702467441559,-0.0663783848285675,improved,True
123,916,0,0,0,0.3627106547355652,0.377172589302063,0.014461934566497803,unchanged,False
123,919,0,0,0,0.43928688764572144,0.38060787320137024,-0.058679014444351196,unchanged,True
123,920,0,0,0,0.3571704626083374,0.399013876914978,0.041843414306640625,unchanged,True
123,922,0,0,0,0.3510955572128296,0.34942975640296936,-0.0016658008098602295,unchanged,True
123,924,0,0,1,0.3395307958126068,0.49200439453125,0.1524735987186432,worsened,False
123,926,0,0,1,0.30067455768585205,0.47411903738975525,0.1734444797039032,worsened,False
123,936,0,0,0,0.2718546390533447,0.38566893339157104,0.11381429433822632,unchanged,False
123,937,0,1,0,0.5031652450561523,0.4247782528400421,-0.07838699221611023,improved,False
123,938,0,1,0,0.594403862953186,0.34159359335899353,-0.2528102695941925,improved,True
123,940,0,1,0,0.49871352314949036,0.3266240656375885,-0.17208945751190186,improved,True
123,943,0,0,0,0.3260765075683594,0.2834358811378479,-0.042640626430511475,unchanged,False
123,944,0,0,0,0.40485188364982605,0.3632865846157074,-0.04156529903411865,unchanged,False
123,947,0,1,0,0.4982704520225525,0.3256789743900299,-0.17259147763252258,improved,False
123,952,0,1,0,0.48089170455932617,0.3455684781074524,-0.13532322645187378,improved,True
123,953,0,1,0,0.47775998711586,0.4292277693748474,-0.04853221774101257,improved,False
123,954,0,0,0,0.3180846571922302,0.2718546390533447,-0.0462300181388855,unchanged,False
123,956,0,0,0,0.3997178077697754,0.42795097827911377,0.02823317050933838,unchanged,True
123,957,0,0,1,0.4437306225299835,0.5036083459854126,0.05987772345542908,worsened,True
123,959,0,0,0,0.36495691537857056,0.34159359335899353,-0.023363322019577026,unchanged,True
123,960,0,0,0,0.31432363390922546,0.30606797337532043,-0.00825566053390503,unchanged,False
123,962,0,1,0,0.5457876920700073,0.34159359335899353,-0.2041940987110138,improved,True
123,965,0,0,1,0.3513031005859375,0.5036083459854126,0.1523052453994751,worsened,True
123,968,0,0,0,0.3260765075683594,0.34159359335899353,0.015517085790634155,unchanged,True
123,970,0,1,0,0.5457876920700073,0.3228365480899811,-0.22295114398002625,improved,False
123,971,0,0,1,0.3784429728984833,0.5036083459854126,0.12516537308692932,worsened,True
123,975,0,0,0,0.2718546390533447,0.3051553964614868,0.03330075740814209,unchanged,False
123,983,0,0,0,0.31432363390922546,0.3051553964614868,-0.009168237447738647,unchanged,False
123,986,0,0,0,0.3051553964614868,0.3799162209033966,0.07476082444190979,unchanged,True
123,992,0,0,0,0.3228365480899811,0.40485188364982605,0.08201533555984497,unchanged,False
123,993,0,1,0,0.5146160125732422,0.40485188364982605,-0.10976412892341614,improved,False
123,995,0,0,0,0.31432363390922546,0.3051553964614868,-0.009168237447738647,unchanged,False
123,996,0,0,0,0.31432363390922546,0.3051553964614868,-0.009168237447738647,unchanged,False
123,998,0,1,0,0.4998849630355835,0.40485188364982605,-0.09503307938575745,improved,False
123,1000,0,0,0,0.31432363390922546,0.3051553964614868,-0.009168237447738647,unchanged,False
123,1002,0,0,0,0.3256789743900299,0.40485188364982605,0.07917290925979614,unchanged,False
123,1004,0,0,0,0.3726806640625,0.40485188364982605,0.03217121958732605,unchanged,False
123,1007,0,0,0,0.3051553964614868,0.40485188364982605,0.09969648718833923,unchanged,False
123,1009,0,0,0,0.34159359335899353,0.40485188364982605,0.06325829029083252,unchanged,False
123,1010,0,0,0,0.3627106547355652,0.3051553964614868,-0.05755525827407837,unchanged,False
123,1011,1,0,0,0.4227680563926697,0.3610348403453827,-0.06173321604728699,unchanged,True
2026,4,0,1,0,0.5422754287719727,0.34336864948272705,-0.1989067792892456,improved,False
2026,7,0,1,0,0.5069945454597473,0.39146482944488525,-0.11552971601486206,improved,False
2026,9,0,0,0,0.33331140875816345,0.39146482944488525,0.0581534206867218,unchanged,False
2026,11,0,0,0,0.41736775636672974,0.31214505434036255,-0.10522270202636719,unchanged,True
2026,15,0,1,1,0.5486699938774109,0.5092155337333679,-0.03945446014404297,unchanged,False
2026,16,0,1,0,0.4324581027030945,0.3976258933544159,-0.03483220934867859,improved,False
2026,21,0,1,0,0.5088797211647034,0.31376686692237854,-0.19511285424232483,improved,True
2026,24,0,1,0,0.4458152949810028,0.39146482944488525,-0.054350465536117554,improved,False
2026,29,0,1,0,0.43338778614997864,0.32760488986968994,-0.1057828962802887,improved,False
2026,32,0,0,0,0.42798465490341187,0.39146482944488525,-0.03651982545852661,unchanged,False
2026,33,0,1,0,0.4629630744457245,0.3177095055580139,-0.14525356888771057,improved,True
2026,35,0,1,0,0.5022940039634705,0.3904438614845276,-0.11185014247894287,improved,False
2026,36,0,1,0,0.43338778614997864,0.39146482944488525,-0.041922956705093384,improved,False
2026,39,0,1,0,0.4350641965866089,0.32760488986968994,-0.10745930671691895,improved,False
2026,41,0,1,0,0.4571300446987152,0.35956546664237976,-0.09756457805633545,improved,False
2026,42,0,0,0,0.39146482944488525,0.3976258933544159,0.00616106390953064,unchanged,False
2026,43,0,0,1,0.4227210581302643,0.5088797211647034,0.08615866303443909,worsened,False
2026,45,0,1,1,0.43342509865760803,0.5088797211647034,0.07545462250709534,unchanged,False
2026,53,0,1,0,0.4617628753185272,0.4192030131816864,-0.04255986213684082,improved,True
2026,54,0,1,0,0.5232132077217102,0.4192030131816864,-0.1040101945400238,improved,True
2026,55,0,0,1,0.28118327260017395,0.5088797211647034,0.22769644856452942,worsened,False
2026,56,0,0,0,0.4192030131816864,0.4192030131816864,0.0,unchanged,True
2026,58,0,1,0,0.5134397149085999,0.4192030131816864,-0.09423670172691345,improved,True
2026,60,0,1,1,0.5088797211647034,0.5088797211647034,0.0,unchanged,False
2026,62,0,0,1,0.4287634789943695,0.524301290512085,0.09553781151771545,worsened,False
2026,65,0,0,0,0.28916314244270325,0.4192030131816864,0.13003987073898315,unchanged,True
2026,67,0,1,1,0.5024327039718628,0.5024327039718628,0.0,unchanged,True
2026,71,0,0,0,0.32681843638420105,0.41103267669677734,0.0842142403125763,unchanged,False
2026,72,0,0,0,0.37133732438087463,0.407218873500824,0.03588154911994934,unchanged,False
2026,74,0,0,0,0.29743143916130066,0.42220816016197205,0.12477672100067139,unchanged,False
2026,79,0,0,1,0.39461058378219604,0.6078603863716125,0.2132498025894165,worsened,False
2026,84,0,1,1,0.48340508341789246,0.49685946106910706,0.0134543776512146,unchanged,False
2026,86,0,0,1,0.43230196833610535,0.5188448429107666,0.08654287457466125,worsened,False
2026,87,0,0,0,0.28916314244270325,0.32241955399513245,0.0332564115524292,unchanged,False
2026,90,0,0,0,0.35987845063209534,0.35956546664237976,-0.00031298398971557617,unchanged,False
2026,91,0,1,0,0.5892196297645569,0.373485267162323,-0.2157343626022339,improved,False
2026,92,0,0,0,0.32681843638420105,0.4258827567100525,0.09906432032585144,unchanged,False
2026,97,0,0,0,0.30125898122787476,0.3467651605606079,0.045506179332733154,unchanged,False
2026,98,0,0,0,0.32681843638420105,0.3268107771873474,-7.659196853637695e-06,unchanged,False
2026,100,0,1,0,0.43452420830726624,0.4060046076774597,-0.02851960062980652,improved,False
2026,103,0,1,0,0.44211748242378235,0.41103267669677734,-0.031084805727005005,improved,False
2026,104,0,1,0,0.48340508341789246,0.35210326313972473,-0.13130182027816772,improved,False
2026,107,0,1,0,0.4629630744457245,0.3637785315513611,-0.0991845428943634,improved,False
2026,109,0,0,0,0.3354889750480652,0.4167020320892334,0.08121305704116821,unchanged,False
2026,112,0,0,1,0.3354889750480652,0.4324847459793091,0.0969957709312439,worsened,False
2026,113,0,0,0,0.3552694022655487,0.33737891912460327,-0.017890483140945435,unchanged,True
2026,114,0,0,0,0.4287634789943695,0.3266546428203583,-0.10210883617401123,unchanged,False
2026,116,0,1,0,0.5873191952705383,0.373485267162323,-0.21383392810821533,improved,False
2026,117,0,0,0,0.29743143916130066,0.43230196833610535,0.1348705291748047,unchanged,False
2026,121,0,0,0,0.3482649028301239,0.29170089960098267,-0.056564003229141235,unchanged,True
2026,126,0,1,0,0.4375273287296295,0.30488070845603943,-0.1326466202735901,improved,False
2026,127,0,0,0,0.28931623697280884,0.30462321639060974,0.015306979417800903,unchanged,False
2026,129,0,1,0,0.47591784596443176,0.3871482312679291,-0.08876961469650269,improved,False
2026,135,0,0,0,0.41103267669677734,0.39659932255744934,-0.014433354139328003,unchanged,True
2026,136,0,0,0,0.41103267669677734,0.38599860668182373,-0.025034070014953613,unchanged,False
2026,137,0,0,0,0.3354889750480652,0.32225683331489563,-0.013232141733169556,unchanged,True
2026,139,0,0,1,0.4287634789943695,0.43431028723716736,0.0055468082427978516,worsened,False
2026,144,0,0,0,0.29743143916130066,0.32241955399513245,0.024988114833831787,unchanged,False
2026,145,0,1,0,0.44211748242378235,0.407218873500824,-0.034898608922958374,improved,False
2026,146,0,0,0,0.3420666754245758,0.32681843638420105,-0.015248239040374756,unchanged,False
2026,147,0,0,0,0.32681843638420105,0.37133732438087463,0.044518887996673584,unchanged,False
2026,148,0,0,1,0.36532723903656006,0.4324847459793091,0.06715750694274902,worsened,False
2026,150,0,0,0,0.34659647941589355,0.3266546428203583,-0.01994183659553528,unchanged,False
2026,152,0,0,0,0.32365408539772034,0.3181031346321106,-0.005550950765609741,unchanged,False
2026,159,0,0,0,0.3181031346321106,0.32681843638420105,0.008715301752090454,unchanged,False
2026,161,0,0,0,0.3181031346321106,0.41103267669677734,0.09292954206466675,unchanged,False
2026,162,0,0,0,0.41103267669677734,0.34519562125205994,-0.06583705544471741,unchanged,False
2026,168,0,0,0,0.32681843638420105,0.4061841666698456,0.07936573028564453,unchanged,True
2026,169,0,0,0,0.3354889750480652,0.407218873500824,0.07172989845275879,unchanged,False
2026,172,0,0,0,0.4227210581302643,0.4289458692073822,0.00622481107711792,unchanged,False
2026,173,0,0,0,0.3482649028301239,0.41103267669677734,0.06276777386665344,unchanged,False
2026,178,0,0,0,0.3181031346321106,0.3266546428203583,0.00855150818824768,unchanged,False
2026,179,0,0,0,0.3266546428203583,0.3266546428203583,0.0,unchanged,False
2026,180,0,0,0,0.407039076089859,0.3272151052951813,-0.07982397079467773,unchanged,False
2026,182,0,0,0,0.3266546428203583,0.407039076089859,0.08038443326950073,unchanged,False
2026,183,0,0,0,0.42605289816856384,0.3641987442970276,-0.061854153871536255,unchanged,False
2026,191,0,0,0,0.407039076089859,0.3272151052951813,-0.07982397079467773,unchanged,False
2026,196,0,0,0,0.3266546428203583,0.407039076089859,0.08038443326950073,unchanged,False
2026,197,0,0,0,0.28916314244270325,0.32681843638420105,0.0376552939414978,unchanged,False
2026,200,0,0,0,0.3266546428203583,0.3266546428203583,0.0,unchanged,False
2026,201,0,0,0,0.35151952505111694,0.4273846447467804,0.07586511969566345,unchanged,False
2026,202,0,0,0,0.3266546428203583,0.3272151052951813,0.000560462474822998,unchanged,False
2026,206,0,0,0,0.3266546428203583,0.3272151052951813,0.000560462474822998,unchanged,False
2026,207,0,0,0,0.407039076089859,0.407039076089859,0.0,unchanged,False
2026,208,0,0,0,0.407039076089859,0.407039076089859,0.0,unchanged,False
2026,213,0,0,0,0.3324473798274994,0.4227210581302643,0.09027367830276489,unchanged,False
2026,216,0,0,0,0.35097604990005493,0.32241955399513245,-0.028556495904922485,unchanged,False
2026,218,0,0,0,0.32681843638420105,0.32681843638420105,0.0,unchanged,False
2026,220,0,0,0,0.32681843638420105,0.4227210581302643,0.09590262174606323,unchanged,False
2026,225,0,0,0,0.37133732438087463,0.32681843638420105,-0.044518887996673584,unchanged,False
2026,227,0,1,0,0.44211748242378235,0.43230196833610535,-0.009815514087677002,improved,False
2026,228,0,0,0,0.40679797530174255,0.3608839213848114,-0.04591405391693115,unchanged,False
2026,231,0,0,0,0.32681843638420105,0.3467651605606079,0.01994672417640686,unchanged,False
2026,232,0,0,0,0.32681843638420105,0.37133732438087463,0.044518887996673584,unchanged,False
2026,239,0,0,0,0.34714075922966003,0.4061841666698456,0.05904340744018555,unchanged,True
2026,242,0,0,0,0.3324473798274994,0.32681843638420105,-0.00562894344329834,unchanged,False
2026,243,0,0,0,0.32681843638420105,0.32241955399513245,-0.0043988823890686035,unchanged,False
2026,244,0,0,0,0.32681843638420105,0.32681843638420105,0.0,unchanged,False
2026,249,0,0,0,0.29743143916130066,0.3422342836856842,0.044802844524383545,unchanged,True
2026,250,0,1,0,0.44307741522789,0.3406745195388794,-0.10240289568901062,improved,False
2026,251,0,0,1,0.37730324268341064,0.46160703897476196,0.08430379629135132,worsened,False
2026,253,0,0,0,0.32681843638420105,0.407218873500824,0.08040043711662292,unchanged,False
2026,254,0,0,0,0.32681843638420105,0.32681843638420105,0.0,unchanged,False
2026,263,0,0,0,0.3134002685546875,0.37683549523353577,0.06343522667884827,unchanged,False
2026,264,0,0,0,0.41103267669677734,0.42116251587867737,0.010129839181900024,unchanged,False
2026,269,0,0,0,0.3354889750480652,0.32681843638420105,-0.008670538663864136,unchanged,False
2026,270,0,0,0,0.3181031346321106,0.32681843638420105,0.008715301752090454,unchanged,False
2026,271,0,0,0,0.3471735417842865,0.3422342836856842,-0.004939258098602295,unchanged,True
2026,272,0,0,0,0.32681843638420105,0.32681843638420105,0.0,unchanged,False
2026,274,0,0,0,0.41103267669677734,0.32681843638420105,-0.0842142403125763,unchanged,False
2026,276,0,0,0,0.41234275698661804,0.3320055902004242,-0.08033716678619385,unchanged,False
2026,279,0,0,0,0.28916314244270325,0.35110047459602356,0.06193733215332031,unchanged,True
2026,280,0,0,0,0.29743143916130066,0.33605703711509705,0.03862559795379639,unchanged,False
2026,281,0,0,0,0.3354889750480652,0.32681843638420105,-0.008670538663864136,unchanged,False
2026,282,0,1,1,0.49186187982559204,0.4328145980834961,-0.05904728174209595,unchanged,False
2026,283,0,1,1,0.44211748242378235,0.4324847459793091,-0.009632736444473267,unchanged,False
2026,285,0,0,0,0.3308154344558716,0.32681843638420105,-0.003996998071670532,unchanged,False
2026,290,0,0,0,0.4289492070674896,0.407218873500824,-0.02173033356666565,unchanged,False
2026,292,0,0,0,0.32116955518722534,0.3666655719280243,0.04549601674079895,unchanged,True
2026,297,0,0,0,0.4289492070674896,0.32365408539772034,-0.10529512166976929,unchanged,False
2026,299,0,0,0,0.3525576591491699,0.430583119392395,0.0780254602432251,unchanged,True
2026,303,0,1,1,0.4382571578025818,0.4324847459793091,-0.005772411823272705,unchanged,False
2026,308,0,1,0,0.44211748242378235,0.35110047459602356,-0.09101700782775879,improved,True
2026,310,0,0,0,0.3464193046092987,0.32681843638420105,-0.019600868225097656,unchanged,False
2026,312,0,1,1,0.43856072425842285,0.4324847459793091,-0.0060759782791137695,unchanged,False
2026,314,0,0,0,0.38447001576423645,0.3422342836856842,-0.042235732078552246,unchanged,True
2026,320,0,0,0,0.29743143916130066,0.3467651605606079,0.04933372139930725,unchanged,False
2026,321,0,0,0,0.28931623697280884,0.32681843638420105,0.03750219941139221,unchanged,False
2026,322,0,1,0,0.459197998046875,0.36880236864089966,-0.09039562940597534,improved,False
2026,327,0,0,0,0.3354889750480652,0.355685293674469,0.02019631862640381,unchanged,False
2026,328,0,0,1,0.407039076089859,0.47063660621643066,0.06359753012657166,worsened,True
2026,331,0,0,0,0.32681843638420105,0.32681843638420105,0.0,unchanged,False
2026,336,0,0,0,0.32365408539772034,0.35052254796028137,0.026868462562561035,unchanged,False
2026,338,0,0,0,0.40135321021080017,0.355685293674469,-0.04566791653633118,unchanged,False
2026,339,0,1,0,0.44211748242378235,0.3420666754245758,-0.10005080699920654,improved,False
2026,340,0,0,0,0.4061841666698456,0.36880236864089966,-0.03738179802894592,unchanged,False
2026,341,0,1,0,0.4968772828578949,0.32641923427581787,-0.17045804858207703,improved,True
2026,343,0,0,0,0.43230199813842773,0.36880236864089966,-0.06349962949752808,unchanged,False
2026,345,0,0,0,0.34054848551750183,0.41103267669677734,0.07048419117927551,unchanged,False
2026,348,0,0,0,0.32681843638420105,0.2852082848548889,-0.041610151529312134,unchanged,True
2026,349,0,0,1,0.42116251587867737,0.5188448429107666,0.09768232703208923,worsened,False
2026,350,0,0,1,0.41566020250320435,0.4324847459793091,0.016824543476104736,worsened,False
2026,352,0,1,0,0.49578675627708435,0.34659647941589355,-0.1491902768611908,improved,False
2026,358,0,0,0,0.41186025738716125,0.39399540424346924,-0.017864853143692017,unchanged,True
2026,359,0,0,0,0.35097604990005493,0.32681843638420105,-0.024157613515853882,unchanged,False
2026,360,0,0,0,0.3192775845527649,0.373485267162323,0.054207682609558105,unchanged,False
2026,362,0,0,0,0.28931623697280884,0.2979639768600464,0.008647739887237549,unchanged,True
2026,364,0,1,1,0.4918432831764221,0.4324847459793091,-0.05935853719711304,unchanged,False
2026,366,0,0,0,0.28931623697280884,0.3858656585216522,0.09654942154884338,unchanged,True
2026,368,0,1,0,0.4525511860847473,0.42789584398269653,-0.02465534210205078,improved,True
2026,371,0,0,0,0.4227210581302643,0.3134002685546875,-0.10932078957557678,unchanged,False
2026,372,0,0,0,0.3691663146018982,0.32681843638420105,-0.042347878217697144,unchanged,False
2026,382,0,0,0,0.3324473798274994,0.32681843638420105,-0.00562894344329834,unchanged,False
2026,386,0,0,0,0.3482649028301239,0.2852082848548889,-0.06305661797523499,unchanged,True
2026,391,0,0,0,0.2563456892967224,0.29458191990852356,0.03823623061180115,unchanged,False
2026,397,0,1,0,0.44211748242378235,0.32681843638420105,-0.1152990460395813,improved,False
2026,400,0,0,0,0.41103267669677734,0.3666655719280243,-0.04436710476875305,unchanged,True
2026,401,0,0,0,0.3976258933544159,0.4061841666698456,0.008558273315429688,unchanged,True
2026,403,0,0,0,0.4061841666698456,0.32681843638420105,-0.07936573028564453,unchanged,False
2026,405,0,0,0,0.34054848551750183,0.32681843638420105,-0.013730049133300781,unchanged,False
2026,408,0,0,0,0.4061841666698456,0.4061841666698456,0.0,unchanged,True
2026,409,0,0,0,0.32365408539772034,0.41103267669677734,0.087378591299057,unchanged,False
2026,411,0,0,0,0.4289458692073822,0.28931623697280884,-0.13962963223457336,unchanged,False
2026,414,0,0,0,0.3308154344558716,0.3324473798274994,0.0016319453716278076,unchanged,False
2026,415,0,0,0,0.39146482944488525,0.3858656585216522,-0.005599170923233032,unchanged,True
2026,417,0,0,0,0.32365408539772034,0.40461376309394836,0.08095967769622803,unchanged,False
2026,418,0,0,1,0.32321831583976746,0.4745688736438751,0.15135055780410767,worsened,True
2026,421,0,0,0,0.4227210581302643,0.41103267669677734,-0.011688381433486938,unchanged,False
2026,425,0,0,0,0.41103267669677734,0.407218873500824,-0.003813803195953369,unchanged,False
2026,428,0,0,0,0.37832897901535034,0.3268107771873474,-0.05151820182800293,unchanged,False
2026,433,0,0,0,0.4205416738986969,0.3324473798274994,-0.08809429407119751,unchanged,False
2026,435,0,1,0,0.5186589360237122,0.4271017909049988,-0.09155714511871338,improved,True
2026,439,0,1,0,0.49186187982559204,0.32241955399513245,-0.1694423258304596,improved,False
2026,443,0,0,0,0.35097604990005493,0.41103267669677734,0.06005662679672241,unchanged,False
2026,444,0,0,0,0.32681843638420105,0.32681843638420105,0.0,unchanged,False
2026,445,0,0,0,0.32681843638420105,0.32681843638420105,0.0,unchanged,False
2026,451,0,0,0,0.3324473798274994,0.4133821725845337,0.0809347927570343,unchanged,False
2026,454,0,0,0,0.3324473798274994,0.32681843638420105,-0.00562894344329834,unchanged,False
2026,457,0,0,0,0.35097604990005493,0.32681843638420105,-0.024157613515853882,unchanged,False
2026,460,0,0,0,0.4172130823135376,0.32681843638420105,-0.09039464592933655,unchanged,False
2026,462,0,1,0,0.459197998046875,0.407218873500824,-0.051979124546051025,improved,False
2026,465,0,0,0,0.2566918730735779,0.4061841666698456,0.1494922935962677,unchanged,True
2026,469,0,0,0,0.34659647941589355,0.41103267669677734,0.06443619728088379,unchanged,False
2026,471,0,1,0,0.5193039178848267,0.3220747113227844,-0.19722920656204224,improved,False
2026,472,0,0,0,0.4037429094314575,0.3220747113227844,-0.0816681981086731,unchanged,False
2026,478,0,1,0,0.5346974730491638,0.33124521374702454,-0.20345225930213928,improved,True
2026,480,0,1,0,0.44235631823539734,0.4205995500087738,-0.021756768226623535,improved,False
2026,481,0,0,0,0.3964877426624298,0.4154575765132904,0.018969833850860596,unchanged,False
2026,483,0,0,0,0.3968457281589508,0.4061841666698456,0.009338438510894775,unchanged,True
2026,486,0,1,0,0.48144590854644775,0.3422342836856842,-0.13921162486076355,improved,True
2026,491,0,1,0,0.4695684313774109,0.3666655719280243,-0.1029028594493866,improved,True
2026,492,0,0,0,0.32681843638420105,0.3467651605606079,0.01994672417640686,unchanged,False
2026,505,0,0,0,0.40200498700141907,0.407218873500824,0.005213886499404907,unchanged,False
2026,511,0,0,0,0.3322821259498596,0.3181031346321106,-0.014178991317749023,unchanged,False
2026,517,0,1,0,0.49186187982559204,0.32365408539772034,-0.1682077944278717,improved,False
2026,524,0,0,0,0.32365408539772034,0.32365408539772034,0.0,unchanged,False
2026,525,0,1,0,0.433257132768631,0.3177095055580139,-0.11554762721061707,improved,True
2026,527,0,0,1,0.4227210581302643,0.5088797211647034,0.08615866303443909,worsened,False
2026,528,0,0,0,0.41293686628341675,0.4037429094314575,-0.009193956851959229,unchanged,False
2026,532,0,0,0,0.4321863055229187,0.29648876190185547,-0.13569754362106323,unchanged,True
2026,535,0,1,0,0.5064465403556824,0.39146482944488525,-0.11498171091079712,improved,False
2026,536,0,0,0,0.41293686628341675,0.31884491443634033,-0.09409195184707642,unchanged,False
2026,537,0,0,0,0.32681843638420105,0.32681843638420105,0.0,unchanged,False
2026,540,0,1,0,0.4324847459793091,0.32241955399513245,-0.11006519198417664,improved,False
2026,542,0,1,0,0.5544779896736145,0.32241955399513245,-0.23205843567848206,improved,False
2026,547,0,0,0,0.41103267669677734,0.32241955399513245,-0.0886131227016449,unchanged,False
2026,549,0,0,0,0.42598357796669006,0.3324473798274994,-0.09353619813919067,unchanged,False
2026,557,0,0,1,0.407039076089859,0.5674712657928467,0.16043218970298767,worsened,False
2026,560,0,0,0,0.3181031346321106,0.407218873500824,0.08911573886871338,unchanged,False
2026,561,0,0,0,0.35097604990005493,0.32681843638420105,-0.024157613515853882,unchanged,False
2026,562,0,0,0,0.3968457281589508,0.32241955399513245,-0.07442617416381836,unchanged,False
2026,563,0,0,0,0.41159793734550476,0.407218873500824,-0.004379063844680786,unchanged,False
2026,567,0,1,1,0.5408626794815063,0.4552827477455139,-0.08557993173599243,unchanged,True
2026,569,0,0,0,0.3354889750480652,0.32681843638420105,-0.008670538663864136,unchanged,False
2026,570,0,0,1,0.3266546428203583,0.4552827477455139,0.12862810492515564,worsened,True
2026,573,0,0,1,0.32681843638420105,0.5188448429107666,0.19202640652656555,worsened,False
2026,574,0,0,0,0.4069027304649353,0.407218873500824,0.0003161430358886719,unchanged,False
2026,575,0,0,1,0.4227210581302643,0.5188448429107666,0.09612378478050232,worsened,False
2026,576,0,1,1,0.4925884008407593,0.5188448429107666,0.026256442070007324,unchanged,False
2026,578,1,1,0,0.490771621465683,0.3446508049964905,-0.1461208164691925,worsened,False
2026,579,1,0,0,0.329361230134964,0.29170089960098267,-0.03766033053398132,unchanged,True
2026,581,1,1,0,0.5544779896736145,0.39680060744285583,-0.15767738223075867,worsened,False
2026,582,1,1,0,0.5486699938774109,0.37390822172164917,-0.17476177215576172,worsened,False
2026,583,1,1,0,0.5873191952705383,0.40240174531936646,-0.18491744995117188,worsened,True
2026,586,1,0,1,0.3181031346321106,0.4542195498943329,0.1361164152622223,improved,True
2026,589,1,1,0,0.5200355648994446,0.40240174531936646,-0.11763381958007812,worsened,True
2026,590,1,1,0,0.4571300446987152,0.40240174531936646,-0.054728299379348755,worsened,True
2026,591,1,0,1,0.4192030131816864,0.4542195498943329,0.035016536712646484,improved,True
2026,593,1,1,0,0.441849023103714,0.41551029682159424,-0.02633872628211975,worsened,True
2026,596,1,1,1,0.459197998046875,0.4693864583969116,0.010188460350036621,unchanged,False
2026,599,1,0,0,0.4199501574039459,0.41551142930984497,-0.004438728094100952,unchanged,False
2026,600,1,1,0,0.5027299523353577,0.41551029682159424,-0.08721965551376343,worsened,True
2026,604,1,1,0,0.4571300446987152,0.40240174531936646,-0.054728299379348755,worsened,True
2026,609,1,0,0,0.41234275698661804,0.3666655719280243,-0.04567718505859375,unchanged,True
2026,611,1,0,0,0.3354889750480652,0.40240174531936646,0.06691277027130127,unchanged,True
2026,618,1,1,1,0.44770166277885437,0.47750842571258545,0.02980676293373108,unchanged,False
2026,619,1,0,1,0.3562692105770111,0.459197998046875,0.10292878746986389,improved,True
2026,620,1,1,1,0.592998743057251,0.4542195498943329,-0.1387791931629181,unchanged,True
2026,629,1,0,1,0.3266546428203583,0.49880361557006836,0.17214897274971008,improved,False
2026,631,1,0,0,0.32681843638420105,0.40240174531936646,0.0755833089351654,unchanged,True
2026,633,1,0,0,0.3324473798274994,0.381121963262558,0.048674583435058594,unchanged,True
2026,634,1,1,1,0.44622308015823364,0.48416826128959656,0.037945181131362915,unchanged,False
2026,635,1,1,0,0.49186187982559204,0.2852082848548889,-0.20665359497070312,worsened,True
2026,637,1,1,1,0.4324847459793091,0.49293357133865356,0.06044882535934448,unchanged,True
2026,640,1,1,1,0.43304145336151123,0.44498759508132935,0.011946141719818115,unchanged,False
2026,641,1,1,1,0.49642348289489746,0.4571300446987152,-0.03929343819618225,unchanged,False
2026,645,1,1,0,0.4629630744457245,0.3660728633403778,-0.09689021110534668,worsened,False
2026,649,1,1,0,0.5544779896736145,0.39244091510772705,-0.16203707456588745,worsened,False
2026,650,1,1,0,0.4629630744457245,0.4006667137145996,-0.06229636073112488,worsened,False
2026,653,1,1,0,0.43332380056381226,0.2978048026561737,-0.13551899790763855,worsened,False
2026,656,1,0,0,0.40679797530174255,0.3401409685611725,-0.06665700674057007,unchanged,False
2026,657,1,1,0,0.5486699938774109,0.3923797309398651,-0.15629026293754578,worsened,False
2026,661,1,1,0,0.5486699938774109,0.39941078424453735,-0.14925920963287354,worsened,False
2026,664,1,0,0,0.32681843638420105,0.430583119392395,0.10376468300819397,unchanged,True
2026,672,1,1,0,0.5134397149085999,0.40679797530174255,-0.1066417396068573,worsened,True
2026,673,1,1,0,0.4868892729282379,0.39399540424346924,-0.09289386868476868,worsened,True
2026,677,1,1,1,0.4542195498943329,0.4695684313774109,0.015348881483078003,unchanged,True
2026,683,1,1,1,0.5486699938774109,0.43506306409835815,-0.11360692977905273,unchanged,False
2026,685,1,1,0,0.572273850440979,0.385435551404953,-0.186838299036026,worsened,True
2026,688,1,1,0,0.4332388937473297,0.3513210713863373,-0.08191782236099243,worsened,True
2026,689,1,0,0,0.4209483563899994,0.36354860663414,-0.057399749755859375,unchanged,False
2026,693,1,1,0,0.5088797211647034,0.3177095055580139,-0.19117021560668945,worsened,True
2026,696,1,0,1,0.41293686628341675,0.4695684313774109,0.05663156509399414,improved,True
2026,700,1,1,0,0.5011035799980164,0.40240174531936646,-0.0987018346786499,worsened,True
2026,702,1,1,0,0.5859535336494446,0.360465407371521,-0.22548812627792358,worsened,False
2026,705,1,0,1,0.4116486608982086,0.4751855432987213,0.0635368824005127,improved,False
2026,708,1,0,0,0.29743143916130066,0.39659932255744934,0.09916788339614868,unchanged,True
2026,710,1,1,0,0.4695684313774109,0.42789584398269653,-0.041672587394714355,worsened,True
2026,711,1,1,1,0.4584289789199829,0.4571300446987152,-0.0012989342212677002,unchanged,False
2026,716,1,1,0,0.5544779896736145,0.3378069996833801,-0.21667098999023438,worsened,False
2026,717,1,0,0,0.42116251587867737,0.40240174531936646,-0.018760770559310913,unchanged,True
2026,720,1,0,0,0.4257121980190277,0.39504125714302063,-0.03067094087600708,unchanged,True
2026,721,1,1,1,0.4369693100452423,0.4751855432987213,0.038216233253479004,unchanged,False
2026,722,1,1,1,0.6713864207267761,0.4431094825267792,-0.22827693819999695,unchanged,False
2026,724,1,0,0,0.39146482944488525,0.4072360694408417,0.01577123999595642,unchanged,True
2026,726,1,1,1,0.5544779896736145,0.4571300446987152,-0.09734794497489929,unchanged,False
2026,727,1,0,1,0.32681843638420105,0.4745688736438751,0.14775043725967407,improved,True
2026,728,1,1,0,0.5022940039634705,0.33079993724823,-0.17149406671524048,worsened,False
2026,730,1,1,0,0.49186187982559204,0.3450608551502228,-0.14680102467536926,worsened,False
2026,732,1,1,0,0.5323196649551392,0.39244091510772705,-0.1398787498474121,worsened,False
2026,733,1,0,0,0.41247668862342834,0.42236247658729553,0.009885787963867188,unchanged,False
2026,735,1,0,0,0.32681843638420105,0.40240174531936646,0.0755833089351654,unchanged,True
2026,736,1,1,0,0.6262133121490479,0.381121963262558,-0.24509134888648987,worsened,True
2026,739,1,1,1,0.5304890871047974,0.44498759508132935,-0.08550149202346802,unchanged,False
2026,741,1,1,0,0.49293357133865356,0.41551029682159424,-0.07742327451705933,worsened,True
2026,744,1,1,0,0.5873191952705383,0.3463541269302368,-0.2409650683403015,worsened,False
2026,745,1,1,0,0.592998743057251,0.3867236375808716,-0.2062751054763794,worsened,False
2026,747,1,1,0,0.4974954128265381,0.3446508049964905,-0.1528446078300476,worsened,False
2026,752,1,1,0,0.4571300446987152,0.42561763525009155,-0.03151240944862366,worsened,False
2026,759,1,1,0,0.592998743057251,0.3212399184703827,-0.2717588245868683,worsened,False
2026,760,1,1,0,0.5873191952705383,0.33737891912460327,-0.24994027614593506,worsened,True
2026,761,1,1,0,0.43879908323287964,0.3177095055580139,-0.12108957767486572,worsened,True
2026,762,1,0,0,0.4287634789943695,0.3177095055580139,-0.11105397343635559,unchanged,True
2026,766,1,1,1,0.4531296193599701,0.4629630744457245,0.009833455085754395,unchanged,False
2026,777,1,1,0,0.5022940039634705,0.3730606138706207,-0.12923339009284973,worsened,False
2026,780,1,1,0,0.4571300446987152,0.3513210713863373,-0.10580897331237793,worsened,True
2026,781,1,0,0,0.41247668862342834,0.34618550539016724,-0.06629118323326111,unchanged,False
2026,782,1,1,0,0.43879908323287964,0.3513210713863373,-0.08747801184654236,worsened,True
2026,786,1,1,0,0.5024327039718628,0.34419676661491394,-0.15823593735694885,worsened,False
2026,787,1,1,0,0.592998743057251,0.41079676151275635,-0.18220198154449463,worsened,False
2026,791,1,1,0,0.49642348289489746,0.3463541269302368,-0.15006935596466064,worsened,False
2026,792,1,1,0,0.5022940039634705,0.33737891912460327,-0.1649150848388672,worsened,True
2026,793,1,1,0,0.5022940039634705,0.35669103264808655,-0.1456029713153839,worsened,True
2026,796,1,1,0,0.5544779896736145,0.35168930888175964,-0.20278868079185486,worsened,False
2026,797,1,1,0,0.592998743057251,0.40679797530174255,-0.18620076775550842,worsened,True
2026,799,1,1,0,0.5227550864219666,0.35669103264808655,-0.16606405377388,worsened,True
2026,801,1,0,1,0.41293686628341675,0.49655652046203613,0.08361965417861938,improved,False
2026,804,1,1,0,0.5544779896736145,0.2782023847103119,-0.2762756049633026,worsened,False
2026,806,1,1,0,0.43879908323287964,0.39680060744285583,-0.041998475790023804,worsened,False
2026,808,1,1,0,0.535031795501709,0.3463541269302368,-0.18867766857147217,worsened,False
2026,810,1,0,0,0.42227813601493835,0.3177095055580139,-0.10456863045692444,unchanged,True
2026,811,1,1,0,0.4405789375305176,0.41159793734550476,-0.028981000185012817,worsened,True
2026,812,1,0,0,0.41293686628341675,0.34264832735061646,-0.07028853893280029,unchanged,True
2026,813,1,0,0,0.41293686628341675,0.41072237491607666,-0.002214491367340088,unchanged,False
2026,817,1,0,0,0.4192030131816864,0.30953049659729004,-0.10967251658439636,unchanged,False
2026,818,1,1,0,0.4571300446987152,0.40679797530174255,-0.050332069396972656,worsened,True
2026,820,1,1,0,0.5678010582923889,0.29648876190185547,-0.27131229639053345,worsened,True
2026,821,1,1,0,0.4507369101047516,0.35669103264808655,-0.09404587745666504,worsened,True
2026,827,1,1,0,0.5232132077217102,0.31214505434036255,-0.21106815338134766,worsened,True
2026,830,0,0,0,0.3976258933544159,0.407218873500824,0.009592980146408081,unchanged,False
2026,831,0,0,0,0.42245832085609436,0.407039076089859,-0.015419244766235352,unchanged,False
2026,834,0,1,1,0.5073304176330566,0.563208818435669,0.055878400802612305,unchanged,False
2026,837,0,1,1,0.4634351134300232,0.5331199765205383,0.06968486309051514,unchanged,False
2026,838,0,0,0,0.41293686628341675,0.3266546428203583,-0.08628222346305847,unchanged,False
2026,840,0,0,1,0.41293686628341675,0.5186589360237122,0.10572206974029541,worsened,False
2026,846,0,1,0,0.46779346466064453,0.3509329557418823,-0.11686050891876221,improved,False
2026,850,0,1,0,0.48416826128959656,0.3715391457080841,-0.11262911558151245,improved,False
2026,854,0,0,0,0.3260788023471832,0.3354889750480652,0.009410172700881958,unchanged,False
2026,859,0,1,0,0.49088940024375916,0.35110047459602356,-0.1397889256477356,improved,True
2026,862,0,0,1,0.35074084997177124,0.4695684313774109,0.11882758140563965,worsened,True
2026,863,0,0,0,0.3266546428203583,0.385435551404953,0.05878090858459473,unchanged,True
2026,865,0,1,0,0.43678608536720276,0.43230196833610535,-0.004484117031097412,improved,False
2026,866,0,0,0,0.3322821259498596,0.43230196833610535,0.10001984238624573,unchanged,False
2026,867,0,0,0,0.34618550539016724,0.4116486608982086,0.06546315550804138,unchanged,False
2026,868,0,1,0,0.43678608536720276,0.43230196833610535,-0.004484117031097412,improved,False
2026,872,0,1,0,0.6357272267341614,0.385435551404953,-0.2502916753292084,improved,True
2026,874,0,1,1,0.49608758091926575,0.4695684313774109,-0.02651914954185486,unchanged,True
2026,878,0,0,0,0.32681843638420105,0.40141069889068604,0.07459226250648499,unchanged,False
2026,880,0,0,0,0.42227813601493835,0.3306812047958374,-0.09159693121910095,unchanged,False
2026,881,0,0,0,0.43230196833610535,0.4273846447467804,-0.004917323589324951,unchanged,False
2026,884,0,1,0,0.4531296193599701,0.3513210713863373,-0.10180854797363281,improved,True
2026,887,0,1,1,0.4466233253479004,0.43750521540641785,-0.009118109941482544,unchanged,False
2026,888,0,1,0,0.4466233253479004,0.33570486307144165,-0.11091846227645874,improved,False
2026,889,0,1,0,0.5134397149085999,0.3177095055580139,-0.19573020935058594,improved,True
2026,890,0,0,0,0.43230196833610535,0.4072360694408417,-0.025065898895263672,unchanged,True
2026,897,0,0,0,0.3513210713863373,0.32225683331489563,-0.02906423807144165,unchanged,True
2026,901,0,0,0,0.4287634789943695,0.40135321021080017,-0.027410268783569336,unchanged,False
2026,904,0,1,0,0.5186589360237122,0.3181031346321106,-0.20055580139160156,improved,False
2026,905,0,0,0,0.35074084997177124,0.33737891912460327,-0.013361930847167969,unchanged,True
2026,908,0,0,0,0.34659647941589355,0.4287634789943695,0.08216699957847595,unchanged,False
2026,909,0,0,1,0.3914097249507904,0.5186589360237122,0.12724921107292175,worsened,False
2026,910,0,1,1,0.43879908323287964,0.5186589360237122,0.07985985279083252,unchanged,False
2026,911,0,0,0,0.3420666754245758,0.3758030831813812,0.03373640775680542,unchanged,False
2026,912,0,0,0,0.3266546428203583,0.3858656585216522,0.059211015701293945,unchanged,True
2026,915,0,1,0,0.49642348289489746,0.41247668862342834,-0.08394679427146912,improved,True
2026,916,0,0,0,0.407039076089859,0.3420666754245758,-0.0649724006652832,unchanged,False
2026,919,0,0,0,0.40135321021080017,0.39504125714302063,-0.006311953067779541,unchanged,True
2026,920,0,1,0,0.43774348497390747,0.32282137870788574,-0.11492210626602173,improved,True
2026,922,0,1,0,0.5390127301216125,0.35669103264808655,-0.182321697473526,improved,True
2026,924,0,1,0,0.4324847459793091,0.4205416738986969,-0.011943072080612183,improved,False
2026,926,0,1,0,0.5291855335235596,0.40135321021080017,-0.1278323233127594,improved,False
2026,936,0,0,0,0.3125349283218384,0.32321831583976746,0.010683387517929077,unchanged,False
2026,937,0,0,0,0.4233998954296112,0.4032635986804962,-0.02013629674911499,unchanged,False
2026,938,0,0,0,0.40679797530174255,0.4192030131816864,0.012405037879943848,unchanged,True
2026,940,0,0,0,0.33854973316192627,0.35087892413139343,0.012329190969467163,unchanged,True
2026,943,0,0,0,0.43230196833610535,0.41783252358436584,-0.014469444751739502,unchanged,False
2026,944,0,0,1,0.4227210581302643,0.43338778614997864,0.010666728019714355,worsened,False
2026,947,0,1,1,0.437874436378479,0.5233645439147949,0.08549010753631592,unchanged,False
2026,952,0,0,0,0.38599860668182373,0.2852082848548889,-0.10079032182693481,unchanged,True
2026,953,0,1,0,0.49642348289489746,0.39417704939842224,-0.10224643349647522,improved,False
2026,954,0,1,0,0.5167756676673889,0.4227210581302643,-0.09405460953712463,improved,False
2026,956,0,1,0,0.5291855335235596,0.41159793734550476,-0.11758759617805481,improved,True
2026,957,0,0,1,0.3858656585216522,0.4552827477455139,0.0694170892238617,worsened,True
2026,959,0,0,0,0.34350621700286865,0.4192030131816864,0.07569679617881775,unchanged,True
2026,960,0,1,0,0.43338778614997864,0.3377847969532013,-0.09560298919677734,improved,False
2026,962,0,1,0,0.45260491967201233,0.4192030131816864,-0.03340190649032593,improved,True
2026,965,0,1,1,0.47570738196372986,0.4552827477455139,-0.020424634218215942,unchanged,True
2026,968,0,0,0,0.3420666754245758,0.4192030131816864,0.0771363377571106,unchanged,True
2026,970,0,0,1,0.39941078424453735,0.514746904373169,0.11533612012863159,worsened,False
2026,971,0,0,1,0.31376686692237854,0.4552827477455139,0.14151588082313538,worsened,True
2026,975,0,0,1,0.3181031346321106,0.5088797211647034,0.19077658653259277,worsened,False
2026,983,0,1,1,0.5134397149085999,0.5088797211647034,-0.004559993743896484,unchanged,False
2026,986,0,0,0,0.4287634789943695,0.31376686692237854,-0.11499661207199097,unchanged,True
2026,992,0,0,0,0.39146482944488525,0.3976258933544159,0.00616106390953064,unchanged,False
2026,993,0,1,0,0.4445897936820984,0.3976258933544159,-0.046963900327682495,improved,False
2026,995,0,0,1,0.4287634789943695,0.5088797211647034,0.08011624217033386,worsened,False
2026,996,0,0,1,0.41736775636672974,0.5088797211647034,0.09151196479797363,worsened,False
2026,998,0,1,0,0.4974954128265381,0.3976258933544159,-0.09986951947212219,improved,False
2026,1000,0,0,1,0.41293686628341675,0.5088797211647034,0.09594285488128662,worsened,False
2026,1002,0,0,0,0.4192030131816864,0.3976258933544159,-0.021577119827270508,unchanged,False
2026,1004,0,0,0,0.407039076089859,0.3976258933544159,-0.009413182735443115,unchanged,False
2026,1007,0,1,0,0.43431028723716736,0.3976258933544159,-0.036684393882751465,improved,False
2026,1009,0,1,0,0.4445897936820984,0.3976258933544159,-0.046963900327682495,improved,False
2026,1010,0,0,1,0.407039076089859,0.5088797211647034,0.10184064507484436,worsened,False
2026,1011,1,1,1,0.5238765478134155,0.439384400844574,-0.08449214696884155,unchanged,True
