seed,case_num,y_true,baseline_y_pred,corrected_y_pred,baseline_y_prob,corrected_y_prob,probability_delta,outcome,is_inconsistent_profile
42,4,0,1,1,0.9224891662597656,0.48736095428466797,-0.43512821197509766,unchanged,False
42,7,0,0,0,0.41630274057388306,0.1572534739971161,-0.25904926657676697,unchanged,False
42,9,0,0,0,0.1572534143924713,0.1572534143924713,0.0,unchanged,False
42,11,0,1,0,0.5424966812133789,0.4468574523925781,-0.09563922882080078,improved,True
42,15,0,1,0,0.8776107430458069,0.19489191472530365,-0.6827188283205032,improved,False
42,16,0,0,0,0.36523279547691345,0.11046859622001648,-0.254764199256897,unchanged,False
42,21,0,0,0,0.1066599190235138,0.23213769495487213,0.12547777593135834,unchanged,True
42,24,0,0,0,0.3705892860889435,0.1572534739971161,-0.2133358120918274,unchanged,False
42,29,0,0,0,0.21626515686511993,0.40413427352905273,0.1878691166639328,unchanged,False
42,32,0,1,0,0.5131642818450928,0.1572534739971161,-0.3559108078479767,improved,False
42,33,0,0,0,0.36523279547691345,0.35114341974258423,-0.014089375734329224,unchanged,True
42,35,0,1,0,0.8860153555870056,0.2798318862915039,-0.6061834692955017,improved,False
42,36,0,0,0,0.21626515686511993,0.1572534739971161,-0.059011682868003845,unchanged,False
42,39,0,1,0,0.5315247774124146,0.40413427352905273,-0.12739050388336182,improved,False
42,41,0,1,0,0.6686452627182007,0.35995322465896606,-0.3086920380592346,improved,False
42,42,0,0,0,0.08302685618400574,0.11046859622001648,0.027441740036010742,unchanged,False
42,43,0,0,0,0.05906576290726662,0.05906576290726662,0.0,unchanged,False
42,45,0,0,0,0.06779582053422928,0.059065770357847214,-0.008730050176382065,unchanged,False
42,53,0,0,0,0.08547580242156982,0.18851888179779053,0.1030430793762207,unchanged,True
42,54,0,0,0,0.25324615836143494,0.18851888179779053,-0.06472727656364441,unchanged,True
42,55,0,0,0,0.05906576290726662,0.05906576290726662,0.0,unchanged,False
42,56,0,0,0,0.1885189414024353,0.1885189414024353,0.0,unchanged,True
42,58,0,0,0,0.10264842212200165,0.18851888179779053,0.08587045967578888,unchanged,True
42,60,0,0,0,0.05906576290726662,0.05906576290726662,0.0,unchanged,False
42,62,0,0,0,0.13499578833580017,0.11957140266895294,-0.015424385666847229,unchanged,False
42,65,0,0,0,0.05906576290726662,0.18851888179779053,0.1294531188905239,unchanged,True
42,67,0,0,0,0.10264842212200165,0.08302690088748932,-0.01962152123451233,unchanged,True
42,71,0,0,0,0.09766126424074173,0.09766126424074173,0.0,unchanged,False
42,72,0,0,0,0.08531145751476288,0.08119338750839233,-0.004118070006370544,unchanged,False
42,74,0,0,0,0.08531145751476288,0.15620024502277374,0.07088878750801086,unchanged,False
42,79,0,0,0,0.15506306290626526,0.052877698093652725,-0.10218536481261253,unchanged,False
42,84,0,0,0,0.4015967547893524,0.08081894367933273,-0.3207778111100197,unchanged,False
42,86,0,0,0,0.04416050389409065,0.04703991487622261,0.002879410982131958,unchanged,False
42,87,0,0,0,0.06018909066915512,0.19358719885349274,0.13339810818433762,unchanged,False
42,90,0,0,0,0.19677422940731049,0.35995322465896606,0.16317899525165558,unchanged,False
42,91,0,0,0,0.04703991487622261,0.16082143783569336,0.11378152295947075,unchanged,False
42,92,0,0,0,0.08531145751476288,0.09962931275367737,0.01431785523891449,unchanged,False
42,97,0,0,0,0.1578202247619629,0.13557645678520203,-0.022243767976760864,unchanged,False
42,98,0,0,0,0.09766126424074173,0.4304364323616028,0.33277516812086105,unchanged,False
42,100,0,0,0,0.44597265124320984,0.1353190392255783,-0.31065361201763153,unchanged,False
42,103,0,0,0,0.04416050389409065,0.09766126424074173,0.05350076034665108,unchanged,False
42,104,0,0,0,0.16082143783569336,0.24294129014015198,0.08211985230445862,unchanged,False
42,107,0,1,1,0.8124602437019348,0.500758171081543,-0.31170207262039185,unchanged,False
42,109,0,0,0,0.04416050389409065,0.06024235859513283,0.016081854701042175,unchanged,False
42,112,0,0,0,0.0400259904563427,0.05655958503484726,0.016533594578504562,unchanged,False
42,113,0,1,1,0.6026580929756165,0.5302788019180298,-0.07237929105758667,unchanged,True
42,114,0,0,0,0.07101617753505707,0.06540734320878983,-0.005608834326267242,unchanged,False
42,116,0,0,0,0.179684579372406,0.16082143783569336,-0.018863141536712646,unchanged,False
42,117,0,0,0,0.04416050389409065,0.040730103850364685,-0.0034304000437259674,unchanged,False
42,121,0,1,0,0.47328218817710876,0.3261822462081909,-0.14709994196891785,improved,True
42,126,0,1,1,0.6700952649116516,0.5216369032859802,-0.1484583616256714,unchanged,False
42,127,0,0,0,0.27614426612854004,0.3960474729537964,0.11990320682525635,unchanged,False
42,129,0,1,1,0.6967740058898926,0.56922447681427,-0.12754952907562256,unchanged,False
42,135,0,0,0,0.09766126424074173,0.22602224349975586,0.12836097925901413,unchanged,True
42,136,0,0,1,0.28576982021331787,0.5503226518630981,0.2645528316497803,worsened,False
42,137,0,1,0,0.6351426243782043,0.13798274099826813,-0.4971598833799362,improved,True
42,139,0,0,0,0.2743481993675232,0.3242779076099396,0.04992970824241638,unchanged,False
42,144,0,0,0,0.05655958503484726,0.19358719885349274,0.13702761381864548,unchanged,False
42,145,0,0,0,0.05655958503484726,0.08119338750839233,0.024633802473545074,unchanged,False
42,146,0,0,0,0.06540732830762863,0.08531145751476288,0.019904129207134247,unchanged,False
42,147,0,0,0,0.22871653735637665,0.1868077665567398,-0.04190877079963684,unchanged,False
42,148,0,0,0,0.2996653914451599,0.05655958503484726,-0.24310580641031265,unchanged,False
42,150,0,0,0,0.06540732830762863,0.06540732830762863,0.0,unchanged,False
42,152,0,0,0,0.12424828857183456,0.1066599190235138,-0.01758836954832077,unchanged,False
42,159,0,0,0,0.08531145751476288,0.08531145751476288,0.0,unchanged,False
42,161,0,0,0,0.06779582053422928,0.09766126424074173,0.02986544370651245,unchanged,False
42,162,0,0,0,0.32618221640586853,0.17975525557994843,-0.1464269608259201,unchanged,False
42,168,0,0,0,0.09766126424074173,0.1796846091747284,0.08202334493398666,unchanged,True
42,169,0,0,0,0.04703991487622261,0.08119338750839233,0.034153472632169724,unchanged,False
42,172,0,0,0,0.3991802930831909,0.14868813753128052,-0.2504921555519104,unchanged,False
42,173,0,0,0,0.3376082479953766,0.09766126424074173,-0.23994698375463486,unchanged,False
42,178,0,0,0,0.1066599190235138,0.06540734320878983,-0.04125257581472397,unchanged,False
42,179,0,0,0,0.04208674654364586,0.06540734320878983,0.023320596665143967,unchanged,False
42,180,0,0,0,0.06540732830762863,0.3707945644855499,0.3053872361779213,unchanged,False
42,182,0,0,0,0.04208674654364586,0.07101619243621826,0.028929445892572403,unchanged,False
42,183,0,0,0,0.13152967393398285,0.1941453069448471,0.06261563301086426,unchanged,False
42,191,0,0,0,0.07101617753505707,0.3707945644855499,0.29977838695049286,unchanged,False
42,196,0,0,0,0.07101617753505707,0.07101617753505707,0.0,unchanged,False
42,197,0,0,0,0.23232726752758026,0.08531145751476288,-0.14701581001281738,unchanged,False
42,200,0,0,0,0.07101617753505707,0.06540734320878983,-0.005608834326267242,unchanged,False
42,201,0,0,0,0.44597265124320984,0.09043386578559875,-0.3555387854576111,unchanged,False
42,202,0,0,0,0.06540732830762863,0.3707945644855499,0.3053872361779213,unchanged,False
42,206,0,0,0,0.07101617753505707,0.3707945644855499,0.29977838695049286,unchanged,False
42,207,0,0,0,0.06540732830762863,0.07101619243621826,0.00560886412858963,unchanged,False
42,208,0,0,0,0.04208674654364586,0.07101619243621826,0.028929445892572403,unchanged,False
42,213,0,0,0,0.12424828857183456,0.06779582053422928,-0.056452468037605286,unchanged,False
42,216,0,0,0,0.23124079406261444,0.19358719885349274,-0.037653595209121704,unchanged,False
42,218,0,0,0,0.08531145751476288,0.08531145751476288,0.0,unchanged,False
42,220,0,0,0,0.1868078112602234,0.06779582053422928,-0.11901199072599411,unchanged,False
42,225,0,0,0,0.1066599190235138,0.08531145751476288,-0.021348461508750916,unchanged,False
42,227,0,0,0,0.04416050389409065,0.040730103850364685,-0.0034304000437259674,unchanged,False
42,228,0,1,0,0.7874595522880554,0.2588609755039215,-0.5285985767841339,improved,False
42,231,0,1,0,0.5431767702102661,0.13557645678520203,-0.4076003134250641,improved,False
42,232,0,0,0,0.3085617423057556,0.1868077665567398,-0.12175397574901581,unchanged,False
42,239,0,0,0,0.28576982021331787,0.1796846091747284,-0.10608521103858948,unchanged,True
42,242,0,0,0,0.10304774343967438,0.08531145751476288,-0.0177362859249115,unchanged,False
42,243,0,0,0,0.08531145751476288,0.19358719885349274,0.10827574133872986,unchanged,False
42,244,0,0,0,0.08531145751476288,0.08531145751476288,0.0,unchanged,False
42,249,0,0,0,0.08531145751476288,0.3219574987888336,0.23664604127407074,unchanged,True
42,250,0,0,0,0.28576982021331787,0.3035750091075897,0.01780518889427185,unchanged,False
42,251,0,1,0,0.8055785894393921,0.20321352779865265,-0.6023650616407394,improved,False
42,253,0,0,0,0.09766126424074173,0.08119338750839233,-0.016467876732349396,unchanged,False
42,254,0,0,0,0.17975525557994843,0.08531145751476288,-0.09444379806518555,unchanged,False
42,263,0,1,0,0.8055785894393921,0.3509931266307831,-0.454585462808609,improved,False
42,264,0,1,0,0.6967740058898926,0.29291045665740967,-0.4038635492324829,improved,False
42,269,0,0,0,0.06018909066915512,0.08531145751476288,0.025122366845607758,unchanged,False
42,270,0,0,0,0.1066599190235138,0.08531145751476288,-0.021348461508750916,unchanged,False
42,271,0,0,0,0.2557700574398041,0.3219574987888336,0.06618744134902954,unchanged,True
42,272,0,0,0,0.10304774343967438,0.08531145751476288,-0.0177362859249115,unchanged,False
42,274,0,0,0,0.17975525557994843,0.08531145751476288,-0.09444379806518555,unchanged,False
42,276,0,1,0,0.8055785894393921,0.18576784431934357,-0.6198107451200485,improved,False
42,279,0,1,0,0.597770631313324,0.2323559820652008,-0.36541464924812317,improved,True
42,280,0,0,0,0.14039309322834015,0.3214191198348999,0.18102602660655975,unchanged,False
42,281,0,0,0,0.07809366285800934,0.08531145751476288,0.00721779465675354,unchanged,False
42,282,0,1,0,0.6967740058898926,0.1603170931339264,-0.5364569127559662,improved,False
42,283,0,0,0,0.05655958503484726,0.05655958503484726,0.0,unchanged,False
42,285,0,0,0,0.05655958503484726,0.08531145751476288,0.02875187247991562,unchanged,False
42,290,0,0,0,0.12424828857183456,0.08119338750839233,-0.04305490106344223,unchanged,False
42,292,0,0,0,0.40624818205833435,0.3959615230560303,-0.010286659002304077,unchanged,True
42,297,0,0,0,0.408157616853714,0.12424826622009277,-0.2839093506336212,unchanged,False
42,299,0,0,1,0.27272847294807434,0.6967740058898926,0.42404553294181824,worsened,True
42,303,0,0,0,0.12315967679023743,0.05655958503484726,-0.06660009175539017,unchanged,False
42,308,0,0,0,0.04208674654364586,0.2323559820652008,0.19026923552155495,unchanged,True
42,310,0,0,0,0.19003397226333618,0.08531145751476288,-0.1047225147485733,unchanged,False
42,312,0,0,0,0.0400259904563427,0.05655958503484726,0.016533594578504562,unchanged,False
42,314,0,0,0,0.3675975501537323,0.3219574987888336,-0.04564005136489868,unchanged,True
42,320,0,0,0,0.0400259904563427,0.13557645678520203,0.09555046632885933,unchanged,False
42,321,0,0,0,0.05655958503484726,0.08531145751476288,0.02875187247991562,unchanged,False
42,322,0,0,0,0.28576982021331787,0.28576982021331787,0.0,unchanged,False
42,327,0,0,0,0.08531145751476288,0.11846256256103516,0.03315110504627228,unchanged,False
42,328,0,1,0,0.5482027530670166,0.35285845398902893,-0.19534429907798767,improved,True
42,331,0,0,0,0.16082143783569336,0.08531145751476288,-0.07550998032093048,unchanged,False
42,336,0,0,0,0.12424828857183456,0.3376082479953766,0.21335995942354202,unchanged,False
42,338,0,1,0,0.6561325192451477,0.11846256256103516,-0.5376699566841125,improved,False
42,339,0,0,0,0.06024235859513283,0.2743481993675232,0.21410584077239037,unchanged,False
42,340,0,0,0,0.22871653735637665,0.28576987981796265,0.057053342461586,unchanged,False
42,341,0,1,0,0.6967740058898926,0.32883918285369873,-0.36793482303619385,improved,True
42,343,0,0,0,0.23124079406261444,0.28576987981796265,0.054529085755348206,unchanged,False
42,345,0,0,0,0.3509931266307831,0.09766126424074173,-0.25333186239004135,unchanged,False
42,348,0,1,0,0.5669716000556946,0.23021021485328674,-0.33676138520240784,improved,True
42,349,0,0,0,0.05655958503484726,0.04703991487622261,-0.009519670158624649,unchanged,False
42,350,0,0,0,0.04416050389409065,0.05655958503484726,0.012399081140756607,unchanged,False
42,352,0,1,0,0.622840404510498,0.12750501930713654,-0.4953353852033615,improved,False
42,358,0,0,1,0.45921963453292847,0.509410560131073,0.05019092559814453,worsened,True
42,359,0,0,0,0.1868078112602234,0.08531145751476288,-0.10149635374546051,unchanged,False
42,360,0,0,0,0.39596158266067505,0.16082143783569336,-0.2351401448249817,unchanged,False
42,362,0,1,0,0.6351426243782043,0.3675976097583771,-0.26754501461982727,improved,True
42,364,0,0,0,0.0400259904563427,0.05655958503484726,0.016533594578504562,unchanged,False
42,366,0,0,0,0.09766126424074173,0.3085617423057556,0.21090047806501389,unchanged,True
42,368,0,1,0,0.7233088612556458,0.3141789734363556,-0.40912988781929016,improved,True
42,371,0,0,0,0.1066599190235138,0.4415148198604584,0.3348549008369446,unchanged,False
42,372,0,0,0,0.3213129937648773,0.08531145751476288,-0.23600153625011444,unchanged,False
42,382,0,0,0,0.08531145751476288,0.08531145751476288,0.0,unchanged,False
42,386,0,1,0,0.823437511920929,0.23021021485328674,-0.5932272970676422,improved,True
42,391,0,1,0,0.7874250411987305,0.11333165317773819,-0.6740933880209923,improved,False
42,397,0,0,0,0.05655958503484726,0.08531145751476288,0.02875187247991562,unchanged,False
42,400,0,0,0,0.08531145751476288,0.3959615230560303,0.3106500655412674,unchanged,True
42,401,0,0,0,0.11365616321563721,0.1796846091747284,0.06602844595909119,unchanged,True
42,403,0,0,0,0.09766126424074173,0.08531145751476288,-0.012349806725978851,unchanged,False
42,405,0,0,0,0.08531145751476288,0.08531145751476288,0.0,unchanged,False
42,408,0,0,0,0.09766126424074173,0.1796846091747284,0.08202334493398666,unchanged,True
42,409,0,0,0,0.22871653735637665,0.09766126424074173,-0.13105527311563492,unchanged,False
42,411,0,1,0,0.5482027530670166,0.10954558104276657,-0.43865717202425003,improved,False
42,414,0,0,0,0.1690712571144104,0.10304778069257736,-0.06602347642183304,unchanged,False
42,415,0,0,0,0.12424828857183456,0.3085617423057556,0.18431345373392105,unchanged,True
42,417,0,0,1,0.2504737973213196,0.6313847899436951,0.3809109926223755,worsened,False
42,418,0,0,0,0.1066599190235138,0.3476879298686981,0.24102801084518433,unchanged,True
42,421,0,0,0,0.11365616321563721,0.09766126424074173,-0.015994898974895477,unchanged,False
42,425,0,0,0,0.08531145751476288,0.08119338750839233,-0.004118070006370544,unchanged,False
42,428,0,0,0,0.2996653914451599,0.4304364323616028,0.13077104091644287,unchanged,False
42,433,0,0,0,0.23400457203388214,0.10304778069257736,-0.13095679134130478,unchanged,False
42,435,0,1,0,0.7627224326133728,0.4024175703525543,-0.3603048622608185,improved,True
42,439,0,1,0,0.5669716000556946,0.19358719885349274,-0.37338440120220184,improved,False
42,443,0,0,0,0.12283143401145935,0.09766126424074173,-0.02517016977071762,unchanged,False
42,444,0,0,0,0.08531145751476288,0.08531145751476288,0.0,unchanged,False
42,445,0,0,0,0.08531145751476288,0.08531145751476288,0.0,unchanged,False
42,451,0,0,0,0.10304774343967438,0.10492897033691406,0.001881226897239685,unchanged,False
42,454,0,0,0,0.10304774343967438,0.08531145751476288,-0.0177362859249115,unchanged,False
42,457,0,0,0,0.08531145751476288,0.08531145751476288,0.0,unchanged,False
42,460,0,0,0,0.09766126424074173,0.08531145751476288,-0.012349806725978851,unchanged,False
42,462,0,0,0,0.08531145751476288,0.08119338750839233,-0.004118070006370544,unchanged,False
42,465,0,0,0,0.33836641907691956,0.1796846091747284,-0.15868180990219116,unchanged,True
42,469,0,0,0,0.06540732830762863,0.09766126424074173,0.0322539359331131,unchanged,False
42,471,0,1,0,0.5938418507575989,0.15156340599060059,-0.4422784447669983,improved,False
42,472,0,0,0,0.1066599190235138,0.15156340599060059,0.04490348696708679,unchanged,False
42,478,0,1,1,0.798617959022522,0.5076043009757996,-0.2910136580467224,unchanged,True
42,480,0,0,0,0.1066599190235138,0.1803896129131317,0.07372969388961792,unchanged,False
42,481,0,1,0,0.8783156275749207,0.16895660758018494,-0.7093590199947357,improved,False
42,483,0,0,0,0.22871653735637665,0.1796846091747284,-0.049031928181648254,unchanged,True
42,486,0,0,0,0.163055881857872,0.3219574987888336,0.1589016169309616,unchanged,True
42,491,0,1,0,0.5431767702102661,0.3959615230560303,-0.14721524715423584,improved,True
42,492,0,1,0,0.7053120732307434,0.13557645678520203,-0.5697356164455414,improved,False
42,505,0,0,0,0.05906576290726662,0.08119338750839233,0.022127624601125717,unchanged,False
42,511,0,0,0,0.1066599190235138,0.1066599190235138,0.0,unchanged,False
42,517,0,1,0,0.7951492071151733,0.12424826622009277,-0.6709009408950806,improved,False
42,524,0,0,0,0.13745278120040894,0.12424826622009277,-0.013204514980316162,unchanged,False
42,525,0,0,0,0.3460538685321808,0.35114341974258423,0.005089551210403442,unchanged,True
42,527,0,0,0,0.05906576290726662,0.05906576290726662,0.0,unchanged,False
42,528,0,0,0,0.08547580242156982,0.13655206561088562,0.051076263189315796,unchanged,False
42,532,0,1,1,0.7260140776634216,0.6802983283996582,-0.04571574926376343,unchanged,True
42,535,0,0,0,0.19091708958148956,0.1572534739971161,-0.033663615584373474,unchanged,False
42,536,0,0,0,0.1572534143924713,0.41630274057388306,0.25904932618141174,unchanged,False
42,537,0,0,0,0.12283143401145935,0.08531145751476288,-0.03751997649669647,unchanged,False
42,540,0,0,0,0.04703991487622261,0.19358719885349274,0.14654728397727013,unchanged,False
42,542,0,1,0,0.6886388659477234,0.19358719885349274,-0.49505166709423065,improved,False
42,547,0,0,0,0.32618221640586853,0.19358719885349274,-0.1325950175523758,unchanged,False
42,549,0,0,0,0.11081186681985855,0.10304778069257736,-0.007764086127281189,unchanged,False
42,557,0,0,0,0.3242778480052948,0.08439692109823227,-0.23988092690706253,unchanged,False
42,560,0,0,0,0.12655998766422272,0.08119338750839233,-0.04536660015583038,unchanged,False
42,561,0,0,0,0.35004734992980957,0.08531145751476288,-0.2647358924150467,unchanged,False
42,562,0,0,0,0.35004734992980957,0.19358719885349274,-0.15646015107631683,unchanged,False
42,563,0,0,0,0.19091708958148956,0.08119338750839233,-0.10972370207309723,unchanged,False
42,567,0,1,0,0.5378917455673218,0.17421954870224,-0.3636721968650818,improved,True
42,569,0,0,0,0.04703991487622261,0.08531145751476288,0.03827154263854027,unchanged,False
42,570,0,0,0,0.06540732830762863,0.17421954870224,0.10881222039461136,unchanged,True
42,573,0,0,0,0.08531145751476288,0.04703991487622261,-0.03827154263854027,unchanged,False
42,574,0,0,0,0.06825301796197891,0.08119338750839233,0.012940369546413422,unchanged,False
42,575,0,0,0,0.05655958503484726,0.04703991487622261,-0.009519670158624649,unchanged,False
42,576,0,0,0,0.05094386637210846,0.04703991487622261,-0.003903951495885849,unchanged,False
42,578,1,1,1,0.7620348334312439,0.7874595522880554,0.025424718856811523,unchanged,False
42,579,1,0,0,0.32618221640586853,0.32618221640586853,0.0,unchanged,True
42,581,1,1,1,0.9304632544517517,0.9422351121902466,0.011771857738494873,unchanged,False
42,582,1,1,1,0.9224891662597656,0.6700522303581238,-0.25243693590164185,unchanged,False
42,583,1,1,1,0.7240699529647827,0.7627224326133728,0.03865247964859009,unchanged,True
42,586,1,0,0,0.1066599190235138,0.3716233968734741,0.2649634778499603,unchanged,True
42,589,1,1,1,0.8684953451156616,0.7627224326133728,-0.10577291250228882,unchanged,True
42,590,1,1,1,0.9490366578102112,0.7627224326133728,-0.18631422519683838,unchanged,True
42,591,1,0,0,0.19091708958148956,0.3716233968734741,0.18070630729198456,unchanged,True
42,593,1,1,1,0.8393273949623108,0.5215546488761902,-0.3177727460861206,unchanged,True
42,596,1,0,0,0.09766126424074173,0.43935197591781616,0.34169071167707443,unchanged,False
42,599,1,1,1,0.6857131123542786,0.6616932153701782,-0.024019896984100342,unchanged,False
42,600,1,1,1,0.5095530152320862,0.5215546488761902,0.012001633644104004,unchanged,True
42,604,1,1,1,0.7620348334312439,0.7627224326133728,0.0006875991821289062,unchanged,True
42,609,1,0,0,0.3660339415073395,0.3959615230560303,0.029927581548690796,unchanged,True
42,611,1,0,1,0.16082143783569336,0.7627224326133728,0.6019009947776794,improved,True
42,618,1,0,0,0.414458304643631,0.2930183708667755,-0.12143993377685547,unchanged,False
42,619,1,1,0,0.8476753234863281,0.22871655225753784,-0.6189587712287903,worsened,True
42,620,1,1,0,0.9285761117935181,0.3716233968734741,-0.556952714920044,worsened,True
42,629,1,0,1,0.04208674654364586,0.6507875919342041,0.6087008453905582,improved,False
42,631,1,1,1,0.521554708480835,0.7627224326133728,0.24116772413253784,unchanged,True
42,633,1,0,1,0.3085617423057556,0.5669716000556946,0.25840985774993896,improved,True
42,634,1,1,0,0.5094106197357178,0.2809228301048279,-0.2284877896308899,worsened,False
42,635,1,1,0,0.9224891662597656,0.23021021485328674,-0.6922789514064789,worsened,True
42,637,1,0,1,0.13557641208171844,0.5482027530670166,0.41262634098529816,improved,True
42,640,1,0,1,0.2825610637664795,0.47879186272621155,0.19623079895973206,improved,False
42,641,1,1,1,0.9490366578102112,0.9224890470504761,-0.026547610759735107,unchanged,False
42,645,1,1,1,0.9422351121902466,0.6886419653892517,-0.2535931468009949,unchanged,False
42,649,1,1,1,0.9397150874137878,0.8860154151916504,-0.05369967222213745,unchanged,False
42,650,1,1,1,0.9422351121902466,0.7699073553085327,-0.17232775688171387,unchanged,False
42,653,1,1,1,0.5739184021949768,0.6243085265159607,0.05039012432098389,unchanged,False
42,656,1,1,1,0.8548977375030518,0.5034677982330322,-0.35142993927001953,unchanged,False
42,657,1,1,1,0.9422351121902466,0.8548977375030518,-0.08733737468719482,unchanged,False
42,661,1,1,1,0.9224891662597656,0.8341891169548035,-0.08830004930496216,unchanged,False
42,664,1,0,1,0.179684579372406,0.6967740058898926,0.5170894265174866,improved,True
42,672,1,1,1,0.7240699529647827,0.8689758777618408,0.1449059247970581,unchanged,True
42,673,1,0,1,0.22602221369743347,0.509410560131073,0.2833883464336395,improved,True
42,677,1,0,1,0.31415116786956787,0.5431768298149109,0.22902566194534302,improved,True
42,683,1,1,1,0.9224891662597656,0.825156569480896,-0.09733259677886963,unchanged,False
42,685,1,1,1,0.5466344952583313,0.7160352468490601,0.16940075159072876,unchanged,True
42,688,1,1,1,0.9224891662597656,0.7240699529647827,-0.1984192132949829,unchanged,True
42,689,1,1,1,0.5095530152320862,0.8684953451156616,0.35894232988357544,unchanged,False
42,693,1,0,0,0.08302685618400574,0.35114341974258423,0.2681165635585785,unchanged,True
42,696,1,0,1,0.1572534143924713,0.5431768298149109,0.3859234154224396,improved,True
42,700,1,1,1,0.8689758777618408,0.7627224326133728,-0.10625344514846802,unchanged,True
42,702,1,1,1,0.7190884947776794,0.7199602127075195,0.0008717179298400879,unchanged,False
42,705,1,1,1,0.7620348334312439,0.5315302610397339,-0.23050457239151,unchanged,False
42,708,1,0,0,0.08531145751476288,0.22602224349975586,0.14071078598499298,unchanged,True
42,710,1,0,0,0.34247949719429016,0.3141789734363556,-0.02830052375793457,unchanged,True
42,711,1,1,1,0.8662269115447998,0.9224890470504761,0.05626213550567627,unchanged,False
42,716,1,1,1,0.798617959022522,0.7837697863578796,-0.014848172664642334,unchanged,False
42,717,1,0,1,0.2698555886745453,0.7627224326133728,0.4928668439388275,improved,True
42,720,1,0,1,0.2825610637664795,0.6922032237052917,0.40964215993881226,improved,True
42,721,1,0,1,0.44314414262771606,0.5315302610397339,0.08838611841201782,improved,False
42,722,1,0,0,0.3716233968734741,0.12324749678373337,-0.24837590008974075,unchanged,False
42,724,1,0,1,0.23895931243896484,0.538152813911438,0.29919350147247314,improved,True
42,726,1,1,1,0.9490366578102112,0.9224890470504761,-0.026547610759735107,unchanged,False
42,727,1,0,0,0.08531145751476288,0.3476879298686981,0.26237647235393524,unchanged,True
42,728,1,0,1,0.21371348202228546,0.6669822931289673,0.4532688111066818,improved,False
42,730,1,1,0,0.7627224326133728,0.414458304643631,-0.3482641279697418,worsened,False
42,732,1,1,1,0.8860153555870056,0.8860153555870056,0.0,unchanged,False
42,733,1,1,1,0.7627224326133728,0.8476754426956177,0.08495301008224487,unchanged,False
42,735,1,0,1,0.3675975501537323,0.7627224326133728,0.3951248824596405,improved,True
42,736,1,1,1,0.7620348334312439,0.5669716000556946,-0.19506323337554932,unchanged,True
42,739,1,1,1,0.6886388659477234,0.47879186272621155,-0.20984700322151184,unchanged,False
42,741,1,1,1,0.8860153555870056,0.5215546488761902,-0.36446070671081543,unchanged,True
42,744,1,1,1,0.9224891662597656,0.5067227482795715,-0.4157664179801941,unchanged,False
42,745,1,1,1,0.8368252515792847,0.6258797645568848,-0.2109454870223999,unchanged,False
42,747,1,1,1,0.8689758777618408,0.7874595522880554,-0.0815163254737854,unchanged,False
42,752,1,1,1,0.9422351121902466,0.4992288053035736,-0.443006306886673,unchanged,False
42,759,1,1,1,0.8662269115447998,0.6630313396453857,-0.20319557189941406,unchanged,False
42,760,1,1,1,0.8689758777618408,0.5302788019180298,-0.33869707584381104,unchanged,True
42,761,1,1,0,0.6307416558265686,0.35114341974258423,-0.2795982360839844,worsened,True
42,762,1,0,0,0.45593637228012085,0.35114341974258423,-0.10479295253753662,unchanged,True
42,766,1,0,1,0.3992629051208496,0.9304632544517517,0.5312003493309021,improved,False
42,777,1,1,0,0.7552026510238647,0.4622679054737091,-0.29293474555015564,worsened,False
42,780,1,1,1,0.9224891662597656,0.7240699529647827,-0.1984192132949829,unchanged,True
42,781,1,1,0,0.7620348334312439,0.45593637228012085,-0.30609846115112305,worsened,False
42,782,1,1,1,0.7240699529647827,0.7240699529647827,0.0,unchanged,True
42,786,1,0,1,0.08547580242156982,0.8361038565635681,0.7506280541419983,improved,False
42,787,1,1,1,0.9284765124320984,0.8783155083656311,-0.050161004066467285,unchanged,False
42,791,1,1,1,0.7240699529647827,0.5067227482795715,-0.21734720468521118,unchanged,False
42,792,1,1,1,0.9076114892959595,0.5302788019180298,-0.3773326873779297,unchanged,True
42,793,1,1,1,0.8508011698722839,0.798617959022522,-0.05218321084976196,unchanged,True
42,796,1,1,1,0.8944723010063171,0.6670260429382324,-0.22744625806808472,unchanged,False
42,797,1,1,1,0.9490366578102112,0.8689758777618408,-0.08006078004837036,unchanged,True
42,799,1,1,1,0.7260140776634216,0.798617959022522,0.07260388135910034,unchanged,True
42,801,1,0,1,0.21626515686511993,0.5587955713272095,0.34253041446208954,improved,False
42,804,1,1,1,0.8812749981880188,0.5051494836807251,-0.3761255145072937,unchanged,False
42,806,1,1,1,0.7260140776634216,0.9422351121902466,0.21622103452682495,unchanged,False
42,808,1,1,1,0.7260140776634216,0.5067227482795715,-0.2192913293838501,unchanged,False
42,810,1,0,0,0.36005473136901855,0.35114341974258423,-0.008911311626434326,unchanged,True
42,811,1,0,0,0.3403231203556061,0.17640233039855957,-0.1639207899570465,unchanged,True
42,812,1,0,1,0.21626515686511993,0.6966449022293091,0.48037974536418915,improved,True
42,813,1,0,1,0.21626515686511993,0.9490366578102112,0.7327715009450912,improved,False
42,817,1,0,1,0.36523279547691345,0.8119809627532959,0.44674816727638245,improved,False
42,818,1,1,1,0.9224891662597656,0.8689758777618408,-0.053513288497924805,unchanged,True
42,820,1,0,1,0.21626515686511993,0.6802983283996582,0.46403317153453827,improved,True
42,821,1,1,1,0.9284765124320984,0.798617959022522,-0.12985855340957642,unchanged,True
42,827,1,1,0,0.5863916277885437,0.4468574523925781,-0.13953417539596558,worsened,True
42,830,0,0,0,0.11046862602233887,0.08119338750839233,-0.029275238513946533,unchanged,False
42,831,0,0,0,0.05843033641576767,0.07101619243621826,0.012585856020450592,unchanged,False
42,834,0,0,0,0.1981249451637268,0.10348512977361679,-0.09463981539011002,unchanged,False
42,837,0,0,0,0.13618892431259155,0.05886007845401764,-0.07732884585857391,unchanged,False
42,838,0,0,0,0.13618892431259155,0.06540734320878983,-0.07078158110380173,unchanged,False
42,840,0,0,0,0.08302685618400574,0.04208678379654884,-0.040940072387456894,unchanged,False
42,846,0,0,1,0.1572534143924713,0.640148401260376,0.48289498686790466,worsened,False
42,850,0,0,1,0.2807351350784302,0.7560446262359619,0.47530949115753174,worsened,False
42,854,0,0,0,0.2525697946548462,0.0601891353726387,-0.1923806592822075,unchanged,False
42,859,0,0,0,0.11846258491277695,0.2323559820652008,0.11389339715242386,unchanged,True
42,862,0,1,1,0.4818941652774811,0.5431768298149109,0.06128266453742981,unchanged,True
42,863,0,0,1,0.040730103850364685,0.7160352468490601,0.6753051429986954,worsened,True
42,865,0,0,0,0.04208674654364586,0.040730103850364685,-0.0013566426932811737,unchanged,False
42,866,0,0,0,0.1066599190235138,0.040730103850364685,-0.06592981517314911,unchanged,False
42,867,0,1,1,0.6561325192451477,0.7542506456375122,0.0981181263923645,unchanged,False
42,868,0,0,0,0.04416050389409065,0.040730103850364685,-0.0034304000437259674,unchanged,False
42,872,0,0,1,0.39402493834495544,0.7160352468490601,0.3220103085041046,worsened,True
42,874,0,1,1,0.8508011698722839,0.5431768298149109,-0.30762434005737305,unchanged,True
42,878,0,0,0,0.05655958503484726,0.11540264636278152,0.058843061327934265,unchanged,False
42,880,0,0,0,0.1065928041934967,0.1065928041934967,0.0,unchanged,False
42,881,0,0,0,0.0800495371222496,0.09043386578559875,0.010384328663349152,unchanged,False
42,884,0,1,1,0.7240699529647827,0.7240699529647827,0.0,unchanged,True
42,887,0,0,0,0.08941417187452316,0.23483268916606903,0.14541851729154587,unchanged,False
42,888,0,0,0,0.20652642846107483,0.24759171903133392,0.041065290570259094,unchanged,False
42,889,0,0,0,0.35114341974258423,0.35114341974258423,0.0,unchanged,True
42,890,0,0,1,0.040730103850364685,0.538152813911438,0.4974227100610733,worsened,True
42,897,0,0,0,0.2743481993675232,0.13798274099826813,-0.13636545836925507,unchanged,True
42,901,0,1,1,0.9184589385986328,0.6561325192451477,-0.2623264193534851,unchanged,False
42,904,0,0,0,0.07101617753505707,0.1066599190235138,0.035643741488456726,unchanged,False
42,905,0,0,1,0.3039751648902893,0.5302788019180298,0.22630363702774048,worsened,True
42,908,0,0,0,0.06540732830762863,0.13499577343463898,0.06958844512701035,unchanged,False
42,909,0,0,0,0.04208674654364586,0.04208674654364586,0.0,unchanged,False
42,910,0,0,0,0.11957139521837234,0.04208678379654884,-0.0774846114218235,unchanged,False
42,911,0,0,0,0.12814319133758545,0.2698555886745453,0.14171239733695984,unchanged,False
42,912,0,0,0,0.3085617423057556,0.3085617423057556,0.0,unchanged,True
42,915,0,1,1,0.7240699529647827,0.8950634598731995,0.17099350690841675,unchanged,True
42,916,0,0,0,0.13499578833580017,0.2743481993675232,0.13935241103172302,unchanged,False
42,919,0,1,1,0.8689758777618408,0.6922032237052917,-0.17677265405654907,unchanged,True
42,920,0,0,1,0.4167982339859009,0.5512552261352539,0.13445699214935303,worsened,True
42,922,0,0,1,0.4655276834964752,0.798617959022522,0.33309027552604675,worsened,True
42,924,0,0,0,0.05655958503484726,0.062224552035331726,0.0056649670004844666,unchanged,False
42,926,0,1,1,0.5863916277885437,0.6561325192451477,0.069740891456604,unchanged,False
42,936,0,0,0,0.10304774343967438,0.23428955674171448,0.1312418133020401,unchanged,False
42,937,0,1,0,0.6019535660743713,0.23962073028087616,-0.3623328357934952,improved,False
42,938,0,1,0,0.8689758777618408,0.18851888179779053,-0.6804569959640503,improved,True
42,940,0,0,0,0.21626515686511993,0.2504737675189972,0.03420861065387726,unchanged,True
42,943,0,0,0,0.06540732830762863,0.15237784385681152,0.08697051554918289,unchanged,False
42,944,0,0,0,0.05906576290726662,0.23726679384708405,0.17820103093981743,unchanged,False
42,947,0,0,0,0.3201313316822052,0.08547580242156982,-0.23465552926063538,unchanged,False
42,952,0,1,0,0.8476753234863281,0.23021021485328674,-0.6174651086330414,improved,True
42,953,0,1,1,0.9224891662597656,0.6377257108688354,-0.2847634553909302,unchanged,False
42,954,0,1,0,0.5863916277885437,0.06779582053422928,-0.5185958072543144,improved,False
42,956,0,0,0,0.3403231203556061,0.17640233039855957,-0.1639207899570465,unchanged,True
42,957,0,0,0,0.39596158266067505,0.17421954870224,-0.22174203395843506,unchanged,True
42,959,0,0,0,0.1066599190235138,0.18851888179779053,0.08185896277427673,unchanged,True
42,960,0,0,0,0.08547580242156982,0.16305595636367798,0.07758015394210815,unchanged,False
42,962,0,1,0,0.7627224326133728,0.18851888179779053,-0.5742035508155823,improved,True
42,965,0,0,0,0.21626515686511993,0.17421954870224,-0.042045608162879944,unchanged,True
42,968,0,0,0,0.11046862602233887,0.18851888179779053,0.07805025577545166,unchanged,True
42,970,0,1,0,0.7260140776634216,0.11688046902418137,-0.6091336086392403,improved,False
42,971,0,0,0,0.23124079406261444,0.17421954870224,-0.05702124536037445,unchanged,True
42,975,0,0,0,0.06779582053422928,0.059065770357847214,-0.008730050176382065,unchanged,False
42,983,0,0,0,0.08302685618400574,0.059065770357847214,-0.023961085826158524,unchanged,False
42,986,0,0,0,0.045522116124629974,0.23213769495487213,0.18661557883024216,unchanged,True
42,992,0,0,0,0.05906576290726662,0.11046859622001648,0.05140283331274986,unchanged,False
42,993,0,1,0,0.8950635194778442,0.11046859622001648,-0.7845949232578278,improved,False
42,995,0,0,0,0.07101617753505707,0.059065770357847214,-0.011950407177209854,unchanged,False
42,996,0,0,0,0.08302690088748932,0.059065770357847214,-0.023961130529642105,unchanged,False
42,998,0,1,0,0.5505720376968384,0.11046859622001648,-0.4401034414768219,improved,False
42,1000,0,0,0,0.1443563997745514,0.059065770357847214,-0.08529062941670418,unchanged,False
42,1002,0,0,0,0.08547582477331161,0.11046859622001648,0.024992771446704865,unchanged,False
42,1004,0,0,0,0.1572534441947937,0.11046859622001648,-0.04678484797477722,unchanged,False
42,1007,0,0,0,0.08302690088748932,0.11046859622001648,0.02744169533252716,unchanged,False
42,1009,0,1,0,0.5717734098434448,0.11046859622001648,-0.46130481362342834,improved,False
42,1010,0,0,0,0.08302690088748932,0.059065770357847214,-0.023961130529642105,unchanged,False
42,1011,1,0,0,0.17627663910388947,0.348193496465683,0.17191685736179352,unchanged,True
123,4,0,1,1,0.8581965565681458,0.6025091409683228,-0.255687415599823,unchanged,False
123,7,0,0,0,0.4246211647987366,0.16810409724712372,-0.25651706755161285,unchanged,False
123,9,0,0,0,0.16810409724712372,0.16810409724712372,0.0,unchanged,False
123,11,0,0,0,0.41380661725997925,0.3901965618133545,-0.023610055446624756,unchanged,True
123,15,0,1,0,0.814690351486206,0.4110535979270935,-0.40363675355911255,improved,False
123,16,0,0,0,0.2713909447193146,0.22331982851028442,-0.04807111620903015,unchanged,False
123,21,0,0,0,0.09351057559251785,0.2959860563278198,0.20247548073530197,unchanged,True
123,24,0,0,0,0.26364561915397644,0.16810409724712372,-0.09554152190685272,unchanged,False
123,29,0,0,0,0.2713909447193146,0.3892475962638855,0.11785665154457092,unchanged,False
123,32,0,0,0,0.22630366683006287,0.16810409724712372,-0.05819956958293915,unchanged,False
123,33,0,0,0,0.24831679463386536,0.4448331892490387,0.19651639461517334,unchanged,True
123,35,0,1,0,0.7231138944625854,0.35137680172920227,-0.3717370927333832,improved,False
123,36,0,0,0,0.2713909447193146,0.16810409724712372,-0.10328684747219086,unchanged,False
123,39,0,0,0,0.429014652967453,0.3892475962638855,-0.039767056703567505,unchanged,False
123,41,0,0,1,0.4195699691772461,0.5371890068054199,0.11761903762817383,worsened,False
123,42,0,0,0,0.11044973134994507,0.22331982851028442,0.11287009716033936,unchanged,False
123,43,0,0,0,0.07599350810050964,0.12939226627349854,0.05339875817298889,unchanged,False
123,45,0,0,0,0.06984561681747437,0.12939226627349854,0.05954664945602417,unchanged,False
123,53,0,0,0,0.18337856233119965,0.3224482238292694,0.13906966149806976,unchanged,True
123,54,0,0,0,0.1247432753443718,0.3224482238292694,0.1977049484848976,unchanged,True
123,55,0,0,0,0.08857837319374084,0.12939226627349854,0.04081389307975769,unchanged,False
123,56,0,0,0,0.36974814534187317,0.3224482238292694,-0.04729992151260376,unchanged,True
123,58,0,0,0,0.12939226627349854,0.3224482238292694,0.19305595755577087,unchanged,True
123,60,0,0,0,0.07599350810050964,0.12939226627349854,0.05339875817298889,unchanged,False
123,62,0,0,0,0.07599350810050964,0.14554180204868317,0.06954829394817352,unchanged,False
123,65,0,0,0,0.29670512676239014,0.3224482238292694,0.025743097066879272,unchanged,True
123,67,0,0,0,0.23650766909122467,0.11044976115226746,-0.12605790793895721,unchanged,True
123,71,0,0,0,0.14795352518558502,0.14795352518558502,0.0,unchanged,False
123,72,0,0,0,0.11658795922994614,0.1598130762577057,0.04322511702775955,unchanged,False
123,74,0,0,0,0.05211227759718895,0.21356703341007233,0.16145475581288338,unchanged,False
123,79,0,0,0,0.11658795922994614,0.14255329966545105,0.025965340435504913,unchanged,False
123,84,0,0,0,0.11658795922994614,0.21894250810146332,0.10235454887151718,unchanged,False
123,86,0,0,0,0.058537937700748444,0.08857843279838562,0.030040495097637177,unchanged,False
123,87,0,0,0,0.05211227759718895,0.2323017120361328,0.18018943443894386,unchanged,False
123,90,0,0,1,0.058537937700748444,0.5371890068054199,0.4786510691046715,worsened,False
123,91,0,0,0,0.11044973134994507,0.24776089191436768,0.1373111605644226,unchanged,False
123,92,0,0,0,0.11658795922994614,0.11826128512620926,0.0016733258962631226,unchanged,False
123,97,0,0,0,0.11476949602365494,0.20339475572109222,0.08862525969743729,unchanged,False
123,98,0,0,1,0.11658795922994614,0.6105589270591736,0.49397096782922745,worsened,False
123,100,0,0,0,0.26103782653808594,0.26103782653808594,0.0,unchanged,False
123,103,0,0,0,0.05211227759718895,0.14795349538326263,0.09584121778607368,unchanged,False
123,104,0,0,0,0.06279826909303665,0.33231720328330994,0.2695189341902733,unchanged,False
123,107,0,1,1,0.5988680124282837,0.6757235527038574,0.07685554027557373,unchanged,False
123,109,0,0,0,0.05211227759718895,0.10644606500864029,0.05433378741145134,unchanged,False
123,112,0,0,0,0.058537937700748444,0.06279826909303665,0.004260331392288208,unchanged,False
123,113,0,0,1,0.4465903043746948,0.6069462895393372,0.16035598516464233,worsened,True
123,114,0,0,0,0.07599350810050964,0.10441934317350388,0.028425835072994232,unchanged,False
123,116,0,0,0,0.34051787853240967,0.24776089191436768,-0.09275698661804199,unchanged,False
123,117,0,0,0,0.05211227759718895,0.06984561681747437,0.017733339220285416,unchanged,False
123,121,0,0,0,0.40128153562545776,0.2796430289745331,-0.12163850665092468,unchanged,True
123,126,0,0,1,0.429014652967453,0.5308894515037537,0.10187479853630066,worsened,False
123,127,0,0,0,0.11658795922994614,0.3284313380718231,0.21184337884187698,unchanged,False
123,129,0,1,0,0.7039538025856018,0.4419609010219574,-0.2619929015636444,improved,False
123,135,0,0,0,0.14795352518558502,0.3667714595794678,0.21881793439388275,unchanged,True
123,136,0,0,1,0.11658795922994614,0.5300683379173279,0.41348037868738174,worsened,False
123,137,0,0,0,0.330142617225647,0.2008591592311859,-0.12928345799446106,unchanged,True
123,139,0,1,0,0.6485978364944458,0.36974814534187317,-0.27884969115257263,improved,False
123,144,0,0,0,0.11658795922994614,0.2323017120361328,0.11571375280618668,unchanged,False
123,145,0,0,0,0.06279826909303665,0.1598130762577057,0.09701480716466904,unchanged,False
123,146,0,0,0,0.10441938042640686,0.11658797413110733,0.01216859370470047,unchanged,False
123,147,0,0,0,0.11658795922994614,0.2724260687828064,0.15583810955286026,unchanged,False
123,148,0,0,0,0.48353472352027893,0.06279826909303665,-0.4207364544272423,unchanged,False
123,150,0,0,0,0.10441938042640686,0.10441938042640686,0.0,unchanged,False
123,152,0,0,0,0.15294921398162842,0.15294921398162842,0.0,unchanged,False
123,159,0,0,0,0.11658795922994614,0.11658795922994614,0.0,unchanged,False
123,161,0,0,0,0.09048508107662201,0.14795349538326263,0.057468414306640625,unchanged,False
123,162,0,0,0,0.2796430289745331,0.18999679386615753,-0.08964623510837555,unchanged,False
123,168,0,0,0,0.14795352518558502,0.32414913177490234,0.17619560658931732,unchanged,True
123,169,0,0,0,0.08857837319374084,0.1598130762577057,0.07123470306396484,unchanged,False
123,172,0,0,0,0.11490242928266525,0.29239240288734436,0.1774899736046791,unchanged,False
123,173,0,0,0,0.2796430289745331,0.14795349538326263,-0.13168953359127045,unchanged,False
123,178,0,0,0,0.2080109417438507,0.10441934317350388,-0.10359159857034683,unchanged,False
123,179,0,0,0,0.07599350810050964,0.10441934317350388,0.028425835072994232,unchanged,False
123,180,0,0,0,0.13487249612808228,0.4085344076156616,0.27366191148757935,unchanged,False
123,182,0,0,0,0.07599350810050964,0.13487248122692108,0.05887897312641144,unchanged,False
123,183,0,1,0,0.5009332895278931,0.27488431334495544,-0.22604897618293762,improved,False
123,191,0,0,0,0.13487249612808228,0.4085344076156616,0.27366191148757935,unchanged,False
123,196,0,0,0,0.06984561681747437,0.13487248122692108,0.06502686440944672,unchanged,False
123,197,0,0,0,0.21788999438285828,0.11658797413110733,-0.10130202025175095,unchanged,False
123,200,0,0,0,0.13487249612808228,0.10441934317350388,-0.0304531529545784,unchanged,False
123,201,0,0,0,0.48353472352027893,0.11490248143672943,-0.3686322420835495,unchanged,False
123,202,0,0,0,0.10441938042640686,0.4085344076156616,0.30411502718925476,unchanged,False
123,206,0,0,0,0.13487249612808228,0.4085344076156616,0.27366191148757935,unchanged,False
123,207,0,0,0,0.13487249612808228,0.13487249612808228,0.0,unchanged,False
123,208,0,0,0,0.07599350810050964,0.13487248122692108,0.05887897312641144,unchanged,False
123,213,0,0,0,0.15294921398162842,0.0904851034283638,-0.06246411055326462,unchanged,False
123,216,0,0,0,0.2724260687828064,0.2323017120361328,-0.040124356746673584,unchanged,False
123,218,0,0,0,0.11658795922994614,0.11658795922994614,0.0,unchanged,False
123,220,0,0,0,0.11658795922994614,0.0904851034283638,-0.026102855801582336,unchanged,False
123,225,0,0,0,0.11658795922994614,0.11658795922994614,0.0,unchanged,False
123,227,0,0,0,0.058537937700748444,0.06984561681747437,0.011307679116725922,unchanged,False
123,228,0,1,0,0.726528525352478,0.354105144739151,-0.372423380613327,improved,False
123,231,0,1,0,0.6136127710342407,0.20339475572109222,-0.4102180153131485,improved,False
123,232,0,0,0,0.2724260687828064,0.2724260687828064,0.0,unchanged,False
123,239,0,1,0,0.6427747011184692,0.32414913177490234,-0.3186255693435669,improved,True
123,242,0,0,0,0.12655508518218994,0.11658797413110733,-0.009967111051082611,unchanged,False
123,243,0,0,0,0.11658795922994614,0.2323017120361328,0.11571375280618668,unchanged,False
123,244,0,0,0,0.11658795922994614,0.11658795922994614,0.0,unchanged,False
123,249,0,0,0,0.11658795922994614,0.4118461012840271,0.29525814205408096,unchanged,True
123,250,0,1,0,0.7503839135169983,0.32324784994125366,-0.42713606357574463,improved,False
123,251,0,0,0,0.4314099848270416,0.22874000668525696,-0.20266997814178467,unchanged,False
123,253,0,0,0,0.11658795922994614,0.1598130762577057,0.04322511702775955,unchanged,False
123,254,0,0,0,0.18999680876731873,0.11658797413110733,-0.0734088346362114,unchanged,False
123,263,0,0,0,0.19364047050476074,0.3409774899482727,0.14733701944351196,unchanged,False
123,264,0,0,0,0.2724260687828064,0.3923107385635376,0.1198846697807312,unchanged,False
123,269,0,0,0,0.08432720601558685,0.11658797413110733,0.03226076811552048,unchanged,False
123,270,0,0,0,0.11658795922994614,0.11658795922994614,0.0,unchanged,False
123,271,0,0,0,0.184687539935112,0.4118461012840271,0.2271585613489151,unchanged,True
123,272,0,0,0,0.12655508518218994,0.11658797413110733,-0.009967111051082611,unchanged,False
123,274,0,0,0,0.14795352518558502,0.11658797413110733,-0.03136555105447769,unchanged,False
123,276,0,0,0,0.26574382185935974,0.191427543759346,-0.07431627810001373,unchanged,False
123,279,0,1,0,0.6322682499885559,0.27505460381507874,-0.3572136461734772,improved,True
123,280,0,0,0,0.2177063375711441,0.371160089969635,0.1534537523984909,unchanged,False
123,281,0,0,0,0.13632266223430634,0.11658797413110733,-0.019734688103199005,unchanged,False
123,282,0,0,0,0.3923107385635376,0.23048296570777893,-0.16182777285575867,unchanged,False
123,283,0,0,0,0.05211227759718895,0.06279826909303665,0.010685991495847702,unchanged,False
123,285,0,0,0,0.12655508518218994,0.11658797413110733,-0.009967111051082611,unchanged,False
123,290,0,0,0,0.12879696488380432,0.1598130762577057,0.031016111373901367,unchanged,False
123,292,0,0,0,0.36836889386177063,0.4757384955883026,0.10736960172653198,unchanged,True
123,297,0,0,0,0.46406838297843933,0.12879696488380432,-0.335271418094635,unchanged,False
123,299,0,1,1,0.7056571841239929,0.7503839135169983,0.04472672939300537,unchanged,True
123,303,0,0,0,0.12598834931850433,0.06279826909303665,-0.06319008022546768,unchanged,False
123,308,0,0,0,0.05211227759718895,0.27505460381507874,0.22294232621788979,unchanged,True
123,310,0,0,0,0.2796430289745331,0.11658797413110733,-0.16305505484342575,unchanged,False
123,312,0,0,0,0.058537937700748444,0.06279826909303665,0.004260331392288208,unchanged,False
123,314,0,0,0,0.160873144865036,0.4118461012840271,0.2509729564189911,unchanged,True
123,320,0,0,0,0.08857837319374084,0.20339475572109222,0.11481638252735138,unchanged,False
123,321,0,0,0,0.06279826909303665,0.11658797413110733,0.05378970503807068,unchanged,False
123,322,0,0,0,0.2477608621120453,0.47959741950035095,0.23183655738830566,unchanged,False
123,327,0,0,0,0.08432720601558685,0.14195606112480164,0.05762885510921478,unchanged,False
123,328,0,0,0,0.184687539935112,0.39087527990341187,0.20618773996829987,unchanged,True
123,331,0,0,0,0.11658795922994614,0.11658795922994614,0.0,unchanged,False
123,336,0,0,0,0.12879696488380432,0.23881544172763824,0.11001847684383392,unchanged,False
123,338,0,0,0,0.48353472352027893,0.14195606112480164,-0.3415786623954773,unchanged,False
123,339,0,0,0,0.06984561681747437,0.2830123007297516,0.21316668391227722,unchanged,False
123,340,0,0,0,0.3288702964782715,0.47959741950035095,0.15072712302207947,unchanged,False
123,341,0,0,0,0.3171916902065277,0.45521774888038635,0.13802605867385864,unchanged,True
123,343,0,0,0,0.14795352518558502,0.47959741950035095,0.33164389431476593,unchanged,False
123,345,0,0,0,0.11658795922994614,0.14795349538326263,0.0313655361533165,unchanged,False
123,348,0,0,0,0.3303966224193573,0.34826213121414185,0.017865508794784546,unchanged,True
123,349,0,0,0,0.14795352518558502,0.08857843279838562,-0.0593750923871994,unchanged,False
123,350,0,0,0,0.08432720601558685,0.06279826909303665,-0.0215289369225502,unchanged,False
123,352,0,0,0,0.48353472352027893,0.14648549258708954,-0.3370492309331894,unchanged,False
123,358,0,0,0,0.3169174790382385,0.49644872546195984,0.1795312464237213,unchanged,True
123,359,0,0,0,0.2724260687828064,0.11658797413110733,-0.15583809465169907,unchanged,False
123,360,0,0,0,0.25482168793678284,0.24776089191436768,-0.007060796022415161,unchanged,False
123,362,0,0,0,0.4803309142589569,0.48749110102653503,0.007160186767578125,unchanged,True
123,364,0,0,0,0.058537937700748444,0.06279826909303665,0.004260331392288208,unchanged,False
123,366,0,0,0,0.11658795922994614,0.36689451336860657,0.25030655413866043,unchanged,True
123,368,0,1,0,0.7489460110664368,0.45615214109420776,-0.292793869972229,improved,True
123,371,0,0,0,0.11658795922994614,0.488624632358551,0.3720366731286049,unchanged,False
123,372,0,0,0,0.160873144865036,0.11658797413110733,-0.04428517073392868,unchanged,False
123,382,0,0,0,0.11658795922994614,0.11658795922994614,0.0,unchanged,False
123,386,0,1,0,0.7503839135169983,0.34826213121414185,-0.40212178230285645,improved,True
123,391,0,1,0,0.5764672756195068,0.15466941893100739,-0.42179785668849945,improved,False
123,397,0,0,0,0.05211227759718895,0.11658797413110733,0.06447569653391838,unchanged,False
123,400,0,0,0,0.11658795922994614,0.4757384955883026,0.3591505363583565,unchanged,True
123,401,0,0,0,0.2080109417438507,0.32414913177490234,0.11613819003105164,unchanged,True
123,403,0,0,0,0.14795352518558502,0.11658797413110733,-0.03136555105447769,unchanged,False
123,405,0,0,0,0.2724260687828064,0.11658797413110733,-0.15583809465169907,unchanged,False
123,408,0,0,0,0.14795352518558502,0.32414913177490234,0.17619560658931732,unchanged,True
123,409,0,0,0,0.2080109417438507,0.14795349538326263,-0.060057446360588074,unchanged,False
123,411,0,1,0,0.5209031105041504,0.160873144865036,-0.3600299656391144,improved,False
123,414,0,0,0,0.19181551039218903,0.12655508518218994,-0.06526042520999908,unchanged,False
123,415,0,0,0,0.22331979870796204,0.36689451336860657,0.14357471466064453,unchanged,True
123,417,0,0,1,0.20566067099571228,0.7113603353500366,0.5056996643543243,worsened,False
123,418,0,0,0,0.15294921398162842,0.3910113275051117,0.23806211352348328,unchanged,True
123,421,0,0,0,0.42504188418388367,0.14795349538326263,-0.27708838880062103,unchanged,False
123,425,0,0,0,0.06279826909303665,0.1598130762577057,0.09701480716466904,unchanged,False
123,428,0,0,1,0.14195604622364044,0.6105589270591736,0.46860288083553314,worsened,False
123,433,0,0,0,0.14795352518558502,0.12655508518218994,-0.02139844000339508,unchanged,False
123,435,0,0,1,0.31307023763656616,0.5099160075187683,0.19684576988220215,worsened,True
123,439,0,1,0,0.5787177681922913,0.2323017120361328,-0.34641605615615845,improved,False
123,443,0,0,0,0.1357344090938568,0.14795349538326263,0.012219086289405823,unchanged,False
123,444,0,0,0,0.11658795922994614,0.11658795922994614,0.0,unchanged,False
123,445,0,0,0,0.11658795922994614,0.11658795922994614,0.0,unchanged,False
123,451,0,0,0,0.12655508518218994,0.11034956574440002,-0.016205519437789917,unchanged,False
123,454,0,0,0,0.11658795922994614,0.11658795922994614,0.0,unchanged,False
123,457,0,0,0,0.11658795922994614,0.11658795922994614,0.0,unchanged,False
123,460,0,0,0,0.14795352518558502,0.11658797413110733,-0.03136555105447769,unchanged,False
123,462,0,0,0,0.11658795922994614,0.1598130762577057,0.04322511702775955,unchanged,False
123,465,0,0,0,0.49298423528671265,0.32414913177490234,-0.1688351035118103,unchanged,True
123,469,0,0,0,0.10441938042640686,0.14795349538326263,0.043534114956855774,unchanged,False
123,471,0,0,0,0.15309835970401764,0.23126472532749176,0.07816636562347412,unchanged,False
123,472,0,0,0,0.15294921398162842,0.23126472532749176,0.07831551134586334,unchanged,False
123,478,0,0,1,0.3826361894607544,0.5367279052734375,0.1540917158126831,worsened,True
123,480,0,0,0,0.15294921398162842,0.26542147994041443,0.11247226595878601,unchanged,False
123,481,0,1,0,0.62473064661026,0.331135630607605,-0.29359501600265503,improved,False
123,483,0,0,0,0.11658795922994614,0.32414913177490234,0.2075611725449562,unchanged,True
123,486,0,0,0,0.15294921398162842,0.4118461012840271,0.2588968873023987,unchanged,True
123,491,0,1,0,0.7503839135169983,0.4757384955883026,-0.2746454179286957,improved,True
123,492,0,1,0,0.5787177681922913,0.20339475572109222,-0.37532301247119904,improved,False
123,505,0,0,0,0.12939226627349854,0.1598130762577057,0.030420809984207153,unchanged,False
123,511,0,0,0,0.15294921398162842,0.15294921398162842,0.0,unchanged,False
123,517,0,1,0,0.6136127710342407,0.12879696488380432,-0.4848158061504364,improved,False
123,524,0,0,0,0.11846654117107391,0.12879696488380432,0.010330423712730408,unchanged,False
123,525,0,0,0,0.366771399974823,0.4448331892490387,0.0780617892742157,unchanged,True
123,527,0,0,0,0.09048508107662201,0.12939226627349854,0.038907185196876526,unchanged,False
123,528,0,0,0,0.11044973134994507,0.1320084184408188,0.021558687090873718,unchanged,False
123,532,0,1,1,0.5741444230079651,0.6952344179153442,0.12108999490737915,unchanged,True
123,535,0,0,0,0.16810409724712372,0.16810409724712372,0.0,unchanged,False
123,536,0,0,0,0.16810409724712372,0.33975741267204285,0.17165331542491913,unchanged,False
123,537,0,0,0,0.11658795922994614,0.11658795922994614,0.0,unchanged,False
123,540,0,0,0,0.08857837319374084,0.2323017120361328,0.14372333884239197,unchanged,False
123,542,0,1,0,0.739349901676178,0.2323017120361328,-0.5070481896400452,improved,False
123,547,0,0,0,0.2796430289745331,0.2323017120361328,-0.04734131693840027,unchanged,False
123,549,0,0,0,0.06279826909303665,0.12655508518218994,0.06375681608915329,unchanged,False
123,557,0,0,0,0.18701176345348358,0.2347738891839981,0.047762125730514526,unchanged,False
123,560,0,0,0,0.16810409724712372,0.1598130762577057,-0.00829102098941803,unchanged,False
123,561,0,0,0,0.18999680876731873,0.11658797413110733,-0.0734088346362114,unchanged,False
123,562,0,0,0,0.4314099848270416,0.2323017120361328,-0.1991082727909088,unchanged,False
123,563,0,0,0,0.09351057559251785,0.1598130762577057,0.06630250066518784,unchanged,False
123,567,0,0,0,0.21788999438285828,0.3591839671134949,0.1412939727306366,unchanged,True
123,569,0,0,0,0.12939226627349854,0.11658797413110733,-0.012804292142391205,unchanged,False
123,570,0,0,0,0.15294921398162842,0.3591839671134949,0.20623475313186646,unchanged,True
123,573,0,0,0,0.11658795922994614,0.08857843279838562,-0.028009526431560516,unchanged,False
123,574,0,0,0,0.06368472427129745,0.1598130762577057,0.09612835198640823,unchanged,False
123,575,0,0,0,0.06279826909303665,0.08857843279838562,0.02578016370534897,unchanged,False
123,576,0,0,0,0.058537937700748444,0.08857843279838562,0.030040495097637177,unchanged,False
123,578,1,1,1,0.6485978364944458,0.7704719305038452,0.12187409400939941,unchanged,False
123,579,1,0,0,0.23962225019931793,0.2796430289745331,0.04002077877521515,unchanged,True
123,581,1,1,1,0.6820665001869202,0.9307553768157959,0.24868887662887573,unchanged,False
123,582,1,1,1,0.7720630764961243,0.5464282035827637,-0.2256348729133606,unchanged,False
123,583,1,1,1,0.7000062465667725,0.7265285849571228,0.026522338390350342,unchanged,True
123,586,1,0,1,0.15294921398162842,0.5410295724868774,0.388080358505249,improved,True
123,589,1,1,1,0.6578294634819031,0.7265285849571228,0.06869912147521973,unchanged,True
123,590,1,1,1,0.8501696586608887,0.7265285849571228,-0.12364107370376587,unchanged,True
123,591,1,0,1,0.23287412524223328,0.5410295724868774,0.30815544724464417,improved,True
123,593,1,1,1,0.6999250054359436,0.7272236943244934,0.027298688888549805,unchanged,True
123,596,1,0,0,0.32414913177490234,0.48216602206230164,0.1580168902873993,unchanged,False
123,599,1,1,1,0.6999250054359436,0.6867378950119019,-0.013187110424041748,unchanged,False
123,600,1,1,1,0.5781052112579346,0.7272236943244934,0.14911848306655884,unchanged,True
123,604,1,1,1,0.6136127710342407,0.7265285849571228,0.11291581392288208,unchanged,True
123,609,1,0,0,0.41113659739494324,0.4757384955883026,0.06460189819335938,unchanged,True
123,611,1,0,1,0.11658795922994614,0.7265285849571228,0.6099406257271767,improved,True
123,618,1,0,1,0.05211227759718895,0.5464522838592529,0.494340006262064,improved,False
123,619,1,0,0,0.3284313380718231,0.33014264702796936,0.0017113089561462402,unchanged,True
123,620,1,1,1,0.8234323859214783,0.5410295724868774,-0.28240281343460083,unchanged,True
123,629,1,0,1,0.12939226627349854,0.5689773559570312,0.4395850896835327,improved,False
123,631,1,1,1,0.6463444828987122,0.7265285849571228,0.08018410205841064,unchanged,True
123,633,1,0,1,0.11658795922994614,0.5787177681922913,0.4621298089623451,improved,True
123,634,1,1,0,0.6999250054359436,0.395627498626709,-0.3042975068092346,worsened,False
123,635,1,1,0,0.9133222103118896,0.34826213121414185,-0.5650600790977478,worsened,True
123,637,1,0,1,0.06279826909303665,0.5823333859443665,0.5195351168513298,improved,True
123,640,1,0,1,0.22048065066337585,0.5636187195777893,0.34313806891441345,improved,False
123,641,1,1,1,0.9133222103118896,0.9133222103118896,0.0,unchanged,False
123,645,1,1,1,0.9133222103118896,0.5840912461280823,-0.3292309641838074,unchanged,False
123,649,1,1,1,0.9307553768157959,0.8234323263168335,-0.1073230504989624,unchanged,False
123,650,1,1,1,0.9307553768157959,0.7068392038345337,-0.2239161729812622,unchanged,False
123,653,1,1,1,0.6659476161003113,0.5631107091903687,-0.10283690690994263,unchanged,False
123,656,1,1,1,0.7704719305038452,0.5396450161933899,-0.23082691431045532,unchanged,False
123,657,1,1,1,0.9133222103118896,0.8866898417472839,-0.026632368564605713,unchanged,False
123,661,1,1,1,0.9307553768157959,0.8423604965209961,-0.0883948802947998,unchanged,False
123,664,1,0,1,0.11658795922994614,0.7503839135169983,0.6337959542870522,improved,True
123,672,1,1,1,0.6820665001869202,0.8223822116851807,0.1403157114982605,unchanged,True
123,673,1,0,0,0.366771399974823,0.49644872546195984,0.12967732548713684,unchanged,True
123,677,1,0,1,0.14795352518558502,0.613612711429596,0.4656591862440109,improved,True
123,683,1,1,1,0.9307553768157959,0.8525522947311401,-0.07820308208465576,unchanged,False
123,685,1,0,1,0.3923107385635376,0.7000062465667725,0.30769550800323486,improved,True
123,688,1,1,1,0.9133222103118896,0.6820665001869202,-0.23125571012496948,unchanged,True
123,689,1,1,1,0.6113084554672241,0.7501184940338135,0.13881003856658936,unchanged,False
123,693,1,0,0,0.12899425625801086,0.4448331892490387,0.31583893299102783,unchanged,True
123,696,1,0,1,0.2735179364681244,0.613612711429596,0.34009477496147156,improved,True
123,700,1,1,1,0.8223822116851807,0.7265285849571228,-0.09585362672805786,unchanged,True
123,702,1,1,1,0.6061425805091858,0.697411060333252,0.09126847982406616,unchanged,False
123,705,1,0,1,0.38301122188568115,0.5678627490997314,0.1848515272140503,improved,False
123,708,1,0,0,0.058537937700748444,0.3667714595794678,0.30823352187871933,unchanged,True
123,710,1,1,0,0.5576297640800476,0.45615214109420776,-0.10147762298583984,worsened,True
123,711,1,1,1,0.8225114345550537,0.9133222103118896,0.09081077575683594,unchanged,False
123,716,1,0,1,0.4729638397693634,0.7359946370124817,0.2630307972431183,improved,False
123,717,1,1,1,0.5547593235969543,0.7265285849571228,0.17176926136016846,unchanged,True
123,720,1,0,1,0.2713909447193146,0.7089880704879761,0.4375971257686615,improved,True
123,721,1,1,1,0.5209031105041504,0.5678627490997314,0.046959638595581055,unchanged,False
123,722,1,1,0,0.5410295724868774,0.40247172117233276,-0.13855785131454468,worsened,False
123,724,1,1,1,0.8244094252586365,0.5209031701087952,-0.3035062551498413,unchanged,True
123,726,1,1,1,0.9246872067451477,0.9133222103118896,-0.011364996433258057,unchanged,False
123,727,1,0,0,0.2724260687828064,0.3910113275051117,0.1185852587223053,unchanged,True
123,728,1,0,1,0.2152736634016037,0.6626532077789307,0.44737954437732697,improved,False
123,730,1,1,0,0.7187685370445251,0.42489221692085266,-0.2938763201236725,worsened,False
123,732,1,1,1,0.5781052112579346,0.8234323263168335,0.24532711505889893,unchanged,False
123,733,1,1,1,0.8223822116851807,0.7387362718582153,-0.08364593982696533,unchanged,False
123,735,1,0,1,0.160873144865036,0.7265285849571228,0.5656554400920868,improved,True
123,736,1,1,1,0.7051108479499817,0.5787177681922913,-0.12639307975769043,unchanged,True
123,739,1,1,1,0.6999250054359436,0.5636187195777893,-0.1363062858581543,unchanged,False
123,741,1,0,1,0.2913553714752197,0.7272236943244934,0.4358683228492737,improved,True
123,744,1,1,1,0.9307553768157959,0.6586002111434937,-0.27215516567230225,unchanged,False
123,745,1,1,1,0.6817324757575989,0.6116089820861816,-0.07012349367141724,unchanged,False
123,747,1,1,1,0.6820665001869202,0.7704719305038452,0.08840543031692505,unchanged,False
123,752,1,1,1,0.9133222103118896,0.6034059524536133,-0.30991625785827637,unchanged,False
123,759,1,1,1,0.8225114345550537,0.7372828722000122,-0.0852285623550415,unchanged,False
123,760,1,1,1,0.8423605561256409,0.6069462895393372,-0.2354142665863037,unchanged,True
123,761,1,1,0,0.6069462895393372,0.4448331892490387,-0.16211310029029846,worsened,True
123,762,1,1,0,0.6820665001869202,0.4448331892490387,-0.23723331093788147,worsened,True
123,766,1,1,1,0.556257963180542,0.9199501872062683,0.3636922240257263,unchanged,False
123,777,1,1,1,0.8415766358375549,0.7044621109962463,-0.1371145248413086,unchanged,False
123,780,1,1,1,0.9133222103118896,0.6820665001869202,-0.23125571012496948,unchanged,True
123,781,1,1,0,0.6820665001869202,0.4135184586048126,-0.26854804158210754,worsened,False
123,782,1,1,1,0.6820665001869202,0.6820665001869202,0.0,unchanged,True
123,786,1,0,1,0.09351057559251785,0.828693151473999,0.7351825758814812,improved,False
123,787,1,1,1,0.9199501872062683,0.7528103590011597,-0.16713982820510864,unchanged,False
123,791,1,1,1,0.726528525352478,0.6586002111434937,-0.06792831420898438,unchanged,False
123,792,1,1,1,0.9199501872062683,0.6069462895393372,-0.31300389766693115,unchanged,True
123,793,1,1,1,0.8321055769920349,0.692082405090332,-0.14002317190170288,unchanged,True
123,796,1,1,1,0.900451123714447,0.7022719383239746,-0.1981791853904724,unchanged,False
123,797,1,1,1,0.9199501872062683,0.8223822116851807,-0.09756797552108765,unchanged,True
123,799,1,1,1,0.556257963180542,0.692082405090332,0.13582444190979004,unchanged,True
123,801,1,0,1,0.2713909447193146,0.5414924621582031,0.27010151743888855,improved,False
123,804,1,1,1,0.8581965565681458,0.5779151916503906,-0.2802813649177551,unchanged,False
123,806,1,1,1,0.6204193830490112,0.9307553768157959,0.31033599376678467,unchanged,False
123,808,1,1,1,0.6820665001869202,0.6586002111434937,-0.023466289043426514,unchanged,False
123,810,1,0,0,0.15309835970401764,0.4448331892490387,0.29173482954502106,unchanged,True
123,811,1,0,0,0.30759167671203613,0.1613505631685257,-0.14624111354351044,unchanged,True
123,812,1,0,1,0.11044973134994507,0.674883246421814,0.5644335150718689,improved,True
123,813,1,0,1,0.11044973134994507,0.9246872067451477,0.8142374753952026,improved,False
123,817,1,0,1,0.43838903307914734,0.7462819814682007,0.30789294838905334,improved,False
123,818,1,1,1,0.9133222103118896,0.8223822116851807,-0.09093999862670898,unchanged,True
123,820,1,0,1,0.3364030420780182,0.6952344179153442,0.35883137583732605,improved,True
123,821,1,1,1,0.7068392038345337,0.692082405090332,-0.01475679874420166,unchanged,True
123,827,1,0,0,0.1999025046825409,0.3901965618133545,0.1902940571308136,unchanged,True
123,830,0,0,0,0.26364561915397644,0.1598130762577057,-0.10383254289627075,unchanged,False
123,831,0,0,0,0.06279484182596207,0.13487248122692108,0.07207763940095901,unchanged,False
123,834,0,0,0,0.2713909447193146,0.09336861222982407,-0.1780223324894905,unchanged,False
123,837,0,0,0,0.09515275061130524,0.058458808809518814,-0.03669394180178642,unchanged,False
123,838,0,0,0,0.1419970989227295,0.10441934317350388,-0.037577755749225616,unchanged,False
123,840,0,0,0,0.16810409724712372,0.07599353045225143,-0.09211056679487228,unchanged,False
123,846,0,0,0,0.22048065066337585,0.4251137375831604,0.20463308691978455,unchanged,False
123,850,0,0,1,0.23962225019931793,0.5634632706642151,0.32384102046489716,worsened,False
123,854,0,0,0,0.18181517720222473,0.08432720601558685,-0.09748797118663788,unchanged,False
123,859,0,0,0,0.05211227759718895,0.27505460381507874,0.22294232621788979,unchanged,True
123,862,0,0,1,0.17127996683120728,0.613612711429596,0.44233274459838867,worsened,True
123,863,0,0,1,0.06984561681747437,0.7000062465667725,0.6301606297492981,worsened,True
123,865,0,0,0,0.06984561681747437,0.06984561681747437,0.0,unchanged,False
123,866,0,0,0,0.15294921398162842,0.06984561681747437,-0.08310359716415405,unchanged,False
123,867,0,1,1,0.6820665001869202,0.6443612575531006,-0.03770524263381958,unchanged,False
123,868,0,0,0,0.05211227759718895,0.06984561681747437,0.017733339220285416,unchanged,False
123,872,0,1,1,0.6820665001869202,0.7000062465667725,0.017939746379852295,unchanged,True
123,874,0,0,1,0.4874911308288574,0.613612711429596,0.12612158060073853,worsened,True
123,878,0,0,0,0.11658795922994614,0.2080109566450119,0.09142299741506577,unchanged,False
123,880,0,0,0,0.15309835970401764,0.15606093406677246,0.0029625743627548218,unchanged,False
123,881,0,0,0,0.07599350810050964,0.11490248143672943,0.03890897333621979,unchanged,False
123,884,0,0,1,0.1247432753443718,0.6820665001869202,0.5573232248425484,worsened,True
123,887,0,0,0,0.05211227759718895,0.2764182984828949,0.22430602088570595,unchanged,False
123,888,0,0,0,0.16120895743370056,0.2950049042701721,0.13379594683647156,unchanged,False
123,889,0,0,0,0.09048508107662201,0.4448331892490387,0.3543481081724167,unchanged,True
123,890,0,0,1,0.06984561681747437,0.5209031701087952,0.4510575532913208,worsened,True
123,897,0,0,0,0.2955353856086731,0.2008591592311859,-0.09467622637748718,unchanged,True
123,901,0,1,1,0.6035693883895874,0.6485978364944458,0.0450284481048584,unchanged,False
123,904,0,0,0,0.07599350810050964,0.15294921398162842,0.07695570588111877,unchanged,False
123,905,0,0,1,0.180130273103714,0.6069462895393372,0.42681601643562317,worsened,True
123,908,0,0,0,0.06984561681747437,0.18701179325580597,0.1171661764383316,unchanged,False
123,909,0,0,0,0.07599350810050964,0.07599350810050964,0.0,unchanged,False
123,910,0,0,0,0.36974814534187317,0.07599353045225143,-0.29375461488962173,unchanged,False
123,911,0,0,0,0.21576379239559174,0.33861494064331055,0.12285114824771881,unchanged,False
123,912,0,0,0,0.36689451336860657,0.36689451336860657,0.0,unchanged,True
123,915,0,0,1,0.45615217089653015,0.8177042603492737,0.36155208945274353,worsened,True
123,916,0,0,0,0.283012330532074,0.283012330532074,0.0,unchanged,False
123,919,0,1,1,0.7704719305038452,0.7089880704879761,-0.06148386001586914,unchanged,True
123,920,0,1,1,0.6773641109466553,0.5200576782226562,-0.15730643272399902,unchanged,True
123,922,0,0,1,0.12598834931850433,0.692082405090332,0.5660940557718277,worsened,True
123,924,0,0,0,0.06279826909303665,0.0950046107172966,0.03220634162425995,unchanged,False
123,926,0,1,1,0.6061425805091858,0.6485978364944458,0.04245525598526001,unchanged,False
123,936,0,0,0,0.15294921398162842,0.20365439355373383,0.05070517957210541,unchanged,False
123,937,0,0,0,0.16810409724712372,0.2264416217803955,0.05833752453327179,unchanged,False
123,938,0,1,0,0.8223822116851807,0.3224482238292694,-0.49993398785591125,improved,True
123,940,0,0,0,0.4195699691772461,0.20566073060035706,-0.21390923857688904,unchanged,True
123,943,0,0,0,0.06984561681747437,0.16894719004631042,0.09910157322883606,unchanged,False
123,944,0,0,0,0.08857837319374084,0.2332552820444107,0.14467690885066986,unchanged,False
123,947,0,0,0,0.23650766909122467,0.09351057559251785,-0.14299709349870682,unchanged,False
123,952,0,1,0,0.739349901676178,0.34826213121414185,-0.39108777046203613,improved,True
123,953,0,1,1,0.9133222103118896,0.8237375020980835,-0.08958470821380615,unchanged,False
123,954,0,1,0,0.587929904460907,0.0904851034283638,-0.4974448010325432,improved,False
123,956,0,0,0,0.3892475962638855,0.1613505631685257,-0.2278970330953598,unchanged,True
123,957,0,1,0,0.6136127710342407,0.3591839671134949,-0.25442880392074585,improved,True
123,959,0,0,0,0.2080109417438507,0.3224482238292694,0.1144372820854187,unchanged,True
123,960,0,0,0,0.16810409724712372,0.21821832656860352,0.0501142293214798,unchanged,False
123,962,0,1,0,0.8310891389846802,0.3224482238292694,-0.5086409151554108,improved,True
123,965,0,0,0,0.16810409724712372,0.3591839671134949,0.19107986986637115,unchanged,True
123,968,0,0,0,0.13487249612808228,0.3224482238292694,0.18757572770118713,unchanged,True
123,970,0,1,0,0.6136127710342407,0.12899425625801086,-0.48461851477622986,improved,False
123,971,0,0,0,0.2080109417438507,0.3591839671134949,0.15117302536964417,unchanged,True
123,975,0,0,0,0.09048508107662201,0.12939226627349854,0.038907185196876526,unchanged,False
123,983,0,0,0,0.11044973134994507,0.12939226627349854,0.018942534923553467,unchanged,False
123,986,0,0,0,0.11367253959178925,0.2959860563278198,0.18231351673603058,unchanged,True
123,992,0,0,0,0.11044973134994507,0.22331982851028442,0.11287009716033936,unchanged,False
123,993,0,1,0,0.6852975487709045,0.22331982851028442,-0.4619777202606201,improved,False
123,995,0,0,0,0.06279484182596207,0.12939226627349854,0.06659742444753647,unchanged,False
123,996,0,0,0,0.11044973134994507,0.12939226627349854,0.018942534923553467,unchanged,False
123,998,0,1,0,0.6217564940452576,0.22331982851028442,-0.39843666553497314,improved,False
123,1000,0,0,0,0.06279484182596207,0.12939226627349854,0.06659742444753647,unchanged,False
123,1002,0,0,0,0.09351057559251785,0.22331982851028442,0.12980925291776657,unchanged,False
123,1004,0,0,0,0.1681041121482849,0.22331982851028442,0.05521571636199951,unchanged,False
123,1007,0,0,0,0.12939226627349854,0.22331982851028442,0.09392756223678589,unchanged,False
123,1009,0,0,0,0.43659237027168274,0.22331982851028442,-0.21327254176139832,unchanged,False
123,1010,0,0,0,0.07599353790283203,0.12939226627349854,0.053398728370666504,unchanged,False
123,1011,1,1,0,0.5409732460975647,0.36022600531578064,-0.18074724078178406,worsened,True
2026,4,0,1,1,0.7261558771133423,0.7260107398033142,-0.00014513731002807617,unchanged,False
2026,7,0,1,0,0.788567841053009,0.11036792397499084,-0.6781999170780182,improved,False
2026,9,0,0,0,0.11036792397499084,0.11036792397499084,0.0,unchanged,False
2026,11,0,0,1,0.1827106773853302,0.5161371231079102,0.33342644572257996,worsened,True
2026,15,0,1,0,0.7261558771133423,0.1564759910106659,-0.5696798861026764,improved,False
2026,16,0,0,0,0.3033934533596039,0.1461729258298874,-0.1572205275297165,unchanged,False
2026,21,0,0,0,0.08971134573221207,0.37843015789985657,0.2887188121676445,unchanged,True
2026,24,0,0,0,0.16508950293064117,0.11036792397499084,-0.05472157895565033,unchanged,False
2026,29,0,0,0,0.10343506932258606,0.24096639454364777,0.1375313252210617,unchanged,False
2026,32,0,0,0,0.10343506932258606,0.11036792397499084,0.006932854652404785,unchanged,False
2026,33,0,1,1,0.8658041954040527,0.6238296031951904,-0.2419745922088623,unchanged,True
2026,35,0,1,0,0.9172089695930481,0.2804608941078186,-0.6367480754852295,improved,False
2026,36,0,0,0,0.10343506932258606,0.11036792397499084,0.006932854652404785,unchanged,False
2026,39,0,1,0,0.8241786956787109,0.24096639454364777,-0.5832123011350632,improved,False
2026,41,0,1,0,0.815885066986084,0.4669114351272583,-0.3489736318588257,improved,False
2026,42,0,0,0,0.06825698912143707,0.1461729258298874,0.07791593670845032,unchanged,False
2026,43,0,0,0,0.07776058465242386,0.08971134573221207,0.011950761079788208,unchanged,False
2026,45,0,0,0,0.09168002009391785,0.08971134573221207,-0.00196867436170578,unchanged,False
2026,53,0,0,0,0.1649366170167923,0.18761242926120758,0.022675812244415283,unchanged,True
2026,54,0,0,0,0.28382739424705505,0.18761242926120758,-0.09621496498584747,unchanged,True
2026,55,0,0,0,0.09168002009391785,0.08971134573221207,-0.00196867436170578,unchanged,False
2026,56,0,0,0,0.18761244416236877,0.18761244416236877,0.0,unchanged,True
2026,58,0,0,0,0.1649366170167923,0.18761242926120758,0.022675812244415283,unchanged,True
2026,60,0,0,0,0.08971134573221207,0.08971134573221207,0.0,unchanged,False
2026,62,0,0,0,0.07851847261190414,0.14811909198760986,0.06960061937570572,unchanged,False
2026,65,0,0,0,0.1649366170167923,0.18761242926120758,0.022675812244415283,unchanged,True
2026,67,0,0,0,0.12170393764972687,0.06825701147317886,-0.053446926176548004,unchanged,True
2026,71,0,0,0,0.13751915097236633,0.13331389427185059,-0.004205256700515747,unchanged,False
2026,72,0,0,0,0.23862619698047638,0.14231817424297333,-0.09630802273750305,unchanged,False
2026,74,0,0,0,0.13751915097236633,0.23273752629756927,0.09521837532520294,unchanged,False
2026,79,0,0,0,0.26538801193237305,0.0932115912437439,-0.17217642068862915,unchanged,False
2026,84,0,0,0,0.34614303708076477,0.12254294753074646,-0.2236000895500183,unchanged,False
2026,86,0,0,0,0.07272996008396149,0.09238818287849426,0.019658222794532776,unchanged,False
2026,87,0,0,0,0.08304685354232788,0.3351748287677765,0.2521279752254486,unchanged,False
2026,90,0,1,0,0.7317377328872681,0.4669114351272583,-0.26482629776000977,improved,False
2026,91,0,1,0,0.8593120574951172,0.22195661067962646,-0.6373554468154907,improved,False
2026,92,0,0,0,0.13751915097236633,0.12531112134456635,-0.012208029627799988,unchanged,False
2026,97,0,1,0,0.8811826109886169,0.16818362474441528,-0.7129989862442017,improved,False
2026,98,0,0,1,0.13751915097236633,0.5110799074172974,0.37356075644493103,worsened,False
2026,100,0,0,0,0.23751771450042725,0.24986132979393005,0.012343615293502808,unchanged,False
2026,103,0,0,0,0.07272996008396149,0.13331389427185059,0.0605839341878891,unchanged,False
2026,104,0,0,0,0.1268949806690216,0.20913590490818024,0.08224092423915863,unchanged,False
2026,107,0,1,1,0.7193055152893066,0.7110003232955933,-0.008305191993713379,unchanged,False
2026,109,0,0,0,0.07272996008396149,0.08380141109228134,0.011071451008319855,unchanged,False
2026,112,0,0,0,0.07272996008396149,0.08342381566762924,0.010693855583667755,unchanged,False
2026,113,0,1,1,0.5707978010177612,0.6519443988800049,0.08114659786224365,unchanged,True
2026,114,0,0,0,0.08813323825597763,0.11141254752874374,0.023279309272766113,unchanged,False
2026,116,0,1,0,0.8041321635246277,0.22195661067962646,-0.5821755528450012,improved,False
2026,117,0,0,0,0.07272996008396149,0.08304689079523087,0.010316930711269379,unchanged,False
2026,121,0,1,0,0.7633375525474548,0.40003180503845215,-0.3633057475090027,improved,True
2026,126,0,1,1,0.7972261905670166,0.6325902938842773,-0.16463589668273926,unchanged,False
2026,127,0,0,1,0.13751915097236633,0.5596806406974792,0.4221614897251129,worsened,False
2026,129,0,0,1,0.3650532066822052,0.5249555706977844,0.15990236401557922,worsened,False
2026,135,0,0,0,0.28036054968833923,0.3333066701889038,0.052946120500564575,unchanged,True
2026,136,0,0,1,0.13331390917301178,0.6409556865692139,0.5076417773962021,worsened,False
2026,137,0,0,0,0.438920795917511,0.22980022430419922,-0.20912057161331177,unchanged,True
2026,139,0,0,0,0.07776058465242386,0.28498658537864685,0.207226000726223,unchanged,False
2026,144,0,0,0,0.08342383801937103,0.3351748287677765,0.25175099074840546,unchanged,False
2026,145,0,0,0,0.07272996008396149,0.14231817424297333,0.06958821415901184,unchanged,False
2026,146,0,0,0,0.22980022430419922,0.13751916587352753,-0.09228105843067169,unchanged,False
2026,147,0,0,0,0.28036054968833923,0.2386261522769928,-0.041734397411346436,unchanged,False
2026,148,0,0,0,0.3558502197265625,0.08342381566762924,-0.27242640405893326,unchanged,False
2026,150,0,0,0,0.12235721200704575,0.11141254752874374,-0.010944664478302002,unchanged,False
2026,152,0,0,0,0.13022825121879578,0.16665136814117432,0.03642311692237854,unchanged,False
2026,159,0,0,0,0.13331390917301178,0.13751916587352753,0.004205256700515747,unchanged,False
2026,161,0,0,0,0.16665135324001312,0.13331389427185059,-0.03333745896816254,unchanged,False
2026,162,0,0,0,0.20515082776546478,0.2785516083240509,0.07340078055858612,unchanged,False
2026,168,0,0,0,0.13331390917301178,0.28036051988601685,0.14704661071300507,unchanged,True
2026,169,0,0,0,0.09238818287849426,0.14231817424297333,0.049929991364479065,unchanged,False
2026,172,0,1,0,0.6087918281555176,0.17432688176631927,-0.4344649463891983,improved,False
2026,173,0,0,0,0.42179930210113525,0.13331389427185059,-0.28848540782928467,unchanged,False
2026,178,0,0,0,0.16665135324001312,0.11141254752874374,-0.05523880571126938,unchanged,False
2026,179,0,0,0,0.08813323825597763,0.11141254752874374,0.023279309272766113,unchanged,False
2026,180,0,0,1,0.08813323825597763,0.4996483325958252,0.41151509433984756,worsened,False
2026,182,0,0,0,0.07776058465242386,0.08813328295946121,0.010372698307037354,unchanged,False
2026,183,0,1,0,0.808274507522583,0.25090283155441284,-0.5573716759681702,improved,False
2026,191,0,0,1,0.07776058465242386,0.4996483325958252,0.42188774794340134,worsened,False
2026,196,0,0,0,0.07776058465242386,0.08813328295946121,0.010372698307037354,unchanged,False
2026,197,0,0,0,0.35236549377441406,0.13751916587352753,-0.21484632790088654,unchanged,False
2026,200,0,0,0,0.08813323825597763,0.11141254752874374,0.023279309272766113,unchanged,False
2026,201,0,0,0,0.45639631152153015,0.17082642018795013,-0.28556989133358,unchanged,False
2026,202,0,0,1,0.08813323825597763,0.4996483325958252,0.41151509433984756,worsened,False
2026,206,0,0,1,0.08813323825597763,0.4996483325958252,0.41151509433984756,worsened,False
2026,207,0,0,0,0.08813323825597763,0.08813323825597763,0.0,unchanged,False
2026,208,0,0,0,0.07776058465242386,0.08813328295946121,0.010372698307037354,unchanged,False
2026,213,0,0,0,0.11406710743904114,0.09168002009391785,-0.02238708734512329,unchanged,False
2026,216,0,0,0,0.10481861978769302,0.3351748287677765,0.23035620898008347,unchanged,False
2026,218,0,0,0,0.13331390917301178,0.13751916587352753,0.004205256700515747,unchanged,False
2026,220,0,0,0,0.13751915097236633,0.09168002009391785,-0.045839130878448486,unchanged,False
2026,225,0,0,0,0.18775026500225067,0.13751916587352753,-0.050231099128723145,unchanged,False
2026,227,0,0,0,0.07272996008396149,0.08304689079523087,0.010316930711269379,unchanged,False
2026,228,0,1,0,0.8323093056678772,0.2567012906074524,-0.5756080150604248,improved,False
2026,231,0,1,0,0.5716577172279358,0.16818362474441528,-0.4034740924835205,improved,False
2026,232,0,0,0,0.13751915097236633,0.2386261522769928,0.10110700130462646,unchanged,False
2026,239,0,1,0,0.7233321070671082,0.28036051988601685,-0.4429715871810913,improved,True
2026,242,0,0,0,0.11406710743904114,0.13751916587352753,0.02345205843448639,unchanged,False
2026,243,0,0,0,0.13331390917301178,0.3351748287677765,0.2018609195947647,unchanged,False
2026,244,0,0,0,0.13331390917301178,0.13751916587352753,0.004205256700515747,unchanged,False
2026,249,0,0,0,0.15604712069034576,0.36395391821861267,0.2079067975282669,unchanged,True
2026,250,0,1,1,0.7604058980941772,0.4834522306919098,-0.27695366740226746,unchanged,False
2026,251,0,1,0,0.5939900875091553,0.15208517014980316,-0.4419049173593521,improved,False
2026,253,0,0,0,0.21716855466365814,0.14231817424297333,-0.07485038042068481,unchanged,False
2026,254,0,0,0,0.21470491588115692,0.13751916587352753,-0.0771857500076294,unchanged,False
2026,263,0,1,0,0.7377751469612122,0.3384820520877838,-0.39929309487342834,improved,False
2026,264,0,0,0,0.21716855466365814,0.40508949756622314,0.187920942902565,unchanged,False
2026,269,0,0,0,0.09663659334182739,0.13751916587352753,0.040882572531700134,unchanged,False
2026,270,0,0,0,0.16665135324001312,0.13751916587352753,-0.029132187366485596,unchanged,False
2026,271,0,1,0,0.7587969303131104,0.36395391821861267,-0.3948430120944977,improved,True
2026,272,0,0,0,0.10481861978769302,0.13751916587352753,0.0327005460858345,unchanged,False
2026,274,0,0,0,0.13331390917301178,0.13751916587352753,0.004205256700515747,unchanged,False
2026,276,0,1,0,0.6385326981544495,0.21701481938362122,-0.42151787877082825,improved,False
2026,279,0,0,0,0.4389696419239044,0.22270669043064117,-0.21626295149326324,unchanged,True
2026,280,0,0,0,0.22984158992767334,0.4393017888069153,0.20946019887924194,unchanged,False
2026,281,0,0,0,0.09663659334182739,0.13751916587352753,0.040882572531700134,unchanged,False
2026,282,0,1,0,0.5716577172279358,0.15376326441764832,-0.4178944528102875,improved,False
2026,283,0,0,0,0.08304685354232788,0.08342381566762924,0.0003769621253013611,unchanged,False
2026,285,0,0,0,0.1707226037979126,0.13751916587352753,-0.03320343792438507,unchanged,False
2026,290,0,0,0,0.09168002009391785,0.14231817424297333,0.05063815414905548,unchanged,False
2026,292,0,0,1,0.11036792397499084,0.5058623552322388,0.3954944312572479,worsened,True
2026,297,0,1,0,0.5874371528625488,0.13022826611995697,-0.45720888674259186,improved,False
2026,299,0,1,1,0.6316828727722168,0.7193054556846619,0.08762258291244507,unchanged,True
2026,303,0,0,0,0.146173894405365,0.08342381566762924,-0.06275007873773575,unchanged,False
2026,308,0,0,0,0.1105664074420929,0.22270669043064117,0.11214028298854828,unchanged,True
2026,310,0,1,0,0.6385326981544495,0.13751916587352753,-0.5010135322809219,improved,False
2026,312,0,0,0,0.06559260189533234,0.08342381566762924,0.017831213772296906,unchanged,False
2026,314,0,1,0,0.5086683630943298,0.36395391821861267,-0.14471444487571716,improved,True
2026,320,0,0,0,0.06559260189533234,0.16818362474441528,0.10259102284908295,unchanged,False
2026,321,0,0,0,0.08342383801937103,0.13751916587352753,0.054095327854156494,unchanged,False
2026,322,0,1,0,0.5939900875091553,0.41673901677131653,-0.17725107073783875,improved,False
2026,327,0,0,0,0.10593507438898087,0.111733578145504,0.005798503756523132,unchanged,False
2026,328,0,0,0,0.23309582471847534,0.35236552357673645,0.11926969885826111,unchanged,True
2026,331,0,0,0,0.13751915097236633,0.13751915097236633,0.0,unchanged,False
2026,336,0,0,0,0.12947823107242584,0.4073609411716461,0.2778827100992203,unchanged,False
2026,338,0,1,0,0.6052472591400146,0.111733578145504,-0.49351368099451065,improved,False
2026,339,0,0,0,0.08304685354232788,0.23751771450042725,0.15447086095809937,unchanged,False
2026,340,0,0,0,0.1238551065325737,0.41673901677131653,0.29288391023874283,unchanged,False
2026,341,0,1,1,0.7233321070671082,0.5857459902763367,-0.13758611679077148,unchanged,True
2026,343,0,0,0,0.19839680194854736,0.41673901677131653,0.21834221482276917,unchanged,False
2026,345,0,0,0,0.23862619698047638,0.13331389427185059,-0.1053123027086258,unchanged,False
2026,348,0,1,0,0.6327672600746155,0.3330731689929962,-0.29969409108161926,improved,True
2026,349,0,0,0,0.40508949756622314,0.09238818287849426,-0.3127013146877289,unchanged,False
2026,350,0,0,0,0.09663659334182739,0.08342381566762924,-0.01321277767419815,unchanged,False
2026,352,0,1,0,0.8190476894378662,0.12418481707572937,-0.6948628723621368,improved,False
2026,358,0,0,1,0.46574586629867554,0.5939900875091553,0.12824422121047974,worsened,True
2026,359,0,0,0,0.2785516083240509,0.13751916587352753,-0.14103244245052338,unchanged,False
2026,360,0,1,0,0.4996483623981476,0.22195661067962646,-0.2776917517185211,improved,False
2026,362,0,0,0,0.21716855466365814,0.44219499826431274,0.2250264436006546,unchanged,True
2026,364,0,0,0,0.1240043118596077,0.08342381566762924,-0.040580496191978455,unchanged,False
2026,366,0,0,0,0.13331390917301178,0.3510899245738983,0.21777601540088654,unchanged,True
2026,368,0,1,0,0.578677237033844,0.3481456935405731,-0.23053154349327087,improved,True
2026,371,0,0,1,0.08304685354232788,0.5821897387504578,0.4991428852081299,worsened,False
2026,372,0,0,0,0.2096889615058899,0.13751916587352753,-0.07216979563236237,unchanged,False
2026,382,0,0,0,0.11406710743904114,0.13751916587352753,0.02345205843448639,unchanged,False
2026,386,0,1,0,0.7926629781723022,0.3330731689929962,-0.45958980917930603,improved,True
2026,391,0,1,0,0.7583581805229187,0.10468000173568726,-0.6536781787872314,improved,False
2026,397,0,0,0,0.07272996008396149,0.13751916587352753,0.06478920578956604,unchanged,False
2026,400,0,0,1,0.13331390917301178,0.5058623552322388,0.372548446059227,worsened,True
2026,401,0,0,0,0.14617295563220978,0.28036051988601685,0.13418756425380707,unchanged,True
2026,403,0,0,0,0.28036054968833923,0.13751916587352753,-0.1428413838148117,unchanged,False
2026,405,0,0,0,0.22984158992767334,0.13751916587352753,-0.09232242405414581,unchanged,False
2026,408,0,0,0,0.28036054968833923,0.28036054968833923,0.0,unchanged,True
2026,409,0,0,0,0.438920795917511,0.13331389427185059,-0.3056069016456604,unchanged,False
2026,411,0,0,0,0.28498658537864685,0.16070376336574554,-0.1242828220129013,unchanged,False
2026,414,0,0,0,0.16446056962013245,0.11406710743904114,-0.05039346218109131,unchanged,False
2026,415,0,0,0,0.08929045498371124,0.3510899245738983,0.2617994695901871,unchanged,True
2026,417,0,0,1,0.10554736852645874,0.578677237033844,0.47312986850738525,worsened,False
2026,418,0,0,0,0.13022825121879578,0.35600751638412476,0.22577926516532898,unchanged,True
2026,421,0,0,0,0.13022825121879578,0.13331389427185059,0.0030856430530548096,unchanged,False
2026,425,0,0,0,0.13751915097236633,0.14231817424297333,0.004799023270606995,unchanged,False
2026,428,0,0,1,0.09663659334182739,0.5110799074172974,0.41444331407546997,worsened,False
2026,433,0,0,0,0.438920795917511,0.11406710743904114,-0.32485368847846985,unchanged,False
2026,435,0,0,0,0.3558502197265625,0.33748698234558105,-0.018363237380981445,unchanged,True
2026,439,0,1,0,0.6327672600746155,0.3351748287677765,-0.297592431306839,improved,False
2026,443,0,0,0,0.10481861978769302,0.13331389427185059,0.028495274484157562,unchanged,False
2026,444,0,0,0,0.13751915097236633,0.13751915097236633,0.0,unchanged,False
2026,445,0,0,0,0.13751915097236633,0.13751915097236633,0.0,unchanged,False
2026,451,0,0,0,0.11406710743904114,0.09892779588699341,-0.01513931155204773,unchanged,False
2026,454,0,0,0,0.11406710743904114,0.13751916587352753,0.02345205843448639,unchanged,False
2026,457,0,0,0,0.13751915097236633,0.13751915097236633,0.0,unchanged,False
2026,460,0,0,0,0.10481861978769302,0.13751916587352753,0.0327005460858345,unchanged,False
2026,462,0,0,0,0.13331390917301178,0.14231817424297333,0.009004265069961548,unchanged,False
2026,465,0,1,0,0.564888060092926,0.28036051988601685,-0.2845275402069092,improved,True
2026,469,0,0,0,0.34416866302490234,0.13331389427185059,-0.21085476875305176,unchanged,False
2026,471,0,1,0,0.5700188875198364,0.30263271927833557,-0.26738616824150085,improved,False
2026,472,0,0,0,0.2327588051557541,0.30263271927833557,0.06987391412258148,unchanged,False
2026,478,0,1,1,0.5214014649391174,0.720623791217804,0.19922232627868652,unchanged,True
2026,480,0,1,0,0.7587969303131104,0.2371031641960144,-0.521693766117096,improved,False
2026,481,0,1,0,0.7616282105445862,0.26460951566696167,-0.4970186948776245,improved,False
2026,483,0,1,0,0.6409556269645691,0.28036051988601685,-0.36059510707855225,improved,True
2026,486,0,0,0,0.37843015789985657,0.36395391821861267,-0.014476239681243896,unchanged,True
2026,491,0,1,1,0.6841207146644592,0.5058623552322388,-0.17825835943222046,unchanged,True
2026,492,0,1,0,0.6841207146644592,0.16818362474441528,-0.515937089920044,improved,False
2026,505,0,0,0,0.08971134573221207,0.14231817424297333,0.05260682851076126,unchanged,False
2026,511,0,0,0,0.11141252517700195,0.16665136814117432,0.05523884296417236,unchanged,False
2026,517,0,1,0,0.5405299067497253,0.13022826611995697,-0.41030164062976837,improved,False
2026,524,0,0,0,0.13022825121879578,0.13022825121879578,0.0,unchanged,False
2026,525,0,0,1,0.3582719564437866,0.6238296031951904,0.2655576467514038,worsened,True
2026,527,0,0,0,0.08929045498371124,0.08971134573221207,0.000420890748500824,unchanged,False
2026,528,0,0,0,0.06825698912143707,0.11043491214513779,0.042177923023700714,unchanged,False
2026,532,0,1,1,0.7587969303131104,0.7571899890899658,-0.0016069412231445312,unchanged,True
2026,535,0,0,0,0.06825698912143707,0.11036792397499084,0.04211093485355377,unchanged,False
2026,536,0,0,1,0.06825698912143707,0.5324532985687256,0.4641963094472885,worsened,False
2026,537,0,0,0,0.13751915097236633,0.13751915097236633,0.0,unchanged,False
2026,540,0,0,0,0.06354621797800064,0.3351748287677765,0.27162861078977585,unchanged,False
2026,542,0,0,0,0.45372718572616577,0.3351748287677765,-0.11855235695838928,unchanged,False
2026,547,0,0,0,0.19839680194854736,0.3351748287677765,0.13677802681922913,unchanged,False
2026,549,0,0,0,0.06825698912143707,0.11406710743904114,0.045810118317604065,unchanged,False
2026,557,0,0,0,0.12235721200704575,0.12071684002876282,-0.0016403719782829285,unchanged,False
2026,560,0,0,0,0.11036792397499084,0.14231817424297333,0.03195025026798248,unchanged,False
2026,561,0,0,0,0.11406710743904114,0.13751916587352753,0.02345205843448639,unchanged,False
2026,562,0,0,0,0.19780384004116058,0.3351748287677765,0.1373709887266159,unchanged,False
2026,563,0,0,0,0.08929045498371124,0.14231817424297333,0.053027719259262085,unchanged,False
2026,567,0,0,0,0.36861497163772583,0.2085581123828888,-0.16005685925483704,unchanged,True
2026,569,0,0,0,0.06172925606369972,0.13751916587352753,0.0757899098098278,unchanged,False
2026,570,0,0,0,0.16665135324001312,0.2085581123828888,0.04190675914287567,unchanged,True
2026,573,0,0,0,0.13751915097236633,0.09238818287849426,-0.04513096809387207,unchanged,False
2026,574,0,0,0,0.10855597257614136,0.14231817424297333,0.03376220166683197,unchanged,False
2026,575,0,0,0,0.06559260189533234,0.09238818287849426,0.026795580983161926,unchanged,False
2026,576,0,0,0,0.07776058465242386,0.09238818287849426,0.014627598226070404,unchanged,False
2026,578,1,1,1,0.8940808176994324,0.832309365272522,-0.0617714524269104,unchanged,False
2026,579,1,1,0,0.6385326981544495,0.40003180503845215,-0.23850089311599731,worsened,True
2026,581,1,1,1,0.9184812903404236,0.9184812903404236,0.0,unchanged,False
2026,582,1,1,1,0.9184812903404236,0.5825482606887817,-0.33593302965164185,unchanged,False
2026,583,1,1,1,0.8540984988212585,0.6601890921592712,-0.1939094066619873,unchanged,True
2026,586,1,0,0,0.16665135324001312,0.4389208257198334,0.27226947247982025,unchanged,True
2026,589,1,1,1,0.7261558771133423,0.6601890921592712,-0.06596678495407104,unchanged,True
2026,590,1,1,1,0.8940808176994324,0.6601890921592712,-0.23389172554016113,unchanged,True
2026,591,1,0,0,0.19783398509025574,0.4389208257198334,0.24108684062957764,unchanged,True
2026,593,1,1,1,0.8834969401359558,0.6457096934318542,-0.23778724670410156,unchanged,True
2026,596,1,0,0,0.13751915097236633,0.46811026334762573,0.3305911123752594,unchanged,False
2026,599,1,1,1,0.912708580493927,0.611260712146759,-0.30144786834716797,unchanged,False
2026,600,1,0,1,0.37986233830451965,0.6457096934318542,0.2658473551273346,improved,True
2026,604,1,1,1,0.8940808176994324,0.6601890921592712,-0.23389172554016113,unchanged,True
2026,609,1,0,1,0.23797841370105743,0.5058623552322388,0.26788394153118134,improved,True
2026,611,1,0,1,0.10593507438898087,0.6601890921592712,0.5542540177702904,improved,True
2026,618,1,1,0,0.5035229921340942,0.24134792387485504,-0.2621750682592392,worsened,False
2026,619,1,1,0,0.4886298179626465,0.21716855466365814,-0.27146126329898834,worsened,True
2026,620,1,1,0,0.6787271499633789,0.4389208257198334,-0.23980632424354553,worsened,True
2026,629,1,0,0,0.07776058465242386,0.44221028685569763,0.3644497022032738,unchanged,False
2026,631,1,1,1,0.6251175999641418,0.6601890921592712,0.035071492195129395,unchanged,True
2026,633,1,0,1,0.31609028577804565,0.6251175999641418,0.3090273141860962,improved,True
2026,634,1,1,0,0.7404154539108276,0.2866258919239044,-0.4537895619869232,worsened,False
2026,635,1,1,0,0.6327672600746155,0.3330731689929962,-0.29969409108161926,worsened,True
2026,637,1,0,0,0.08342383801937103,0.3558502495288849,0.27242641150951385,unchanged,True
2026,640,1,0,1,0.11036792397499084,0.4820965826511383,0.37172865867614746,improved,False
2026,641,1,1,1,0.8940808176994324,0.8940808176994324,0.0,unchanged,False
2026,645,1,1,1,0.9184812903404236,0.6120438575744629,-0.3064374327659607,unchanged,False
2026,649,1,1,1,0.9164472222328186,0.8041321039199829,-0.1123151183128357,unchanged,False
2026,650,1,1,1,0.9184812903404236,0.716217041015625,-0.20226424932479858,unchanged,False
2026,653,1,1,1,0.4883033335208893,0.6264728307723999,0.13816949725151062,unchanged,False
2026,656,1,1,1,0.8940808176994324,0.697218120098114,-0.19686269760131836,unchanged,False
2026,657,1,1,1,0.9184812903404236,0.8811826109886169,-0.03729867935180664,unchanged,False
2026,661,1,1,1,0.9184812903404236,0.8158850073814392,-0.10259628295898438,unchanged,False
2026,664,1,0,1,0.13331390917301178,0.7193054556846619,0.5859915465116501,improved,True
2026,672,1,1,1,0.9172089695930481,0.845184326171875,-0.0720246434211731,unchanged,True
2026,673,1,0,1,0.1476845145225525,0.5939900875091553,0.4463055729866028,improved,True
2026,677,1,0,1,0.438920795917511,0.5716577172279358,0.1327369213104248,improved,True
2026,683,1,1,1,0.9184812903404236,0.8946765661239624,-0.02380472421646118,unchanged,False
2026,685,1,1,1,0.8190476894378662,0.8363555669784546,0.01730787754058838,unchanged,True
2026,688,1,1,1,0.9184812903404236,0.7587968707084656,-0.159684419631958,unchanged,True
2026,689,1,1,1,0.5826694369316101,0.8086942434310913,0.2260248064994812,unchanged,False
2026,693,1,0,1,0.08929045498371124,0.6238296031951904,0.5345391482114792,improved,True
2026,696,1,0,1,0.10343506932258606,0.5716577172279358,0.46822264790534973,improved,True
2026,700,1,1,1,0.8451843857765198,0.6601890921592712,-0.18499529361724854,unchanged,True
2026,702,1,1,1,0.8421123623847961,0.7397603988647461,-0.10235196352005005,unchanged,False
2026,705,1,1,1,0.8451843857765198,0.568732500076294,-0.27645188570022583,unchanged,False
2026,708,1,0,0,0.09916991740465164,0.3333066701889038,0.23413675278425217,unchanged,True
2026,710,1,1,0,0.5716577172279358,0.3481456935405731,-0.22351202368736267,worsened,True
2026,711,1,1,1,0.8066309690475464,0.8940807580947876,0.08744978904724121,unchanged,False
2026,716,1,1,1,0.9164472222328186,0.7205662727355957,-0.1958809494972229,unchanged,False
2026,717,1,0,1,0.40508949756622314,0.6601890921592712,0.2550995945930481,improved,True
2026,720,1,0,1,0.44050872325897217,0.6268691420555115,0.1863604187965393,improved,True
2026,721,1,0,1,0.15628577768802643,0.568732500076294,0.4124467223882675,improved,False
2026,722,1,1,0,0.8940808176994324,0.14491508901119232,-0.74916572868824,worsened,False
2026,724,1,0,0,0.08929045498371124,0.3922201097011566,0.3029296547174454,unchanged,True
2026,726,1,1,1,0.9172089695930481,0.8940807580947876,-0.023128211498260498,unchanged,False
2026,727,1,0,0,0.13751915097236633,0.35600751638412476,0.21848836541175842,unchanged,True
2026,728,1,1,1,0.7304350137710571,0.7236198782920837,-0.006815135478973389,unchanged,False
2026,730,1,1,0,0.6327672600746155,0.3887704312801361,-0.24399682879447937,worsened,False
2026,732,1,1,1,0.7926629781723022,0.8041321039199829,0.011469125747680664,unchanged,False
2026,733,1,1,1,0.704395055770874,0.7478439211845398,0.04344886541366577,unchanged,False
2026,735,1,0,1,0.13751915097236633,0.6601890921592712,0.5226699411869049,improved,True
2026,736,1,1,1,0.5099917650222778,0.6251175999641418,0.11512583494186401,unchanged,True
2026,739,1,1,1,0.8066309690475464,0.4820965826511383,-0.3245343863964081,unchanged,False
2026,741,1,0,1,0.44221028685569763,0.6457096934318542,0.20349940657615662,improved,True
2026,744,1,1,1,0.8940808176994324,0.6378666162490845,-0.2562142014503479,unchanged,False
2026,745,1,0,1,0.4117370843887329,0.6294615268707275,0.21772444248199463,improved,False
2026,747,1,1,1,0.8451843857765198,0.832309365272522,-0.012875020503997803,unchanged,False
2026,752,1,1,1,0.9184812903404236,0.6842077970504761,-0.2342734932899475,unchanged,False
2026,759,1,1,1,0.6032021641731262,0.795222818851471,0.19202065467834473,unchanged,False
2026,760,1,1,1,0.7587969303131104,0.6519443988800049,-0.10685253143310547,unchanged,True
2026,761,1,1,1,0.7587969303131104,0.6238296031951904,-0.13496732711791992,unchanged,True
2026,762,1,1,1,0.7587969303131104,0.6238296031951904,-0.13496732711791992,unchanged,True
2026,766,1,0,1,0.4603220522403717,0.9172089695930481,0.4568869173526764,improved,False
2026,777,1,1,1,0.8728445768356323,0.6704162955284119,-0.20242828130722046,unchanged,False
2026,780,1,1,1,0.8940808176994324,0.7587968707084656,-0.1352839469909668,unchanged,True
2026,781,1,1,0,0.9172089695930481,0.4622235894203186,-0.4549853801727295,worsened,False
2026,782,1,1,1,0.5039457678794861,0.7587968707084656,0.2548511028289795,unchanged,True
2026,786,1,0,1,0.08929045498371124,0.7880169749259949,0.6987265199422836,improved,False
2026,787,1,1,1,0.9164472222328186,0.9018564820289612,-0.014590740203857422,unchanged,False
2026,791,1,1,1,0.8451843857765198,0.6378666162490845,-0.2073177695274353,unchanged,False
2026,792,1,1,1,0.9172089695930481,0.6519443988800049,-0.2652645707130432,unchanged,True
2026,793,1,1,1,0.6669207811355591,0.7994926571846008,0.13257187604904175,unchanged,True
2026,796,1,1,1,0.9184812903404236,0.6753100752830505,-0.24317121505737305,unchanged,False
2026,797,1,1,1,0.9184812903404236,0.845184326171875,-0.07329696416854858,unchanged,True
2026,799,1,0,1,0.3505408465862274,0.7994926571846008,0.4489518105983734,improved,True
2026,801,1,0,0,0.10343506932258606,0.3404201865196228,0.23698511719703674,unchanged,False
2026,804,1,1,1,0.9172089695930481,0.7303545475006104,-0.18685442209243774,unchanged,False
2026,806,1,1,1,0.6390504240989685,0.9184813499450684,0.27943092584609985,unchanged,False
2026,808,1,1,1,0.8380414247512817,0.6378666162490845,-0.20017480850219727,unchanged,False
2026,810,1,0,1,0.3297065496444702,0.6238296031951904,0.2941230535507202,improved,True
2026,811,1,0,0,0.1669749617576599,0.16446059942245483,-0.002514362335205078,unchanged,True
2026,812,1,0,1,0.11036792397499084,0.7055681943893433,0.5952002704143524,improved,True
2026,813,1,0,1,0.10343506932258606,0.9164472222328186,0.8130121529102325,improved,False
2026,817,1,0,1,0.10343506932258606,0.8380415439605713,0.7346064746379852,improved,False
2026,818,1,1,1,0.8940808176994324,0.845184326171875,-0.04889649152755737,unchanged,True
2026,820,1,1,1,0.716217041015625,0.7571899890899658,0.04097294807434082,unchanged,True
2026,821,1,1,1,0.9172089695930481,0.7994926571846008,-0.11771631240844727,unchanged,True
2026,827,1,1,1,0.6390504240989685,0.5161371231079102,-0.12291330099105835,unchanged,True
2026,830,0,0,0,0.14617295563220978,0.14231817424297333,-0.00385478138923645,unchanged,False
2026,831,0,0,0,0.06172925606369972,0.08813328295946121,0.02640402689576149,unchanged,False
2026,834,0,0,0,0.10343506932258606,0.09959308803081512,-0.003841981291770935,unchanged,False
2026,837,0,0,0,0.07851847261190414,0.07276483625173569,-0.005753636360168457,unchanged,False
2026,838,0,0,0,0.07851847261190414,0.11141254752874374,0.0328940749168396,unchanged,False
2026,840,0,0,0,0.10343506932258606,0.07776058465242386,-0.0256744846701622,unchanged,False
2026,846,0,0,1,0.4044031798839569,0.7339732646942139,0.32957008481025696,worsened,False
2026,850,0,1,1,0.6385326981544495,0.6879531741142273,0.04942047595977783,unchanged,False
2026,854,0,0,0,0.08234080672264099,0.0966365709900856,0.01429576426744461,unchanged,False
2026,859,0,0,0,0.10701458901166916,0.22270669043064117,0.11569210141897202,unchanged,True
2026,862,0,1,1,0.8451843857765198,0.5716577172279358,-0.273526668548584,unchanged,True
2026,863,0,0,1,0.12418482452630997,0.8363555669784546,0.7121707424521446,worsened,True
2026,865,0,0,0,0.08304685354232788,0.08304685354232788,0.0,unchanged,False
2026,866,0,0,0,0.09692472219467163,0.08304689079523087,-0.013877831399440765,unchanged,False
2026,867,0,1,1,0.7587969303131104,0.6055982112884521,-0.1531987190246582,unchanged,False
2026,868,0,0,0,0.07272996008396149,0.08304689079523087,0.010316930711269379,unchanged,False
2026,872,0,1,1,0.8940808176994324,0.8363555669784546,-0.05772525072097778,unchanged,True
2026,874,0,1,1,0.8733075261116028,0.5716577172279358,-0.301649808883667,unchanged,True
2026,878,0,0,0,0.13751915097236633,0.14768457412719727,0.010165423154830933,unchanged,False
2026,880,0,0,0,0.18187305331230164,0.21952183544635773,0.03764878213405609,unchanged,False
2026,881,0,0,0,0.07776058465242386,0.17082642018795013,0.09306583553552628,unchanged,False
2026,884,0,1,1,0.7650516629219055,0.7587968707084656,-0.006254792213439941,unchanged,True
2026,887,0,0,0,0.1240043118596077,0.27146583795547485,0.14746152609586716,unchanged,False
2026,888,0,0,0,0.30102232098579407,0.461850643157959,0.16082832217216492,unchanged,False
2026,889,0,1,1,0.7303546667098999,0.6238296031951904,-0.10652506351470947,unchanged,True
2026,890,0,0,0,0.08304685354232788,0.3922201097011566,0.30917325615882874,unchanged,True
2026,897,0,1,0,0.7587969303131104,0.22980022430419922,-0.5289967060089111,improved,True
2026,901,0,1,1,0.7587969303131104,0.6052473187446594,-0.15354961156845093,unchanged,False
2026,904,0,0,0,0.07776058465242386,0.16665136814117432,0.08889078348875046,unchanged,False
2026,905,0,1,1,0.8940808176994324,0.6519443988800049,-0.2421364188194275,unchanged,True
2026,908,0,0,0,0.12418482452630997,0.12235716730356216,-0.0018276572227478027,unchanged,False
2026,909,0,0,0,0.07776058465242386,0.07776058465242386,0.0,unchanged,False
2026,910,0,1,0,0.5039457678794861,0.07776058465242386,-0.4261851832270622,improved,False
2026,911,0,0,0,0.34416866302490234,0.33669307827949524,-0.0074755847454071045,unchanged,False
2026,912,0,0,0,0.39221999049186707,0.3510899245738983,-0.04113006591796875,unchanged,True
2026,915,0,1,1,0.8190476894378662,0.8718931674957275,0.05284547805786133,unchanged,True
2026,916,0,0,0,0.12235721200704575,0.23751771450042725,0.1151605024933815,unchanged,False
2026,919,0,1,1,0.8940808176994324,0.6268691420555115,-0.2672116756439209,unchanged,True
2026,920,0,1,1,0.6801882982254028,0.728834867477417,0.04864656925201416,unchanged,True
2026,922,0,1,1,0.6615697145462036,0.7994926571846008,0.13792294263839722,unchanged,True
2026,924,0,0,0,0.08342383801937103,0.10593505203723907,0.022511214017868042,unchanged,False
2026,926,0,1,1,0.7052404880523682,0.6052473187446594,-0.09999316930770874,unchanged,False
2026,936,0,0,0,0.2636832594871521,0.2613842189311981,-0.0022990405559539795,unchanged,False
2026,937,0,0,0,0.11036792397499084,0.2636832892894745,0.15331536531448364,unchanged,False
2026,938,0,1,0,0.8940808176994324,0.18761242926120758,-0.7064683884382248,improved,True
2026,940,0,0,0,0.24096643924713135,0.13813236355781555,-0.1028340756893158,unchanged,True
2026,943,0,0,0,0.08304685354232788,0.24096018075942993,0.15791332721710205,unchanged,False
2026,944,0,0,0,0.08971134573221207,0.161056250333786,0.07134490460157394,unchanged,False
2026,947,0,1,0,0.4738820493221283,0.08929043263196945,-0.38459161669015884,improved,False
2026,952,0,1,0,0.7404154539108276,0.3330731689929962,-0.4073422849178314,improved,True
2026,953,0,1,1,0.8940808176994324,0.7287189960479736,-0.16536182165145874,unchanged,False
2026,954,0,0,0,0.46222352981567383,0.09168002009391785,-0.370543509721756,unchanged,False
2026,956,0,1,0,0.6390504240989685,0.16446059942245483,-0.47458982467651367,improved,True
2026,957,0,1,0,0.5716577172279358,0.2085581123828888,-0.363099604845047,improved,True
2026,959,0,0,0,0.09168002009391785,0.18761242926120758,0.09593240916728973,unchanged,True
2026,960,0,0,0,0.06825698912143707,0.17841275036334991,0.11015576124191284,unchanged,False
2026,962,0,1,0,0.8940808176994324,0.18761242926120758,-0.7064683884382248,improved,True
2026,965,0,1,0,0.5018512010574341,0.2085581123828888,-0.2932930886745453,improved,True
2026,968,0,1,0,0.6390504240989685,0.18761242926120758,-0.4514379948377609,improved,True
2026,970,0,1,0,0.7587969303131104,0.1799904853105545,-0.5788064450025558,improved,False
2026,971,0,0,0,0.16665135324001312,0.2085581123828888,0.04190675914287567,unchanged,True
2026,975,0,0,0,0.09168002009391785,0.08971134573221207,-0.00196867436170578,unchanged,False
2026,983,0,0,0,0.14936086535453796,0.08971134573221207,-0.0596495196223259,unchanged,False
2026,986,0,0,0,0.12235721200704575,0.37843015789985657,0.2560729458928108,unchanged,True
2026,992,0,0,0,0.11036792397499084,0.1461729258298874,0.035805001854896545,unchanged,False
2026,993,0,1,0,0.7116749286651611,0.1461729258298874,-0.5655020028352737,improved,False
2026,995,0,0,0,0.08813328295946121,0.08971134573221207,0.0015780627727508545,unchanged,False
2026,996,0,0,0,0.06825698912143707,0.08971134573221207,0.021454356610774994,unchanged,False
2026,998,0,0,0,0.37220126390457153,0.1461729258298874,-0.22602833807468414,unchanged,False
2026,1000,0,0,0,0.06825698912143707,0.08971134573221207,0.021454356610774994,unchanged,False
2026,1002,0,0,0,0.08929045498371124,0.1461729258298874,0.05688247084617615,unchanged,False
2026,1004,0,0,0,0.11036794632673264,0.1461729258298874,0.035804979503154755,unchanged,False
2026,1007,0,0,0,0.06825698912143707,0.1461729258298874,0.07791593670845032,unchanged,False
2026,1009,0,0,0,0.1827106773853302,0.1461729258298874,-0.03653775155544281,unchanged,False
2026,1010,0,0,0,0.07776058465242386,0.08971134573221207,0.011950761079788208,unchanged,False
2026,1011,1,0,0,0.3247680068016052,0.27556243538856506,-0.04920557141304016,unchanged,True
