seed,case_num,y_true,baseline_y_pred,corrected_y_pred,baseline_y_prob,corrected_y_prob,probability_delta,outcome,is_inconsistent_profile
42,4,0,1,1,0.9594858288764954,0.2355264127254486,-0.7239594459533691,unchanged,False
42,7,0,0,0,0.011442968621850014,0.005697916727513075,-0.005745051894336939,unchanged,False
42,9,0,0,0,0.0026682547759264708,0.005697916727513075,0.003029661951586604,unchanged,False
42,11,0,0,1,0.010265534743666649,0.13601848483085632,0.12575295567512512,worsened,True
42,15,0,0,0,0.01620730385184288,0.01089558843523264,-0.005311715416610241,unchanged,False
42,16,0,0,0,0.006513325963169336,0.0033479148987680674,-0.003165411064401269,unchanged,False
42,21,0,0,0,0.06904147565364838,0.02923966571688652,-0.039801809936761856,unchanged,True
42,24,0,0,0,0.020706722512841225,0.005697916727513075,-0.015008805319666862,unchanged,False
42,29,0,0,1,0.0033876739908009768,0.08080694824457169,0.07741927355527878,worsened,False
42,32,0,1,0,0.08646891266107559,0.005697916727513075,-0.08077099919319153,improved,False
42,33,0,1,0,0.6796347498893738,0.06544437259435654,-0.614190399646759,improved,True
42,35,0,1,1,0.5973857641220093,0.10248645395040512,-0.49489930272102356,unchanged,False
42,36,0,0,0,0.004196132533252239,0.005697916727513075,0.0015017841942608356,unchanged,False
42,39,0,0,1,0.016465557739138603,0.08080694824457169,0.06434138864278793,worsened,False
42,41,0,0,1,0.030966071411967278,0.18719148635864258,0.15622541308403015,worsened,False
42,42,0,0,0,0.0030031863134354353,0.0033479148987680674,0.00034472858533263206,unchanged,False
42,43,0,0,0,0.0019447042141109705,0.0025166028644889593,0.0005718986503779888,unchanged,False
42,45,0,0,0,0.003331611165776849,0.0025166028644889593,-0.0008150083012878895,unchanged,False
42,53,0,0,0,0.004943018313497305,0.004304984584450722,-0.0006380337290465832,unchanged,True
42,54,0,0,0,0.003390854923054576,0.004304984584450722,0.0009141296613961458,unchanged,True
42,55,0,0,0,0.006506156176328659,0.0025166028644889593,-0.003989553079009056,unchanged,False
42,56,0,0,0,0.004925323650240898,0.004304984584450722,-0.0006203390657901764,unchanged,True
42,58,0,0,0,0.0077588544227182865,0.004304984584450722,-0.0034538698382675648,unchanged,True
42,60,0,0,0,0.0020919342059642076,0.0025166028644889593,0.00042466865852475166,unchanged,False
42,62,0,0,0,0.003464266424998641,0.007842691615223885,0.0043784249573946,unchanged,False
42,65,0,0,0,0.008694974705576897,0.004304984584450722,-0.004389990121126175,unchanged,True
42,67,0,0,0,0.003009619191288948,0.004525249358266592,0.001515630166977644,unchanged,True
42,71,0,0,0,0.004001167137175798,0.04423556849360466,0.04023440182209015,unchanged,False
42,72,0,0,0,0.005745731294155121,0.008291708305478096,0.002545977011322975,unchanged,False
42,74,0,0,0,0.011335675604641438,0.0561220683157444,0.04478639364242554,unchanged,False
42,79,0,0,0,0.00360322673805058,0.01174751203507185,0.008144285529851913,unchanged,False
42,84,0,1,0,0.13551291823387146,0.016685444861650467,-0.11882747709751129,improved,False
42,86,0,0,0,0.003046757308766246,0.005674214102327824,0.002627456793561578,unchanged,False
42,87,0,0,1,0.0030876274686306715,0.10429316759109497,0.10120554268360138,worsened,False
42,90,0,0,1,0.007308542728424072,0.18719148635864258,0.1798829436302185,worsened,False
42,91,0,0,1,0.012040487490594387,0.12081605195999146,0.1087755635380745,worsened,False
42,92,0,0,0,0.007398439105600119,0.02733008936047554,0.019931649789214134,unchanged,False
42,97,0,0,0,0.060167111456394196,0.036489516496658325,-0.02367759495973587,unchanged,False
42,98,0,0,0,0.023084063082933426,0.059151094406843185,0.03606703132390976,unchanged,False
42,100,0,0,1,0.003432661294937134,0.0938749834895134,0.09044232219457626,worsened,False
42,103,0,0,0,0.0026467936113476753,0.04423556849360466,0.04158877581357956,unchanged,False
42,104,0,0,1,0.003560320707038045,0.14261701703071594,0.13905669748783112,worsened,False
42,107,0,0,1,0.031963951885700226,0.3757094144821167,0.34374547004699707,worsened,False
42,109,0,0,0,0.0028511579148471355,0.016012774780392647,0.013161616399884224,unchanged,False
42,112,0,0,0,0.003581817029044032,0.013794559054076672,0.010212741792201996,unchanged,False
42,113,0,0,1,0.03587223216891289,0.25980833172798157,0.22393609583377838,worsened,True
42,114,0,0,0,0.0018586531514301896,0.00733884098008275,0.0054801879450678825,unchanged,False
42,116,0,0,1,0.03421562910079956,0.12081605195999146,0.0866004228591919,worsened,False
42,117,0,0,0,0.0026163419242948294,0.005968229379504919,0.0033518874552100897,unchanged,False
42,121,0,1,1,0.7375787496566772,0.07540232688188553,-0.6621764302253723,unchanged,True
42,126,0,1,1,0.15757744014263153,0.20740224421024323,0.049824804067611694,unchanged,False
42,127,0,0,1,0.03747441992163658,0.2103334218263626,0.17285899817943573,worsened,False
42,129,0,1,1,0.09276516735553741,0.26210227608680725,0.16933710873126984,unchanged,False
42,135,0,1,1,0.24144069850444794,0.08546286821365356,-0.15597783029079437,unchanged,True
42,136,0,0,1,0.016234010457992554,0.13441231846809387,0.11817830801010132,worsened,False
42,137,0,1,0,0.15589399635791779,0.0322665199637413,-0.12362747639417648,improved,True
42,139,0,0,0,0.002512398874387145,0.0233719851821661,0.02085958607494831,unchanged,False
42,144,0,0,1,0.01442549005150795,0.10429316759109497,0.08986768126487732,worsened,False
42,145,0,0,0,0.002446594415232539,0.008291708305478096,0.005845113657414913,unchanged,False
42,146,0,0,0,0.002123485552147031,0.014336640015244484,0.012213154695928097,unchanged,False
42,147,0,0,0,0.022858748212456703,0.004371676594018936,-0.018487071618437767,unchanged,False
42,148,0,0,0,0.002302645705640316,0.013794559054076672,0.011491913348436356,unchanged,False
42,150,0,0,0,0.0019656845834106207,0.00733884098008275,0.005373156629502773,unchanged,False
42,152,0,0,0,0.0027603001799434423,0.006284527480602264,0.003524227300658822,unchanged,False
42,159,0,0,0,0.00397426588460803,0.014336640015244484,0.010362373664975166,unchanged,False
42,161,0,0,0,0.002033608965575695,0.04423556849360466,0.04220195859670639,unchanged,False
42,162,0,1,1,0.2663441002368927,0.07236108183860779,-0.1939830183982849,unchanged,False
42,168,0,1,1,0.20522582530975342,0.28448858857154846,0.07926276326179504,unchanged,True
42,169,0,0,0,0.008129382506012917,0.008291708305478096,0.00016232579946517944,unchanged,False
42,172,0,0,0,0.004954947158694267,0.01576651819050312,0.010811571031808853,unchanged,False
42,173,0,1,0,0.1722283661365509,0.04423556849360466,-0.12799279391765594,improved,False
42,178,0,0,0,0.003369514364749193,0.00733884098008275,0.003969326615333557,unchanged,False
42,179,0,0,0,0.0022268486209213734,0.00733884098008275,0.005111992359161377,unchanged,False
42,180,0,0,1,0.006114340852946043,0.11243120580911636,0.10631686449050903,worsened,False
42,182,0,0,0,0.002628056798130274,0.004425383172929287,0.0017973263747990131,unchanged,False
42,183,0,1,0,0.4098290205001831,0.03459104523062706,-0.37523797154426575,improved,False
42,191,0,0,1,0.0021310029551386833,0.11243120580911636,0.1103002056479454,worsened,False
42,196,0,0,0,0.0019496321910992265,0.004425383172929287,0.0024757510982453823,unchanged,False
42,197,0,0,0,0.005858708173036575,0.014336640015244484,0.008477931842207909,unchanged,False
42,200,0,0,0,0.002422997960820794,0.00733884098008275,0.0049158427864313126,unchanged,False
42,201,0,1,0,0.09222062677145004,0.035329099744558334,-0.05689152702689171,improved,False
42,202,0,0,1,0.002054462907835841,0.11243120580911636,0.1103767454624176,worsened,False
42,206,0,0,1,0.0024704437237232924,0.11243120580911636,0.10996076464653015,worsened,False
42,207,0,0,0,0.005689186509698629,0.004425383172929287,-0.0012638033367693424,unchanged,False
42,208,0,0,0,0.001808218308724463,0.004425383172929287,0.002617164980620146,unchanged,False
42,213,0,0,0,0.007671890780329704,0.004947073291987181,-0.0027248174883425236,unchanged,False
42,216,0,0,1,0.03787292540073395,0.10429316759109497,0.06642024219036102,worsened,False
42,218,0,0,0,0.0071398476138710976,0.014336640015244484,0.007196792401373386,unchanged,False
42,220,0,1,0,0.37987807393074036,0.004947073291987181,-0.3749310076236725,improved,False
42,225,0,0,0,0.00925465114414692,0.014336640015244484,0.005081988871097565,unchanged,False
42,227,0,0,0,0.003913537599146366,0.005968229379504919,0.002054691780358553,unchanged,False
42,228,0,1,1,0.2953723967075348,0.20790396630764008,-0.08746843039989471,unchanged,False
42,231,0,1,0,0.12974126636981964,0.036489516496658325,-0.09325174987316132,improved,False
42,232,0,0,0,0.007406052201986313,0.004371676594018936,-0.0030343756079673767,unchanged,False
42,239,0,1,1,0.10270773619413376,0.28448858857154846,0.1817808449268341,unchanged,True
42,242,0,0,0,0.010962114669382572,0.014336640015244484,0.0033745253458619118,unchanged,False
42,243,0,0,1,0.008020350709557533,0.10429316759109497,0.09627281874418259,worsened,False
42,244,0,0,0,0.053069476038217545,0.014336640015244484,-0.03873283416032791,unchanged,False
42,249,0,0,1,0.006246596574783325,0.31790459156036377,0.31165799498558044,worsened,True
42,250,0,1,1,0.11442303657531738,0.36156079173088074,0.24713775515556335,unchanged,False
42,251,0,1,0,0.4218297302722931,0.006540556903928518,-0.41528916358947754,improved,False
42,253,0,0,0,0.010602888651192188,0.008291708305478096,-0.0023111803457140923,unchanged,False
42,254,0,1,0,0.0760173499584198,0.014336640015244484,-0.061680711805820465,improved,False
42,263,0,1,0,0.4013783633708954,0.019207226112484932,-0.3821711242198944,improved,False
42,264,0,1,1,0.14401039481163025,0.7738751173019409,0.6298646926879883,unchanged,False
42,269,0,0,0,0.003245084546506405,0.014336640015244484,0.011091555468738079,unchanged,False
42,270,0,0,0,0.002918628975749016,0.014336640015244484,0.011418011039495468,unchanged,False
42,271,0,0,1,0.0039069922640919685,0.31790459156036377,0.3139975965023041,worsened,True
42,272,0,0,0,0.006907421629875898,0.014336640015244484,0.007429218385368586,unchanged,False
42,274,0,0,0,0.02057831920683384,0.014336640015244484,-0.0062416791915893555,unchanged,False
42,276,0,1,1,0.6069697737693787,0.0865539014339447,-0.5204159021377563,unchanged,False
42,279,0,1,1,0.24735300242900848,0.463443785905838,0.21609078347682953,unchanged,True
42,280,0,0,1,0.0068990993313491344,0.48231908679008484,0.4754199981689453,worsened,False
42,281,0,0,0,0.002427303232252598,0.014336640015244484,0.011909336782991886,unchanged,False
42,282,0,0,1,0.0405002124607563,0.12619160115718842,0.08569139242172241,worsened,False
42,283,0,0,0,0.0023643148597329855,0.013794559054076672,0.011430243961513042,unchanged,False
42,285,0,0,0,0.013433916494250298,0.014336640015244484,0.0009027235209941864,unchanged,False
42,290,0,0,0,0.005627336911857128,0.008291708305478096,0.002664371393620968,unchanged,False
42,292,0,0,0,0.006379603408277035,0.03271269053220749,0.02633308619260788,unchanged,True
42,297,0,1,0,0.41854289174079895,0.012870046310126781,-0.4056728482246399,improved,False
42,299,0,0,1,0.007333212532103062,0.7302353978157043,0.7229021787643433,worsened,True
42,303,0,0,0,0.010261728428304195,0.013794559054076672,0.003532830625772476,unchanged,False
42,308,0,0,1,0.0037276220973581076,0.463443785905838,0.45971617102622986,worsened,True
42,310,0,0,0,0.014296992681920528,0.014336640015244484,3.9647333323955536e-05,unchanged,False
42,312,0,1,0,0.1103811264038086,0.013794559054076672,-0.09658657014369965,improved,False
42,314,0,0,1,0.03428279981017113,0.31790459156036377,0.28362178802490234,worsened,True
42,320,0,0,0,0.004974722396582365,0.036489516496658325,0.03151479363441467,unchanged,False
42,321,0,0,0,0.007599789183586836,0.014336640015244484,0.006736850831657648,unchanged,False
42,322,0,1,1,0.08039173483848572,0.5800923109054565,0.4997005760669708,unchanged,False
42,327,0,0,1,0.010021033696830273,0.08643026649951935,0.0764092355966568,worsened,False
42,328,0,0,0,0.01748162880539894,0.01987283118069172,0.002391202375292778,unchanged,True
42,331,0,1,0,0.21989230811595917,0.014336640015244484,-0.20555566251277924,improved,False
42,336,0,0,1,0.005714887287467718,0.28601303696632385,0.2802981436252594,worsened,False
42,338,0,0,1,0.003356930799782276,0.08643026649951935,0.08307333290576935,worsened,False
42,339,0,0,1,0.003282720921561122,0.11022859066724777,0.10694587230682373,worsened,False
42,340,0,0,1,0.013409644365310669,0.5800923109054565,0.5666826963424683,worsened,False
42,341,0,0,1,0.07173026353120804,0.316262423992157,0.24453216791152954,worsened,True
42,343,0,0,1,0.007658692076802254,0.5800923109054565,0.572433590888977,worsened,False
42,345,0,0,0,0.06007493659853935,0.04423556849360466,-0.015839368104934692,unchanged,False
42,348,0,1,1,0.0836772620677948,0.14571160078048706,0.06203433871269226,unchanged,True
42,349,0,0,0,0.007043173070997,0.005674214102327824,-0.001368958968669176,unchanged,False
42,350,0,0,0,0.00484441639855504,0.013794559054076672,0.008950142189860344,unchanged,False
42,352,0,1,0,0.5461962819099426,0.014921565540134907,-0.5312747359275818,improved,False
42,358,0,1,1,0.08923918008804321,0.09388349950313568,0.004644319415092468,unchanged,True
42,359,0,0,0,0.018058927729725838,0.014336640015244484,-0.0037222877144813538,unchanged,False
42,360,0,0,1,0.022295549511909485,0.12081605195999146,0.09852050244808197,worsened,False
42,362,0,0,1,0.02562064863741398,0.5521615743637085,0.5265409350395203,worsened,True
42,364,0,0,0,0.027308134362101555,0.013794559054076672,-0.013513575308024883,unchanged,False
42,366,0,0,0,0.008833379484713078,0.022395960986614227,0.01356258150190115,unchanged,True
42,368,0,1,1,0.34068790078163147,0.6151870489120483,0.27449914813041687,unchanged,True
42,371,0,0,1,0.009860921651124954,0.558097243309021,0.5482363104820251,worsened,False
42,372,0,0,0,0.046165816485881805,0.014336640015244484,-0.03182917833328247,unchanged,False
42,382,0,0,0,0.01706058345735073,0.014336640015244484,-0.002723943442106247,unchanged,False
42,386,0,0,1,0.043774235993623734,0.14571160078048706,0.10193736851215363,worsened,True
42,391,0,1,0,0.8438443541526794,0.0354117713868618,-0.8084325790405273,improved,False
42,397,0,0,0,0.008132586255669594,0.014336640015244484,0.00620405375957489,unchanged,False
42,400,0,0,0,0.011356606148183346,0.03271269053220749,0.02135608345270157,unchanged,True
42,401,0,0,1,0.008921251632273197,0.28448858857154846,0.27556732296943665,worsened,True
42,403,0,0,0,0.008675961755216122,0.014336640015244484,0.005660678260028362,unchanged,False
42,405,0,0,0,0.009999257512390614,0.014336640015244484,0.00433738250285387,unchanged,False
42,408,0,0,1,0.012188596650958061,0.28448858857154846,0.27230000495910645,worsened,True
42,409,0,0,0,0.006016756407916546,0.04423556849360466,0.03821881115436554,unchanged,False
42,411,0,1,0,0.7856934666633606,0.017462436109781265,-0.7682310342788696,improved,False
42,414,0,0,0,0.004086968954652548,0.03810836747288704,0.03402139991521835,unchanged,False
42,415,0,0,0,0.004359047394245863,0.022395960986614227,0.018036913126707077,unchanged,True
42,417,0,1,1,0.38103294372558594,0.9684904217720032,0.5874574780464172,unchanged,False
42,418,0,0,1,0.003430559067055583,0.08665631711483002,0.08322575688362122,worsened,True
42,421,0,0,0,0.04036470130085945,0.04423556849360466,0.0038708671927452087,unchanged,False
42,425,0,0,0,0.006004444323480129,0.008291708305478096,0.0022872639819979668,unchanged,False
42,428,0,0,0,0.02421405352652073,0.059151094406843185,0.03493703901767731,unchanged,False
42,433,0,1,0,0.9602015614509583,0.03810836747288704,-0.9220932126045227,improved,False
42,435,0,0,0,0.013098850846290588,0.033485960215330124,0.020387109369039536,unchanged,True
42,439,0,1,1,0.4961634576320648,0.10429316759109497,-0.39187029004096985,unchanged,False
42,443,0,0,0,0.012665479443967342,0.04423556849360466,0.03157008811831474,unchanged,False
42,444,0,0,0,0.004764603450894356,0.014336640015244484,0.009572036564350128,unchanged,False
42,445,0,0,0,0.03321044147014618,0.014336640015244484,-0.018873801454901695,unchanged,False
42,451,0,0,0,0.008658524602651596,0.022071020677685738,0.013412496075034142,unchanged,False
42,454,0,0,0,0.011636218056082726,0.014336640015244484,0.0027004219591617584,unchanged,False
42,457,0,0,0,0.01455790363252163,0.014336640015244484,-0.00022126361727714539,unchanged,False
42,460,0,0,0,0.015745872631669044,0.014336640015244484,-0.0014092326164245605,unchanged,False
42,462,0,0,0,0.009157175198197365,0.008291708305478096,-0.0008654668927192688,unchanged,False
42,465,0,1,1,0.15023694932460785,0.28448858857154846,0.1342516392469406,unchanged,True
42,469,0,0,0,0.0018469037022441626,0.04423556849360466,0.042388666421175,unchanged,False
42,471,0,0,0,0.014562721364200115,0.00830504298210144,-0.006257678382098675,unchanged,False
42,472,0,0,0,0.0030120983719825745,0.00830504298210144,0.005292944610118866,unchanged,False
42,478,0,1,1,0.2609182298183441,0.24392500519752502,-0.016993224620819092,unchanged,True
42,480,0,0,0,0.0067853666841983795,0.010334628634154797,0.003549261949956417,unchanged,False
42,481,0,1,1,0.9521371126174927,0.09016008675098419,-0.8619770407676697,unchanged,False
42,483,0,0,1,0.012949926778674126,0.28448858857154846,0.2715386748313904,worsened,True
42,486,0,0,1,0.0032578182872384787,0.31790459156036377,0.31464678049087524,worsened,True
42,491,0,0,0,0.014493768103420734,0.03271269053220749,0.01821892336010933,unchanged,True
42,492,0,1,0,0.737686812877655,0.036489516496658325,-0.7011972665786743,improved,False
42,505,0,0,0,0.003369277575984597,0.008291708305478096,0.0049224309623241425,unchanged,False
42,511,0,0,0,0.003306562313809991,0.006284527480602264,0.0029779651667922735,unchanged,False
42,517,0,1,0,0.18049514293670654,0.012870046310126781,-0.16762509942054749,improved,False
42,524,0,0,0,0.022405803203582764,0.012870046310126781,-0.009535756893455982,unchanged,False
42,525,0,1,0,0.07898831367492676,0.06544437259435654,-0.013543941080570221,improved,True
42,527,0,0,0,0.0029535016510635614,0.0025166028644889593,-0.0004368987865746021,unchanged,False
42,528,0,0,0,0.0023390904534608126,0.0077780624851584435,0.0054389722645282745,unchanged,False
42,532,0,0,1,0.05978252738714218,0.27201056480407715,0.21222802996635437,worsened,True
42,535,0,0,0,0.011179422959685326,0.005697916727513075,-0.005481506232172251,unchanged,False
42,536,0,0,1,0.002591467462480068,0.12267637997865677,0.12008491158485413,worsened,False
42,537,0,0,0,0.005895368289202452,0.014336640015244484,0.008441271260380745,unchanged,False
42,540,0,0,1,0.0028401846066117287,0.10429316759109497,0.10145298391580582,worsened,False
42,542,0,1,1,0.10544973611831665,0.10429316759109497,-0.0011565685272216797,unchanged,False
42,547,0,0,1,0.057206831872463226,0.10429316759109497,0.047086335718631744,worsened,False
42,549,0,0,0,0.0024761315435171127,0.03810836747288704,0.035632237792015076,unchanged,False
42,557,0,0,0,0.00166134478058666,0.0027759321965277195,0.0011145874159410596,unchanged,False
42,560,0,0,0,0.006958379875868559,0.008291708305478096,0.0013333284296095371,unchanged,False
42,561,0,0,0,0.02062107063829899,0.014336640015244484,-0.006284430623054504,unchanged,False
42,562,0,0,1,0.019149446859955788,0.10429316759109497,0.08514372259378433,worsened,False
42,563,0,0,0,0.0032172685023397207,0.008291708305478096,0.005074439570307732,unchanged,False
42,567,0,0,0,0.010730079375207424,0.002908439375460148,-0.007821639999747276,unchanged,True
42,569,0,0,0,0.003561158664524555,0.014336640015244484,0.010775481350719929,unchanged,False
42,570,0,0,0,0.004989517852663994,0.002908439375460148,-0.002081078477203846,unchanged,True
42,573,0,0,0,0.004596929997205734,0.005674214102327824,0.0010772841051220894,unchanged,False
42,574,0,0,0,0.006602857261896133,0.008291708305478096,0.0016888510435819626,unchanged,False
42,575,0,0,0,0.00282491953112185,0.005674214102327824,0.0028492945712059736,unchanged,False
42,576,0,0,0,0.003286192659288645,0.005674214102327824,0.002388021443039179,unchanged,False
42,578,1,0,1,0.027492506429553032,0.6330047249794006,0.6055122017860413,improved,False
42,579,1,1,1,0.1253514140844345,0.07540232688188553,-0.04994908720254898,unchanged,True
42,581,1,1,1,0.8863503932952881,0.9886381030082703,0.10228770971298218,unchanged,False
42,582,1,1,1,0.13375559449195862,0.5569887161254883,0.42323312163352966,unchanged,False
42,583,1,1,1,0.10156030207872391,0.5994867086410522,0.49792641401290894,unchanged,True
42,586,1,0,1,0.02083810232579708,0.1130317822098732,0.09219367802143097,improved,True
42,589,1,1,1,0.44430306553840637,0.5994867086410522,0.15518364310264587,unchanged,True
42,590,1,1,1,0.9147099256515503,0.5994867086410522,-0.31522321701049805,unchanged,True
42,591,1,0,1,0.006452585570514202,0.1130317822098732,0.10657919943332672,improved,True
42,593,1,1,1,0.5734168291091919,0.234018012881279,-0.3393988013267517,unchanged,True
42,596,1,0,0,0.019246820360422134,0.05729341134428978,0.038046590983867645,unchanged,False
42,599,1,0,1,0.020530665293335915,0.233247771859169,0.21271710097789764,improved,False
42,600,1,0,1,0.019342565909028053,0.234018012881279,0.2146754413843155,improved,True
42,604,1,1,1,0.9866950511932373,0.5994867086410522,-0.38720834255218506,unchanged,True
42,609,1,1,0,0.34940123558044434,0.03271269053220749,-0.31668853759765625,worsened,True
42,611,1,0,1,0.023069418966770172,0.5994867086410522,0.5764172673225403,improved,True
42,618,1,1,0,0.5856637954711914,0.00581114087253809,-0.5798526406288147,worsened,False
42,619,1,1,0,0.16497613489627838,0.014425340108573437,-0.15055079758167267,worsened,True
42,620,1,1,1,0.09713651239871979,0.1130317822098732,0.015895269811153412,unchanged,True
42,629,1,0,1,0.0035462540108710527,0.10988470166921616,0.10633844882249832,improved,False
42,631,1,1,1,0.8030666708946228,0.5994867086410522,-0.20357996225357056,unchanged,True
42,633,1,1,1,0.32861021161079407,0.220949187874794,-0.10766102373600006,unchanged,True
42,634,1,0,0,0.06602104753255844,0.0076594422571361065,-0.05836160480976105,unchanged,False
42,635,1,1,1,0.712590217590332,0.14571160078048706,-0.566878616809845,unchanged,True
42,637,1,0,0,0.04292601719498634,0.04542888328433037,0.0025028660893440247,unchanged,True
42,640,1,0,0,0.010821010917425156,0.01905244030058384,0.008231429383158684,unchanged,False
42,641,1,1,1,0.9924420118331909,0.9907773733139038,-0.0016646385192871094,unchanged,False
42,645,1,1,1,0.9946723580360413,0.7308557033538818,-0.2638166546821594,unchanged,False
42,649,1,1,1,0.9928367733955383,0.9145632982254028,-0.0782734751701355,unchanged,False
42,650,1,1,1,0.989632248878479,0.9198794364929199,-0.06975281238555908,unchanged,False
42,653,1,1,1,0.09171050041913986,0.22327308356761932,0.13156259059906006,unchanged,False
42,656,1,1,1,0.7165505290031433,0.7714520692825317,0.05490154027938843,unchanged,False
42,657,1,1,1,0.9944071769714355,0.9304389953613281,-0.06396818161010742,unchanged,False
42,661,1,1,1,0.9876216053962708,0.9654272794723511,-0.022194325923919678,unchanged,False
42,664,1,0,1,0.02564689889550209,0.7302353978157043,0.7045884728431702,improved,True
42,672,1,1,1,0.7906587719917297,0.883127748966217,0.0924689769744873,unchanged,True
42,673,1,0,1,0.05123916268348694,0.09388349950313568,0.04264433681964874,improved,True
42,677,1,1,1,0.09283360838890076,0.5856075882911682,0.49277397990226746,unchanged,True
42,683,1,1,1,0.9940561056137085,0.929831326007843,-0.06422477960586548,unchanged,False
42,685,1,0,1,0.019116362556815147,0.5041077136993408,0.4849913418292999,improved,True
42,688,1,1,1,0.9127879738807678,0.6471153497695923,-0.26567262411117554,unchanged,True
42,689,1,1,1,0.25229084491729736,0.824351966381073,0.5720611214637756,unchanged,False
42,693,1,0,0,0.03937719017267227,0.06544437259435654,0.026067182421684265,unchanged,True
42,696,1,0,1,0.00932853389531374,0.5856075882911682,0.5762790441513062,improved,True
42,700,1,1,1,0.9775031805038452,0.5994867086410522,-0.37801647186279297,unchanged,True
42,702,1,1,1,0.8838245868682861,0.9406752586364746,0.05685067176818848,unchanged,False
42,705,1,1,0,0.32149454951286316,0.05016858130693436,-0.2713259756565094,worsened,False
42,708,1,0,1,0.06698548048734665,0.08546286821365356,0.018477387726306915,improved,True
42,710,1,0,1,0.0333431214094162,0.6151870489120483,0.581843912601471,improved,True
42,711,1,1,1,0.7142400741577148,0.9907773733139038,0.27653729915618896,unchanged,False
42,716,1,1,1,0.1308981478214264,0.7563009858131409,0.6254028081893921,unchanged,False
42,717,1,1,1,0.08549422025680542,0.5994867086410522,0.5139924883842468,unchanged,True
42,720,1,0,1,0.028155291453003883,0.8346410989761353,0.8064858317375183,improved,True
42,721,1,0,0,0.002996699884533882,0.05016858130693436,0.047171883285045624,unchanged,False
42,722,1,1,0,0.7945942878723145,0.010113312862813473,-0.7844809889793396,worsened,False
42,724,1,1,1,0.8388334512710571,0.0761578232049942,-0.7626756429672241,unchanged,True
42,726,1,1,1,0.9828402996063232,0.9907773733139038,0.007937073707580566,unchanged,False
42,727,1,1,1,0.224093958735466,0.08665631711483002,-0.137437641620636,unchanged,True
42,728,1,0,1,0.036606565117836,0.5547817349433899,0.5181751847267151,improved,False
42,730,1,1,0,0.7462269067764282,0.04012428596615791,-0.7061026096343994,worsened,False
42,732,1,1,1,0.6367380023002625,0.9145632982254028,0.2778252959251404,unchanged,False
42,733,1,1,1,0.18703752756118774,0.9223331212997437,0.7352955937385559,unchanged,False
42,735,1,1,1,0.9647414088249207,0.5994867086410522,-0.3652547001838684,unchanged,True
42,736,1,0,1,0.004716262686997652,0.220949187874794,0.21623292565345764,improved,True
42,739,1,1,0,0.29102277755737305,0.01905244030058384,-0.27197033166885376,worsened,False
42,741,1,1,1,0.6314799189567566,0.234018012881279,-0.3974618911743164,unchanged,True
42,744,1,1,1,0.6065537333488464,0.6691992282867432,0.06264549493789673,unchanged,False
42,745,1,1,1,0.8275099396705627,0.9035160541534424,0.07600611448287964,unchanged,False
42,747,1,1,1,0.9864082336425781,0.6330047249794006,-0.3534035086631775,unchanged,False
42,752,1,1,1,0.9944625496864319,0.9267714619636536,-0.06769108772277832,unchanged,False
42,759,1,1,1,0.250528484582901,0.513671875,0.263143390417099,unchanged,False
42,760,1,1,1,0.9487472772598267,0.25980833172798157,-0.6889389753341675,unchanged,True
42,761,1,1,0,0.10772708058357239,0.06544437259435654,-0.04228270798921585,worsened,True
42,762,1,0,0,0.0053545041009783745,0.06544437259435654,0.06008986756205559,unchanged,True
42,766,1,0,1,0.0422939732670784,0.9923685193061829,0.9500745534896851,improved,False
42,777,1,1,1,0.9908060431480408,0.8245177268981934,-0.1662883162498474,unchanged,False
42,780,1,1,1,0.9788859486579895,0.6471153497695923,-0.3317705988883972,unchanged,True
42,781,1,1,1,0.5954260230064392,0.3482452929019928,-0.2471807301044464,unchanged,False
42,782,1,1,1,0.42821699380874634,0.6471153497695923,0.21889835596084595,unchanged,True
42,786,1,0,1,0.022777961567044258,0.7106373906135559,0.6878594160079956,improved,False
42,787,1,1,1,0.9797357320785522,0.9398265480995178,-0.039909183979034424,unchanged,False
42,791,1,1,1,0.8054459095001221,0.6691992282867432,-0.1362466812133789,unchanged,False
42,792,1,1,1,0.9663974046707153,0.25980833172798157,-0.7065891027450562,unchanged,True
42,793,1,1,1,0.903078556060791,0.8067795634269714,-0.09629899263381958,unchanged,True
42,796,1,1,1,0.9937644004821777,0.8660011291503906,-0.1277632713317871,unchanged,False
42,797,1,1,1,0.9932250380516052,0.883127748966217,-0.11009728908538818,unchanged,True
42,799,1,1,1,0.22185596823692322,0.8067795634269714,0.5849236249923706,unchanged,True
42,801,1,0,0,0.011572005227208138,0.04223966971039772,0.030667664483189583,unchanged,False
42,804,1,0,1,0.012625031173229218,0.10020850598812103,0.08758347481489182,improved,False
42,806,1,1,1,0.38858234882354736,0.9886381030082703,0.6000557541847229,unchanged,False
42,808,1,1,1,0.07903582602739334,0.6691992282867432,0.5901634097099304,unchanged,False
42,810,1,1,0,0.36342689394950867,0.06544437259435654,-0.29798251390457153,worsened,True
42,811,1,0,0,0.010284843854606152,0.00607649702578783,-0.004208346828818321,unchanged,True
42,812,1,0,1,0.01634833961725235,0.5917410850524902,0.5753927230834961,improved,True
42,813,1,0,1,0.0046964483335614204,0.9885745644569397,0.9838781356811523,improved,False
42,817,1,1,1,0.12756305932998657,0.5736530423164368,0.4460899829864502,unchanged,False
42,818,1,1,1,0.9948508143424988,0.883127748966217,-0.11172306537628174,unchanged,True
42,820,1,1,1,0.30012962222099304,0.27201056480407715,-0.028119057416915894,unchanged,True
42,821,1,1,1,0.983380913734436,0.8067795634269714,-0.1766013503074646,unchanged,True
42,827,1,1,1,0.8382673263549805,0.13601848483085632,-0.7022488117218018,unchanged,True
42,830,0,0,0,0.0033269894775003195,0.008291708305478096,0.004964718595147133,unchanged,False
42,831,0,0,0,0.0020526316948235035,0.004425383172929287,0.0023727514781057835,unchanged,False
42,834,0,0,0,0.0068621039390563965,0.018402250483632088,0.011540146544575691,unchanged,False
42,837,0,0,0,0.0026411828584969044,0.005108356010168791,0.0024671731516718864,unchanged,False
42,838,0,0,0,0.005538281053304672,0.00733884098008275,0.001800559926778078,unchanged,False
42,840,0,0,0,0.0025938546750694513,0.004258083179593086,0.001664228504523635,unchanged,False
42,846,0,0,1,0.007965241558849812,0.5786722898483276,0.5707070231437683,worsened,False
42,850,0,1,1,0.7700415849685669,0.8060575723648071,0.036015987396240234,unchanged,False
42,854,0,0,0,0.013085802085697651,0.03072667308151722,0.017640870064496994,unchanged,False
42,859,0,0,1,0.0023939141537994146,0.463443785905838,0.461049884557724,worsened,True
42,862,0,0,1,0.015347546897828579,0.5856075882911682,0.5702600479125977,worsened,True
42,863,0,0,1,0.001721763052046299,0.5041077136993408,0.5023859739303589,worsened,True
42,865,0,0,0,0.002699282020330429,0.005968229379504919,0.00326894735917449,unchanged,False
42,866,0,0,0,0.0029967084992676973,0.005968229379504919,0.0029715208802372217,unchanged,False
42,867,0,1,1,0.9511182308197021,0.29052695631980896,-0.6605912446975708,unchanged,False
42,868,0,0,0,0.0042077903635799885,0.005968229379504919,0.0017604390159249306,unchanged,False
42,872,0,1,1,0.25499024987220764,0.5041077136993408,0.24911746382713318,unchanged,True
42,874,0,1,1,0.4351450800895691,0.5856075882911682,0.15046250820159912,unchanged,True
42,878,0,0,0,0.013808241114020348,0.016536129638552666,0.002727888524532318,unchanged,False
42,880,0,0,0,0.004182212054729462,0.014445924200117588,0.010263712145388126,unchanged,False
42,881,0,0,0,0.0026029711589217186,0.035329099744558334,0.03272612765431404,unchanged,False
42,884,0,1,1,0.539290189743042,0.6471153497695923,0.10782516002655029,unchanged,True
42,887,0,0,1,0.006065172143280506,0.7120398283004761,0.7059746384620667,worsened,False
42,888,0,0,0,0.04432219639420509,0.027160663157701492,-0.0171615332365036,unchanged,False
42,889,0,1,0,0.37941813468933105,0.06544437259435654,-0.3139737546443939,improved,True
42,890,0,0,1,0.002261711284518242,0.0761578232049942,0.07389611005783081,worsened,True
42,897,0,0,0,0.0018638594774529338,0.0322665199637413,0.030402660369873047,unchanged,True
42,901,0,1,1,0.11535104364156723,0.6017569899559021,0.4864059388637543,unchanged,False
42,904,0,0,0,0.004454030189663172,0.006284527480602264,0.0018304972909390926,unchanged,False
42,905,0,0,1,0.005863940343260765,0.25980833172798157,0.25394439697265625,worsened,True
42,908,0,0,0,0.002013242105022073,0.007033245638012886,0.005020003765821457,unchanged,False
42,909,0,0,0,0.002650737762451172,0.004258083179593086,0.0016073454171419144,unchanged,False
42,910,0,0,0,0.06635317951440811,0.004258083179593086,-0.062095098197460175,unchanged,False
42,911,0,0,1,0.0058843474835157394,0.07319444417953491,0.06731009483337402,worsened,False
42,912,0,0,0,0.0036316101904958487,0.022395960986614227,0.018764350563287735,unchanged,True
42,915,0,1,1,0.7855803966522217,0.9469298124313354,0.16134941577911377,unchanged,True
42,916,0,0,1,0.0024934131652116776,0.11022859066724777,0.10773517936468124,worsened,False
42,919,0,1,1,0.7667741179466248,0.8346410989761353,0.0678669810295105,unchanged,True
42,920,0,1,1,0.7586272358894348,0.25918665528297424,-0.49944058060646057,unchanged,True
42,922,0,1,1,0.7521504759788513,0.8067795634269714,0.05462908744812012,unchanged,True
42,924,0,0,0,0.01145975012332201,0.06717970967292786,0.05571996048092842,unchanged,False
42,926,0,0,1,0.03815320506691933,0.6017569899559021,0.5636037588119507,worsened,False
42,936,0,0,0,0.0051477388478815556,0.02495969645678997,0.019811958074569702,unchanged,False
42,937,0,1,0,0.07217700034379959,0.013171094469726086,-0.05900590494275093,improved,False
42,938,0,1,0,0.09882885217666626,0.004304984584450722,-0.09452386945486069,improved,True
42,940,0,0,0,0.038663119077682495,0.018701691180467606,-0.01996142789721489,unchanged,True
42,943,0,0,0,0.0016866823425516486,0.02538619562983513,0.02369951270520687,unchanged,False
42,944,0,0,0,0.0017975723603740335,0.0071173361502587795,0.005319763906300068,unchanged,False
42,947,0,0,0,0.012376151978969574,0.0049345772713422775,-0.0074415747076272964,unchanged,False
42,952,0,1,1,0.292744517326355,0.14571160078048706,-0.14703291654586792,unchanged,True
42,953,0,1,1,0.9912580847740173,0.955639660358429,-0.03561842441558838,unchanged,False
42,954,0,0,0,0.012417924590408802,0.004947073291987181,-0.007470851298421621,unchanged,False
42,956,0,1,0,0.10973038524389267,0.00607649702578783,-0.10365388542413712,improved,True
42,957,0,1,0,0.13642850518226624,0.002908439375460148,-0.13352006673812866,improved,True
42,959,0,0,0,0.002129261614754796,0.004304984584450722,0.0021757229696959257,unchanged,True
42,960,0,0,0,0.002698586555197835,0.010978929698467255,0.008280343376100063,unchanged,False
42,962,0,1,0,0.2288627177476883,0.004304984584450722,-0.22455772757530212,improved,True
42,965,0,0,0,0.00797702930867672,0.002908439375460148,-0.005068589933216572,unchanged,True
42,968,0,0,0,0.0032950162421911955,0.004304984584450722,0.0010099683422595263,unchanged,True
42,970,0,0,0,0.04332348331809044,0.009553924202919006,-0.03376955911517143,unchanged,False
42,971,0,0,0,0.012179909273982048,0.002908439375460148,-0.0092714698985219,unchanged,True
42,975,0,0,0,0.002122557023540139,0.0025166028644889593,0.0003940458409488201,unchanged,False
42,983,0,0,0,0.002287489827722311,0.0025166028644889593,0.0002291130367666483,unchanged,False
42,986,0,0,0,0.004428868182003498,0.02923966571688652,0.024810798466205597,unchanged,True
42,992,0,0,0,0.0020599421113729477,0.0033479148987680674,0.0012879727873951197,unchanged,False
42,993,0,1,0,0.8424314260482788,0.0033479148987680674,-0.8390834927558899,improved,False
42,995,0,0,0,0.0015358786331489682,0.0025166028644889593,0.000980724231339991,unchanged,False
42,996,0,0,0,0.005740489345043898,0.0025166028644889593,-0.0032238864805549383,unchanged,False
42,998,0,0,0,0.015200607478618622,0.0033479148987680674,-0.011852692812681198,unchanged,False
42,1000,0,0,0,0.005501358304172754,0.0025166028644889593,-0.002984755439683795,unchanged,False
42,1002,0,0,0,0.002499684225767851,0.0033479148987680674,0.0008482306730002165,unchanged,False
42,1004,0,0,0,0.0037875024136155844,0.0033479148987680674,-0.000439587514847517,unchanged,False
42,1007,0,0,0,0.003388440003618598,0.0033479148987680674,-4.0525104850530624e-05,unchanged,False
42,1009,0,0,0,0.05527717247605324,0.0033479148987680674,-0.051929257810115814,unchanged,False
42,1010,0,0,0,0.0038938107900321484,0.0025166028644889593,-0.001377207925543189,unchanged,False
42,1011,1,0,0,0.004663625732064247,0.01481463760137558,0.010151011869311333,unchanged,True
123,4,0,1,0,0.554922878742218,0.2404993623495102,-0.31442350149154663,improved,False
123,7,0,0,0,0.11115849763154984,0.12454073131084442,0.013382233679294586,unchanged,False
123,9,0,0,0,0.04498778656125069,0.12454073131084442,0.07955294847488403,unchanged,False
123,11,0,0,1,0.0795944482088089,0.3133074641227722,0.23371301591396332,worsened,True
123,15,0,1,0,0.6834889054298401,0.23447585105895996,-0.4490130543708801,improved,False
123,16,0,1,0,0.6712870001792908,0.19243954122066498,-0.4788474440574646,improved,False
123,21,0,0,0,0.13923686742782593,0.15198008716106415,0.01274321973323822,unchanged,True
123,24,0,1,0,0.41001203656196594,0.12454073131084442,-0.2854713201522827,improved,False
123,29,0,0,0,0.07404705882072449,0.23263554275035858,0.1585884839296341,unchanged,False
123,32,0,0,0,0.2070913314819336,0.12454073131084442,-0.08255060017108917,unchanged,False
123,33,0,1,1,0.500590443611145,0.38093385100364685,-0.11965659260749817,unchanged,True
123,35,0,1,0,0.40101006627082825,0.07731334120035172,-0.32369673252105713,improved,False
123,36,0,0,0,0.08621127903461456,0.12454073131084442,0.03832945227622986,unchanged,False
123,39,0,1,0,0.3397638499736786,0.23263554275035858,-0.10712830722332001,improved,False
123,41,0,0,0,0.14865095913410187,0.1856515258550644,0.037000566720962524,unchanged,False
123,42,0,0,0,0.07075668126344681,0.19243954122066498,0.12168285995721817,unchanged,False
123,43,0,0,0,0.028034014627337456,0.13689221441745758,0.10885819792747498,unchanged,False
123,45,0,0,0,0.06306925415992737,0.13689221441745758,0.07382296025753021,unchanged,False
123,53,0,1,1,0.46846717596054077,0.36544299125671387,-0.1030241847038269,unchanged,True
123,54,0,0,1,0.05342452600598335,0.36544299125671387,0.3120184540748596,worsened,True
123,55,0,0,0,0.12119334936141968,0.13689221441745758,0.015698865056037903,unchanged,False
123,56,0,0,1,0.07538426667451859,0.36544299125671387,0.2900587320327759,worsened,True
123,58,0,0,1,0.052351199090480804,0.36544299125671387,0.31309178471565247,worsened,True
123,60,0,0,0,0.029817506670951843,0.13689221441745758,0.10707470774650574,unchanged,False
123,62,0,0,0,0.06109388917684555,0.166126549243927,0.10503266006708145,unchanged,False
123,65,0,1,1,0.4012414813041687,0.36544299125671387,-0.035798490047454834,unchanged,True
123,67,0,0,0,0.04109213873744011,0.09179407358169556,0.05070193484425545,unchanged,True
123,71,0,0,0,0.12626469135284424,0.18464186787605286,0.05837717652320862,unchanged,False
123,72,0,0,1,0.1155863106250763,0.31171736121177673,0.19613105058670044,worsened,False
123,74,0,0,1,0.05112404748797417,0.47067639231681824,0.41955235600471497,worsened,False
123,79,0,0,0,0.0559292696416378,0.1217603087425232,0.06583103537559509,unchanged,False
123,84,0,1,0,0.4348851144313812,0.19241870939731598,-0.24246640503406525,improved,False
123,86,0,0,0,0.02139357104897499,0.19077976047992706,0.16938619315624237,unchanged,False
123,87,0,0,1,0.027766814455389977,0.2989797294139862,0.2712129056453705,worsened,False
123,90,0,0,0,0.04223936051130295,0.1856515258550644,0.14341217279434204,unchanged,False
123,91,0,0,1,0.15619003772735596,0.6170394420623779,0.460849404335022,worsened,False
123,92,0,0,0,0.06434545665979385,0.2242092490196228,0.15986379981040955,unchanged,False
123,97,0,1,1,0.2799687385559082,0.5794916152954102,0.29952287673950195,unchanged,False
123,98,0,0,1,0.1222790777683258,0.3848170340061188,0.26253795623779297,worsened,False
123,100,0,0,0,0.03539426624774933,0.106465645134449,0.07107137888669968,unchanged,False
123,103,0,0,0,0.02488197572529316,0.18464186787605286,0.15975989401340485,unchanged,False
123,104,0,0,1,0.07459968328475952,0.6787973642349243,0.6041976809501648,worsened,False
123,107,0,1,1,0.33604732155799866,0.41455185413360596,0.0785045325756073,unchanged,False
123,109,0,0,1,0.038972407579422,0.2926843464374542,0.2537119388580322,worsened,False
123,112,0,0,0,0.04187481477856636,0.23049981892108917,0.1886250078678131,unchanged,False
123,113,0,0,1,0.12396240234375,0.5701310634613037,0.4461686611175537,worsened,True
123,114,0,0,0,0.02572542056441307,0.23903414607048035,0.21330872178077698,unchanged,False
123,116,0,1,1,0.7018912434577942,0.6170394420623779,-0.08485180139541626,unchanged,False
123,117,0,0,0,0.022777287289500237,0.16688698530197144,0.14410969614982605,unchanged,False
123,121,0,1,1,0.5898464322090149,0.2714952826499939,-0.318351149559021,unchanged,True
123,126,0,1,0,0.8692327737808228,0.12062478065490723,-0.7486079931259155,improved,False
123,127,0,0,1,0.12463939934968948,0.5025238394737244,0.3778844475746155,worsened,False
123,129,0,0,1,0.24890242516994476,0.4387667775154114,0.1898643523454666,worsened,False
123,135,0,0,0,0.24153035879135132,0.10318078100681305,-0.13834957778453827,unchanged,True
123,136,0,1,0,0.26653727889060974,0.24398256838321686,-0.022554710507392883,improved,False
123,137,0,0,0,0.19090838730335236,0.16637855768203735,-0.024529829621315002,unchanged,True
123,139,0,0,1,0.06502952426671982,0.48383629322052,0.4188067615032196,worsened,False
123,144,0,0,1,0.06461086124181747,0.2989797294139862,0.23436886072158813,worsened,False
123,145,0,0,1,0.030766872689127922,0.31171736121177673,0.28095048666000366,worsened,False
123,146,0,0,1,0.06685071438550949,0.3451535701751709,0.2783028483390808,worsened,False
123,147,0,1,1,0.38637322187423706,0.43821942806243896,0.051846206188201904,unchanged,False
123,148,0,0,0,0.03294038027524948,0.23049981892108917,0.1975594460964203,unchanged,False
123,150,0,0,0,0.03719956427812576,0.23903414607048035,0.20183458924293518,unchanged,False
123,152,0,0,0,0.037795089185237885,0.2285054326057434,0.19071033596992493,unchanged,False
123,159,0,0,1,0.04153580963611603,0.3451535701751709,0.30361777544021606,worsened,False
123,161,0,0,0,0.026234889402985573,0.18464186787605286,0.15840697288513184,unchanged,False
123,162,0,0,1,0.13319715857505798,0.2914608418941498,0.1582636833190918,worsened,False
123,168,0,1,0,0.5213732123374939,0.19710539281368256,-0.32426780462265015,improved,True
123,169,0,0,1,0.033017124980688095,0.31171736121177673,0.27870023250579834,worsened,False
123,172,0,0,1,0.06253734230995178,0.5909577012062073,0.5284203290939331,worsened,False
123,173,0,1,0,0.8486767411231995,0.18464186787605286,-0.6640348434448242,improved,False
123,178,0,0,0,0.02310309000313282,0.23903414607048035,0.21593105792999268,unchanged,False
123,179,0,0,0,0.02538330666720867,0.23903414607048035,0.21365083754062653,unchanged,False
123,180,0,0,1,0.04761115461587906,0.31651368737220764,0.2689025402069092,worsened,False
123,182,0,0,0,0.02685324102640152,0.1781797558069229,0.1513265073299408,unchanged,False
123,183,0,1,1,0.7117436528205872,0.3478263020515442,-0.36391735076904297,unchanged,False
123,191,0,0,1,0.03003654256463051,0.31651368737220764,0.28647714853286743,worsened,False
123,196,0,0,0,0.023377444595098495,0.1781797558069229,0.15480230748653412,unchanged,False
123,197,0,0,1,0.08735734969377518,0.3451535701751709,0.2577962279319763,worsened,False
123,200,0,0,0,0.021479355171322823,0.23903414607048035,0.21755479276180267,unchanged,False
123,201,0,0,0,0.19441261887550354,0.0855027511715889,-0.10890986770391464,unchanged,False
123,202,0,0,1,0.04157814010977745,0.31651368737220764,0.2749355435371399,worsened,False
123,206,0,0,1,0.042761947959661484,0.31651368737220764,0.27375173568725586,worsened,False
123,207,0,0,0,0.02794671058654785,0.1781797558069229,0.15023304522037506,unchanged,False
123,208,0,0,0,0.03106747940182686,0.1781797558069229,0.14711228013038635,unchanged,False
123,213,0,0,0,0.03884952515363693,0.15629860758781433,0.1174490824341774,unchanged,False
123,216,0,0,1,0.14544616639614105,0.2989797294139862,0.15353356301784515,worsened,False
123,218,0,0,1,0.057332564145326614,0.3451535701751709,0.2878209948539734,worsened,False
123,220,0,1,0,0.2828037738800049,0.15629860758781433,-0.12650516629219055,improved,False
123,225,0,0,1,0.06454546749591827,0.3451535701751709,0.2806081175804138,worsened,False
123,227,0,0,0,0.02702973410487175,0.16688698530197144,0.1398572474718094,unchanged,False
123,228,0,0,1,0.09004449844360352,0.8084841370582581,0.7184396386146545,worsened,False
123,231,0,0,1,0.09511390328407288,0.5794916152954102,0.4843777120113373,worsened,False
123,232,0,0,1,0.1525055170059204,0.43821942806243896,0.28571391105651855,worsened,False
123,239,0,0,0,0.16154836118221283,0.19710539281368256,0.03555703163146973,unchanged,True
123,242,0,0,1,0.08506085723638535,0.3451535701751709,0.26009270548820496,worsened,False
123,243,0,0,1,0.1522216498851776,0.2989797294139862,0.1467580795288086,worsened,False
123,244,0,0,1,0.1518915891647339,0.3451535701751709,0.193261981010437,worsened,False
123,249,0,0,1,0.07145734131336212,0.5736647844314575,0.5022074580192566,worsened,True
123,250,0,1,0,0.590121328830719,0.23744390904903412,-0.3526774048805237,improved,False
123,251,0,1,0,0.5168098211288452,0.1840597689151764,-0.3327500522136688,improved,False
123,253,0,1,1,0.2609233856201172,0.31171736121177673,0.050793975591659546,unchanged,False
123,254,0,0,1,0.2498505860567093,0.3451535701751709,0.09530298411846161,worsened,False
123,263,0,1,1,0.2934531569480896,0.4500986933708191,0.1566455364227295,unchanged,False
123,264,0,1,1,0.4320332705974579,0.38406020402908325,-0.047973066568374634,unchanged,False
123,269,0,0,1,0.03127489611506462,0.3451535701751709,0.3138786852359772,worsened,False
123,270,0,0,1,0.03489246591925621,0.3451535701751709,0.3102611005306244,worsened,False
123,271,0,0,1,0.08508186042308807,0.5736647844314575,0.48858290910720825,worsened,True
123,272,0,0,1,0.08976297825574875,0.3451535701751709,0.25539058446884155,worsened,False
123,274,0,0,1,0.1278579980134964,0.3451535701751709,0.2172955721616745,worsened,False
123,276,0,1,1,0.5021706819534302,0.4117989242076874,-0.0903717577457428,unchanged,False
123,279,0,1,1,0.6236311793327332,0.5683701634407043,-0.05526101589202881,unchanged,True
123,280,0,0,1,0.09252428263425827,0.589181661605835,0.4966573715209961,worsened,False
123,281,0,0,1,0.0332954041659832,0.3451535701751709,0.3118581771850586,worsened,False
123,282,0,0,1,0.25899672508239746,0.32187962532043457,0.06288290023803711,worsened,False
123,283,0,0,0,0.03599550575017929,0.23049981892108917,0.19450432062149048,unchanged,False
123,285,0,0,1,0.055268675088882446,0.3451535701751709,0.28988489508628845,worsened,False
123,290,0,0,1,0.08243941515684128,0.31171736121177673,0.22927793860435486,worsened,False
123,292,0,1,1,0.574692964553833,0.30903875827789307,-0.26565420627593994,unchanged,True
123,297,0,1,0,0.284552663564682,0.14029532670974731,-0.1442573368549347,improved,False
123,299,0,1,1,0.445828914642334,0.6832687258720398,0.2374398112297058,unchanged,True
123,303,0,0,0,0.05559290573000908,0.23049981892108917,0.1749069094657898,unchanged,False
123,308,0,0,1,0.18735982477664948,0.5683701634407043,0.38101035356521606,worsened,True
123,310,0,0,1,0.18514196574687958,0.3451535701751709,0.16001160442829132,worsened,False
123,312,0,0,0,0.07573772221803665,0.23049981892108917,0.15476208925247192,unchanged,False
123,314,0,1,1,0.26050466299057007,0.5736647844314575,0.31316012144088745,unchanged,True
123,320,0,0,1,0.038173094391822815,0.5794916152954102,0.5413185358047485,worsened,False
123,321,0,0,1,0.04166632145643234,0.3451535701751709,0.30348724126815796,worsened,False
123,322,0,0,1,0.08961670100688934,0.44883212447166443,0.3592154383659363,worsened,False
123,327,0,0,1,0.056633442640304565,0.6077767610549927,0.5511432886123657,worsened,False
123,328,0,0,1,0.05107584595680237,0.525364100933075,0.4742882549762726,worsened,True
123,331,0,1,1,0.33050045371055603,0.3451535701751709,0.014653116464614868,unchanged,False
123,336,0,0,0,0.05173206701874733,0.24986782670021057,0.19813576340675354,unchanged,False
123,338,0,0,1,0.05726657807826996,0.6077767610549927,0.5505101680755615,worsened,False
123,339,0,0,1,0.025750137865543365,0.2996494174003601,0.27389928698539734,worsened,False
123,340,0,0,1,0.05340031906962395,0.44883212447166443,0.3954318165779114,worsened,False
123,341,0,0,1,0.18643401563167572,0.6567611694335938,0.47032713890075684,worsened,True
123,343,0,0,1,0.05309810861945152,0.44883212447166443,0.3957340121269226,worsened,False
123,345,0,0,0,0.059231627732515335,0.18464186787605286,0.12541024386882782,unchanged,False
123,348,0,0,1,0.16219422221183777,0.34428703784942627,0.1820928156375885,worsened,True
123,349,0,0,0,0.032891638576984406,0.19077976047992706,0.15788811445236206,unchanged,False
123,350,0,0,0,0.03543368726968765,0.23049981892108917,0.19506612420082092,unchanged,False
123,352,0,0,1,0.07147663086652756,0.33349549770355225,0.2620188593864441,worsened,False
123,358,0,0,0,0.10790638625621796,0.12906765937805176,0.0211612731218338,unchanged,True
123,359,0,0,1,0.18899346888065338,0.3451535701751709,0.15616010129451752,worsened,False
123,360,0,0,1,0.05055166780948639,0.6170394420623779,0.5664877891540527,worsened,False
123,362,0,0,1,0.1446898728609085,0.5743640661239624,0.4296742081642151,worsened,True
123,364,0,0,0,0.09341074526309967,0.23049981892108917,0.1370890736579895,unchanged,False
123,366,0,0,1,0.145382821559906,0.6532537341117859,0.5078709125518799,worsened,True
123,368,0,1,1,0.748237133026123,0.3438339829444885,-0.4044031500816345,unchanged,True
123,371,0,0,1,0.040806371718645096,0.29821592569351196,0.25740954279899597,worsened,False
123,372,0,0,1,0.21919305622577667,0.3451535701751709,0.12596051394939423,worsened,False
123,382,0,0,1,0.036564186215400696,0.3451535701751709,0.3085893988609314,worsened,False
123,386,0,1,1,0.5105849504470825,0.34428703784942627,-0.16629791259765625,unchanged,True
123,391,0,1,1,0.8580009937286377,0.28752401471138,-0.5704770088195801,unchanged,False
123,397,0,0,1,0.061993587762117386,0.3451535701751709,0.2831599712371826,worsened,False
123,400,0,0,1,0.2500561773777008,0.30903875827789307,0.05898258090019226,worsened,True
123,401,0,0,0,0.049355197697877884,0.19710539281368256,0.14775019884109497,unchanged,True
123,403,0,0,1,0.07858692854642868,0.3451535701751709,0.2665666341781616,worsened,False
123,405,0,0,1,0.08137908577919006,0.3451535701751709,0.26377448439598083,worsened,False
123,408,0,0,0,0.17037717998027802,0.19710539281368256,0.02672821283340454,unchanged,True
123,409,0,0,0,0.06352820247411728,0.18464186787605286,0.12111366540193558,unchanged,False
123,411,0,1,1,0.8251627087593079,0.39679020643234253,-0.42837250232696533,unchanged,False
123,414,0,0,1,0.03702986240386963,0.28890618681907654,0.2518763244152069,worsened,False
123,415,0,0,1,0.04035162180662155,0.6532537341117859,0.6129021048545837,worsened,True
123,417,0,0,1,0.0821090042591095,0.8569207191467285,0.7748117446899414,worsened,False
123,418,0,0,1,0.07206273823976517,0.46945497393608093,0.39739224314689636,worsened,True
123,421,0,1,0,0.7619512677192688,0.18464186787605286,-0.5773093700408936,improved,False
123,425,0,0,1,0.17445746064186096,0.31171736121177673,0.13725990056991577,worsened,False
123,428,0,0,1,0.21367302536964417,0.3848170340061188,0.1711440086364746,worsened,False
123,433,0,1,1,0.4128490090370178,0.28890618681907654,-0.12394282221794128,unchanged,False
123,435,0,0,1,0.1955210268497467,0.5363631844520569,0.3408421576023102,worsened,True
123,439,0,1,1,0.6493719816207886,0.2989797294139862,-0.35039225220680237,unchanged,False
123,443,0,0,0,0.07222907245159149,0.18464186787605286,0.11241279542446136,unchanged,False
123,444,0,0,1,0.03617884963750839,0.3451535701751709,0.3089747130870819,worsened,False
123,445,0,0,1,0.07045361399650574,0.3451535701751709,0.27469995617866516,worsened,False
123,451,0,0,0,0.049433089792728424,0.1588134467601776,0.10938035696744919,unchanged,False
123,454,0,0,1,0.06276299059391022,0.3451535701751709,0.2823905944824219,worsened,False
123,457,0,0,1,0.16528190672397614,0.3451535701751709,0.17987166345119476,worsened,False
123,460,0,0,1,0.07915286719799042,0.3451535701751709,0.2660006880760193,worsened,False
123,462,0,0,1,0.04019058868288994,0.31171736121177673,0.2715267837047577,worsened,False
123,465,0,1,0,0.3504813015460968,0.19710539281368256,-0.15337590873241425,improved,True
123,469,0,0,0,0.02933383360505104,0.18464186787605286,0.15530803799629211,unchanged,False
123,471,0,0,1,0.15943670272827148,0.4517262578010559,0.2922895550727844,worsened,False
123,472,0,0,1,0.04984999820590019,0.4517262578010559,0.4018762707710266,worsened,False
123,478,0,1,1,0.682531476020813,0.5557665228843689,-0.1267649531364441,unchanged,True
123,480,0,1,1,0.47281932830810547,0.41790011525154114,-0.05491921305656433,unchanged,False
123,481,0,1,1,0.8561179041862488,0.6039066314697266,-0.2522112727165222,unchanged,False
123,483,0,0,0,0.19178101420402527,0.19710539281368256,0.005324378609657288,unchanged,True
123,486,0,0,1,0.03288288787007332,0.5736647844314575,0.5407819151878357,worsened,True
123,491,0,1,1,0.750458836555481,0.30903875827789307,-0.4414200782775879,unchanged,True
123,492,0,1,1,0.8354659676551819,0.5794916152954102,-0.25597435235977173,unchanged,False
123,505,0,0,1,0.029654020443558693,0.31171736121177673,0.2820633351802826,worsened,False
123,511,0,0,0,0.030362118035554886,0.2285054326057434,0.19814331829547882,unchanged,False
123,517,0,0,0,0.23127470910549164,0.14029532670974731,-0.09097938239574432,unchanged,False
123,524,0,0,0,0.08513663709163666,0.14029532670974731,0.05515868961811066,unchanged,False
123,525,0,0,1,0.10838893055915833,0.38093385100364685,0.2725449204444885,worsened,True
123,527,0,0,0,0.039813823997974396,0.13689221441745758,0.09707839041948318,unchanged,False
123,528,0,0,0,0.03220662847161293,0.08512014895677567,0.052913520485162735,unchanged,False
123,532,0,0,1,0.20315706729888916,0.4112379252910614,0.20808085799217224,worsened,True
123,535,0,0,0,0.06628623604774475,0.12454073131084442,0.05825449526309967,unchanged,False
123,536,0,0,0,0.08564059436321259,0.14757086336612701,0.06193026900291443,unchanged,False
123,537,0,0,1,0.05653119832277298,0.3451535701751709,0.2886223793029785,worsened,False
123,540,0,0,1,0.13606713712215424,0.2989797294139862,0.16291259229183197,worsened,False
123,542,0,1,1,0.298701673746109,0.2989797294139862,0.00027805566787719727,unchanged,False
123,547,0,1,1,0.3937129080295563,0.2989797294139862,-0.09473317861557007,unchanged,False
123,549,0,0,1,0.03778562694787979,0.28890618681907654,0.25112056732177734,worsened,False
123,557,0,0,1,0.03544272109866142,0.2868855893611908,0.25144287943840027,worsened,False
123,560,0,0,1,0.05830080807209015,0.31171736121177673,0.2534165382385254,worsened,False
123,561,0,0,1,0.23921746015548706,0.3451535701751709,0.10593611001968384,worsened,False
123,562,0,0,1,0.0811467170715332,0.2989797294139862,0.217833012342453,worsened,False
123,563,0,0,1,0.03290664777159691,0.31171736121177673,0.2788107097148895,worsened,False
123,567,0,0,1,0.16262522339820862,0.3872525691986084,0.22462734580039978,worsened,True
123,569,0,0,1,0.03384361416101456,0.3451535701751709,0.31130996346473694,worsened,False
123,570,0,0,1,0.050341684371232986,0.3872525691986084,0.3369108736515045,worsened,True
123,573,0,0,0,0.06514330208301544,0.19077976047992706,0.12563645839691162,unchanged,False
123,574,0,0,1,0.04648938775062561,0.31171736121177673,0.2652279734611511,worsened,False
123,575,0,0,0,0.032422926276922226,0.19077976047992706,0.15835683047771454,unchanged,False
123,576,0,0,0,0.03532763198018074,0.19077976047992706,0.15545213222503662,unchanged,False
123,578,1,0,1,0.14516958594322205,0.796822190284729,0.6516525745391846,improved,False
123,579,1,1,1,0.29611873626708984,0.2714952826499939,-0.024623453617095947,unchanged,True
123,581,1,1,1,0.9375864863395691,0.9526423811912537,0.01505589485168457,unchanged,False
123,582,1,1,1,0.3959750235080719,0.2822401523590088,-0.11373487114906311,unchanged,False
123,583,1,1,1,0.44292885065078735,0.8018335103988647,0.3589046597480774,unchanged,True
123,586,1,0,0,0.21477048099040985,0.1950106918811798,-0.01975978910923004,unchanged,True
123,589,1,1,1,0.7382267713546753,0.8018335103988647,0.06360673904418945,unchanged,True
123,590,1,1,1,0.6425155401229858,0.8018335103988647,0.1593179702758789,unchanged,True
123,591,1,1,0,0.4481849670410156,0.1950106918811798,-0.2531742751598358,worsened,True
123,593,1,1,1,0.8240607380867004,0.4459097981452942,-0.37815093994140625,unchanged,True
123,596,1,1,0,0.4885081350803375,0.20429727435112,-0.28421086072921753,worsened,False
123,599,1,1,1,0.7305916547775269,0.3087393343448639,-0.42185232043266296,unchanged,False
123,600,1,1,1,0.5307434797286987,0.4459097981452942,-0.08483368158340454,unchanged,True
123,604,1,1,1,0.7027862071990967,0.8018335103988647,0.09904730319976807,unchanged,True
123,609,1,1,1,0.43933603167533875,0.30903875827789307,-0.13029727339744568,unchanged,True
123,611,1,1,1,0.26507997512817383,0.8018335103988647,0.5367535352706909,unchanged,True
123,618,1,1,1,0.5379935503005981,0.7035742402076721,0.16558068990707397,unchanged,False
123,619,1,0,1,0.20278964936733246,0.2783344089984894,0.07554475963115692,improved,True
123,620,1,1,0,0.537959635257721,0.1950106918811798,-0.34294894337654114,worsened,True
123,629,1,0,1,0.14748622477054596,0.69701087474823,0.5495246648788452,improved,False
123,631,1,1,1,0.8253304362297058,0.8018335103988647,-0.023496925830841064,unchanged,True
123,633,1,1,1,0.2781194746494293,0.5759572982788086,0.2978378236293793,unchanged,True
123,634,1,1,0,0.6183972358703613,0.13355399668216705,-0.48484325408935547,worsened,False
123,635,1,1,1,0.7097790241241455,0.34428703784942627,-0.36549198627471924,unchanged,True
123,637,1,0,1,0.18448945879936218,0.7919530868530273,0.6074635982513428,improved,True
123,640,1,0,1,0.2185150384902954,0.3022863566875458,0.08377131819725037,improved,False
123,641,1,1,1,0.8630720376968384,0.9486857652664185,0.08561372756958008,unchanged,False
123,645,1,1,1,0.9133449196815491,0.45813193917274475,-0.4552129805088043,unchanged,False
123,649,1,1,1,0.9620797634124756,0.7959179878234863,-0.16616177558898926,unchanged,False
123,650,1,1,1,0.96413254737854,0.6126084327697754,-0.35152411460876465,unchanged,False
123,653,1,1,0,0.8086387515068054,0.17469093203544617,-0.6339478492736816,worsened,False
123,656,1,1,1,0.6512176394462585,0.8300719261169434,0.17885428667068481,unchanged,False
123,657,1,1,1,0.9407569169998169,0.8656851053237915,-0.07507181167602539,unchanged,False
123,661,1,1,1,0.9428110122680664,0.8525418639183044,-0.09026914834976196,unchanged,False
123,664,1,0,1,0.25350481271743774,0.6832687258720398,0.42976391315460205,improved,True
123,672,1,1,1,0.9427958130836487,0.9252449870109558,-0.01755082607269287,unchanged,True
123,673,1,1,0,0.8352169990539551,0.12906765937805176,-0.7061493396759033,worsened,True
123,677,1,1,1,0.3020628094673157,0.4112969636917114,0.10923415422439575,unchanged,True
123,683,1,1,1,0.9659179449081421,0.8683261275291443,-0.0975918173789978,unchanged,False
123,685,1,1,1,0.3189091682434082,0.8073912858963013,0.48848211765289307,unchanged,True
123,688,1,1,1,0.8865188956260681,0.7621831297874451,-0.12433576583862305,unchanged,True
123,689,1,1,1,0.7115978598594666,0.6508132815361023,-0.06078457832336426,unchanged,False
123,693,1,0,1,0.20404116809368134,0.38093385100364685,0.17689268290996552,improved,True
123,696,1,1,1,0.6288881897926331,0.4112969636917114,-0.21759122610092163,unchanged,True
123,700,1,1,1,0.9206539988517761,0.8018335103988647,-0.11882048845291138,unchanged,True
123,702,1,1,1,0.8566722869873047,0.9274330735206604,0.07076078653335571,unchanged,False
123,705,1,1,1,0.5785027742385864,0.791217565536499,0.2127147912979126,unchanged,False
123,708,1,1,0,0.2867050766944885,0.10318078100681305,-0.18352429568767548,worsened,True
123,710,1,1,1,0.31830039620399475,0.3438339829444885,0.025533586740493774,unchanged,True
123,711,1,1,1,0.866058886051178,0.9486857652664185,0.08262687921524048,unchanged,False
123,716,1,1,1,0.7827569842338562,0.6104165315628052,-0.17234045267105103,unchanged,False
123,717,1,1,1,0.3103465139865875,0.8018335103988647,0.4914869964122772,unchanged,True
123,720,1,1,1,0.3614470064640045,0.66434645652771,0.30289945006370544,unchanged,True
123,721,1,0,1,0.22913481295108795,0.791217565536499,0.5620827674865723,improved,False
123,722,1,0,0,0.2097778022289276,0.1324666291475296,-0.07731117308139801,unchanged,False
123,724,1,1,1,0.4033636152744293,0.8162773251533508,0.4129137098789215,unchanged,True
123,726,1,1,1,0.8930121660232544,0.9486857652664185,0.05567359924316406,unchanged,False
123,727,1,0,1,0.18119589984416962,0.46945497393608093,0.2882590889930725,improved,True
123,728,1,1,0,0.5182461142539978,0.19308753311634064,-0.32515859603881836,worsened,False
123,730,1,1,1,0.7918574213981628,0.6112346053123474,-0.18062281608581543,unchanged,False
123,732,1,1,1,0.9197337031364441,0.7959179878234863,-0.12381571531295776,unchanged,False
123,733,1,1,1,0.8086180686950684,0.7506781220436096,-0.05793994665145874,unchanged,False
123,735,1,1,1,0.6515949964523315,0.8018335103988647,0.1502385139465332,unchanged,True
123,736,1,0,1,0.22431674599647522,0.5759572982788086,0.3516405522823334,improved,True
123,739,1,1,1,0.6533374786376953,0.3022863566875458,-0.35105112195014954,unchanged,False
123,741,1,0,1,0.2237715721130371,0.4459097981452942,0.22213822603225708,improved,True
123,744,1,1,1,0.9334902167320251,0.8449676632881165,-0.08852255344390869,unchanged,False
123,745,1,1,1,0.9070667624473572,0.5373097658157349,-0.3697569966316223,unchanged,False
123,747,1,1,1,0.9103797078132629,0.796822190284729,-0.11355751752853394,unchanged,False
123,752,1,1,1,0.9642500281333923,0.6917186379432678,-0.2725313901901245,unchanged,False
123,759,1,1,1,0.7103158831596375,0.2766777575016022,-0.4336381256580353,unchanged,False
123,760,1,1,1,0.7036342024803162,0.5701310634613037,-0.13350313901901245,unchanged,True
123,761,1,1,1,0.39664754271507263,0.38093385100364685,-0.01571369171142578,unchanged,True
123,762,1,0,1,0.1276894211769104,0.38093385100364685,0.25324442982673645,improved,True
123,766,1,1,1,0.3500635623931885,0.9588545560836792,0.6087909936904907,unchanged,False
123,777,1,1,1,0.9120234847068787,0.7590886354446411,-0.15293484926223755,unchanged,False
123,780,1,1,1,0.8892014026641846,0.7621831297874451,-0.1270182728767395,unchanged,True
123,781,1,1,1,0.6237529516220093,0.5167232751846313,-0.10702967643737793,unchanged,False
123,782,1,1,1,0.6347230076789856,0.7621831297874451,0.12746012210845947,unchanged,True
123,786,1,0,1,0.12321901321411133,0.44848233461380005,0.3252633213996887,improved,False
123,787,1,1,1,0.9474244713783264,0.6737352013587952,-0.27368927001953125,unchanged,False
123,791,1,1,1,0.9140867590904236,0.8449676632881165,-0.06911909580230713,unchanged,False
123,792,1,1,1,0.8409791588783264,0.5701310634613037,-0.2708480954170227,unchanged,True
123,793,1,1,1,0.7521414756774902,0.823138952255249,0.07099747657775879,unchanged,True
123,796,1,1,1,0.9571777582168579,0.8629879355430603,-0.09418982267379761,unchanged,False
123,797,1,1,1,0.9231496453285217,0.9252449870109558,0.002095341682434082,unchanged,True
123,799,1,1,1,0.32909515500068665,0.823138952255249,0.4940437972545624,unchanged,True
123,801,1,0,1,0.15820787847042084,0.7339261770248413,0.5757182836532593,improved,False
123,804,1,0,0,0.12104970961809158,0.24747233092784882,0.12642261385917664,unchanged,False
123,806,1,1,1,0.8935848474502563,0.9526423811912537,0.059057533740997314,unchanged,False
123,808,1,1,1,0.7404537796974182,0.8449676632881165,0.10451388359069824,unchanged,False
123,810,1,1,1,0.7214870452880859,0.38093385100364685,-0.3405531942844391,unchanged,True
123,811,1,0,0,0.18493203818798065,0.11007273197174072,-0.07485930621623993,unchanged,True
123,812,1,0,1,0.062290217727422714,0.6422392725944519,0.5799490809440613,improved,True
123,813,1,0,1,0.07333763688802719,0.8900305032730103,0.8166928887367249,improved,False
123,817,1,1,1,0.6978790163993835,0.5958381295204163,-0.10204088687896729,unchanged,False
123,818,1,1,1,0.959881603717804,0.9252449870109558,-0.034636616706848145,unchanged,True
123,820,1,1,1,0.32022610306739807,0.4112379252910614,0.09101182222366333,unchanged,True
123,821,1,1,1,0.9129684567451477,0.823138952255249,-0.08982950448989868,unchanged,True
123,827,1,1,1,0.2998509705066681,0.3133074641227722,0.013456493616104126,unchanged,True
123,830,0,0,1,0.15392398834228516,0.31171736121177673,0.15779337286949158,worsened,False
123,831,0,0,0,0.08633920550346375,0.1781797558069229,0.09184055030345917,unchanged,False
123,834,0,0,0,0.047209613025188446,0.06466594338417053,0.017456330358982086,unchanged,False
123,837,0,0,0,0.0708354115486145,0.04914727434515953,-0.02168813720345497,unchanged,False
123,838,0,0,0,0.050651468336582184,0.23903414607048035,0.18838268518447876,unchanged,False
123,840,0,0,0,0.07611149549484253,0.09905555099248886,0.022944055497646332,unchanged,False
123,846,0,0,0,0.0803104043006897,0.20017413794994354,0.11986373364925385,unchanged,False
123,850,0,1,1,0.9453834891319275,0.41147181391716003,-0.5339117050170898,unchanged,False
123,854,0,0,1,0.12692324817180634,0.406169056892395,0.2792457938194275,worsened,False
123,859,0,0,1,0.03905034810304642,0.5683701634407043,0.5293198227882385,worsened,True
123,862,0,0,1,0.10162431001663208,0.4112969636917114,0.30967265367507935,worsened,True
123,863,0,0,1,0.038190655410289764,0.8073912858963013,0.7692006230354309,worsened,True
123,865,0,0,0,0.02586403675377369,0.16688698530197144,0.1410229504108429,unchanged,False
123,866,0,0,0,0.05187836289405823,0.16688698530197144,0.11500862240791321,unchanged,False
123,867,0,1,1,0.638075053691864,0.9344645738601685,0.29638952016830444,unchanged,False
123,868,0,0,0,0.024127226322889328,0.16688698530197144,0.1427597552537918,unchanged,False
123,872,0,1,1,0.8647534251213074,0.8073912858963013,-0.057362139225006104,unchanged,True
123,874,0,1,1,0.40779557824134827,0.4112969636917114,0.003501385450363159,unchanged,True
123,878,0,0,0,0.0702749490737915,0.14803266525268555,0.07775771617889404,unchanged,False
123,880,0,0,1,0.21979866921901703,0.46648964285850525,0.24669097363948822,worsened,False
123,881,0,0,0,0.06814414262771606,0.0855027511715889,0.017358608543872833,unchanged,False
123,884,0,0,1,0.10385236144065857,0.7621831297874451,0.6583307981491089,worsened,True
123,887,0,0,1,0.04501271992921829,0.28068703413009644,0.23567432165145874,worsened,False
123,888,0,1,1,0.3549894392490387,0.6360287666320801,0.2810393273830414,unchanged,False
123,889,0,1,1,0.26353153586387634,0.38093385100364685,0.11740231513977051,unchanged,True
123,890,0,0,1,0.025977618992328644,0.8162773251533508,0.7902997136116028,worsened,True
123,897,0,0,0,0.045974429696798325,0.16637855768203735,0.12040412425994873,unchanged,True
123,901,0,1,1,0.6049988269805908,0.8441390991210938,0.23914027214050293,unchanged,False
123,904,0,0,0,0.0626332014799118,0.2285054326057434,0.1658722311258316,unchanged,False
123,905,0,0,1,0.06448639184236526,0.5701310634613037,0.505644679069519,worsened,True
123,908,0,0,1,0.04152929037809372,0.3274240791797638,0.2858947813510895,worsened,False
123,909,0,0,0,0.0420488566160202,0.09905555099248886,0.05700669437646866,unchanged,False
123,910,0,1,0,0.49601754546165466,0.09905555099248886,-0.3969619870185852,improved,False
123,911,0,0,1,0.11017591506242752,0.41437843441963196,0.30420252680778503,worsened,False
123,912,0,0,1,0.0980568677186966,0.6532537341117859,0.5551968812942505,worsened,True
123,915,0,1,1,0.8799796104431152,0.9378972053527832,0.05791759490966797,unchanged,True
123,916,0,0,1,0.06940115243196487,0.2996494174003601,0.23024827241897583,worsened,False
123,919,0,1,1,0.5770388245582581,0.66434645652771,0.0873076319694519,unchanged,True
123,920,0,1,1,0.42542245984077454,0.4463635981082916,0.02094113826751709,unchanged,True
123,922,0,1,1,0.8525410294532776,0.823138952255249,-0.029402077198028564,unchanged,True
123,924,0,0,0,0.19080665707588196,0.20847827196121216,0.0176716148853302,unchanged,False
123,926,0,1,1,0.790823221206665,0.8441390991210938,0.05331587791442871,unchanged,False
123,936,0,0,1,0.10646457225084305,0.2610354423522949,0.15457087755203247,worsened,False
123,937,0,1,0,0.38099947571754456,0.14487341046333313,-0.23612606525421143,improved,False
123,938,0,1,1,0.6625317335128784,0.36544299125671387,-0.29708874225616455,unchanged,True
123,940,0,1,0,0.7870129942893982,0.21472285687923431,-0.5722901225090027,improved,True
123,943,0,0,0,0.02459058165550232,0.10238917171955109,0.07779859006404877,unchanged,False
123,944,0,0,0,0.06714093685150146,0.18707025051116943,0.11992931365966797,unchanged,False
123,947,0,1,0,0.40386325120925903,0.06558390706777573,-0.3382793366909027,improved,False
123,952,0,1,1,0.7646215558052063,0.34428703784942627,-0.42033451795578003,unchanged,True
123,953,0,1,1,0.9372552633285522,0.8985066413879395,-0.03874862194061279,unchanged,False
123,954,0,0,0,0.16131453216075897,0.15629860758781433,-0.005015924572944641,unchanged,False
123,956,0,0,0,0.12653948366641998,0.11007273197174072,-0.01646675169467926,unchanged,True
123,957,0,1,1,0.4273102283477783,0.3872525691986084,-0.04005765914916992,unchanged,True
123,959,0,0,1,0.03448346257209778,0.36544299125671387,0.3309595286846161,worsened,True
123,960,0,0,1,0.05019710585474968,0.3152977526187897,0.2651006579399109,worsened,False
123,962,0,0,1,0.2410815954208374,0.36544299125671387,0.12436139583587646,worsened,True
123,965,0,0,1,0.07013257592916489,0.3872525691986084,0.3171199858188629,worsened,True
123,968,0,0,1,0.051503993570804596,0.36544299125671387,0.31393900513648987,worsened,True
123,970,0,0,0,0.2473830133676529,0.09197016060352325,-0.15541285276412964,unchanged,False
123,971,0,0,1,0.0885300561785698,0.3872525691986084,0.298722505569458,worsened,True
123,975,0,0,0,0.025721944868564606,0.13689221441745758,0.11117026954889297,unchanged,False
123,983,0,0,0,0.025657931342720985,0.13689221441745758,0.11123428493738174,unchanged,False
123,986,0,0,0,0.10207255929708481,0.15198008716106415,0.04990752786397934,unchanged,True
123,992,0,0,0,0.03991292789578438,0.19243954122066498,0.1525266170501709,unchanged,False
123,993,0,1,0,0.7982089519500732,0.19243954122066498,-0.6057693958282471,improved,False
123,995,0,0,0,0.05140337347984314,0.13689221441745758,0.08548884093761444,unchanged,False
123,996,0,0,0,0.09950371831655502,0.13689221441745758,0.03738849610090256,unchanged,False
123,998,0,1,0,0.45267951488494873,0.19243954122066498,-0.26023995876312256,improved,False
123,1000,0,0,0,0.15322086215019226,0.13689221441745758,-0.01632864773273468,unchanged,False
123,1002,0,0,0,0.03069249354302883,0.19243954122066498,0.1617470532655716,unchanged,False
123,1004,0,0,0,0.08245570212602615,0.19243954122066498,0.10998383909463882,unchanged,False
123,1007,0,0,0,0.07621955871582031,0.19243954122066498,0.11621998250484467,unchanged,False
123,1009,0,1,0,0.851249098777771,0.19243954122066498,-0.6588095426559448,improved,False
123,1010,0,0,0,0.03781219199299812,0.13689221441745758,0.09908002614974976,unchanged,False
123,1011,1,0,1,0.06952588260173798,0.2636602818965912,0.1941343992948532,improved,True
2026,4,0,1,1,0.9288004636764526,0.3947300314903259,-0.5340704321861267,unchanged,False
2026,7,0,0,0,0.07826534658670425,0.015387128107249737,-0.06287822127342224,unchanged,False
2026,9,0,0,0,0.004582867491990328,0.015387128107249737,0.010804260149598122,unchanged,False
2026,11,0,0,1,0.016191624104976654,0.15741904079914093,0.14122742414474487,worsened,True
2026,15,0,0,0,0.045251425355672836,0.02214059978723526,-0.023110825568437576,unchanged,False
2026,16,0,0,0,0.021063420921564102,0.010292230173945427,-0.010771190747618675,unchanged,False
2026,21,0,0,0,0.008193251676857471,0.035217493772506714,0.027024243026971817,unchanged,True
2026,24,0,0,0,0.02916906028985977,0.015387128107249737,-0.013781932182610035,unchanged,False
2026,29,0,0,0,0.01300185639411211,0.02987155318260193,0.016869697719812393,unchanged,False
2026,32,0,1,0,0.18541839718818665,0.015387128107249737,-0.17003126442432404,improved,False
2026,33,0,1,1,0.8940854072570801,0.23059841990470886,-0.6634869575500488,unchanged,True
2026,35,0,1,0,0.9050173759460449,0.05515652894973755,-0.8498608469963074,improved,False
2026,36,0,0,0,0.029112985357642174,0.015387128107249737,-0.013725857250392437,unchanged,False
2026,39,0,1,0,0.09199457615613937,0.02987155318260193,-0.062123022973537445,improved,False
2026,41,0,1,0,0.21759864687919617,0.05220488831400871,-0.16539375483989716,improved,False
2026,42,0,0,0,0.0046071638353168964,0.010292230173945427,0.0056850663386285305,unchanged,False
2026,43,0,0,0,0.003203821601346135,0.00639536464586854,0.0031915430445224047,unchanged,False
2026,45,0,0,0,0.005210784263908863,0.00639536464586854,0.0011845803819596767,unchanged,False
2026,53,0,0,0,0.014836283400654793,0.01667954958975315,0.0018432661890983582,unchanged,True
2026,54,0,0,0,0.016513992100954056,0.01667954958975315,0.00016555748879909515,unchanged,True
2026,55,0,0,0,0.015258284285664558,0.00639536464586854,-0.008862920105457306,unchanged,False
2026,56,0,0,0,0.004595477599650621,0.01667954958975315,0.012084072455763817,unchanged,True
2026,58,0,0,0,0.011351381428539753,0.01667954958975315,0.005328168161213398,unchanged,True
2026,60,0,0,0,0.003959873225539923,0.00639536464586854,0.002435491420328617,unchanged,False
2026,62,0,0,0,0.00741669861599803,0.06421822309494019,0.05680152401328087,unchanged,False
2026,65,0,1,0,0.16963323950767517,0.01667954958975315,-0.15295368432998657,improved,True
2026,67,0,0,0,0.011902510188519955,0.009615947492420673,-0.0022865626960992813,unchanged,True
2026,71,0,0,0,0.0051782927475869656,0.017071910202503204,0.011893616989254951,unchanged,False
2026,72,0,0,0,0.011052921414375305,0.015733202919363976,0.00468028150498867,unchanged,False
2026,74,0,0,1,0.003969050478190184,0.263653039932251,0.2596839964389801,worsened,False
2026,79,0,0,0,0.005439011845737696,0.012872464023530483,0.0074334521777927876,unchanged,False
2026,84,0,1,0,0.3661804795265198,0.01826249249279499,-0.34791797399520874,improved,False
2026,86,0,0,0,0.0038056836929172277,0.009407549165189266,0.005601865239441395,unchanged,False
2026,87,0,0,0,0.003822242608293891,0.0525086484849453,0.04868640750646591,unchanged,False
2026,90,0,0,0,0.011193842627108097,0.05220488831400871,0.04101104661822319,unchanged,False
2026,91,0,1,0,0.29868513345718384,0.014475621283054352,-0.2842095196247101,improved,False
2026,92,0,0,0,0.00522566819563508,0.010605335235595703,0.005379667039960623,unchanged,False
2026,97,0,1,0,0.7946702837944031,0.021760419011116028,-0.7729098796844482,improved,False
2026,98,0,0,1,0.0057574668899178505,0.12459374219179153,0.11883627623319626,worsened,False
2026,100,0,0,0,0.007204413879662752,0.05376846715807915,0.04656405374407768,unchanged,False
2026,103,0,0,0,0.0037495435681194067,0.017071910202503204,0.013322366401553154,unchanged,False
2026,104,0,0,0,0.0058500939048826694,0.022945867851376534,0.01709577441215515,unchanged,False
2026,107,0,0,1,0.015026797540485859,0.2964777648448944,0.28145095705986023,worsened,False
2026,109,0,0,0,0.004296506755053997,0.01331294048577547,0.009016433730721474,unchanged,False
2026,112,0,0,0,0.004368717782199383,0.006567465141415596,0.0021987473592162132,unchanged,False
2026,113,0,0,1,0.013956904411315918,0.3564188480377197,0.3424619436264038,worsened,True
2026,114,0,0,0,0.004253443796187639,0.007921885699033737,0.003668441902846098,unchanged,False
2026,116,0,1,0,0.964458703994751,0.014475621283054352,-0.9499830603599548,improved,False
2026,117,0,0,0,0.00476510776206851,0.005035888869315386,0.00027078110724687576,unchanged,False
2026,121,0,1,0,0.9509437084197998,0.019313128665089607,-0.931630551815033,improved,True
2026,126,0,1,0,0.9669967889785767,0.08163334429264069,-0.8853634595870972,improved,False
2026,127,0,0,1,0.004968771245330572,0.36284327507019043,0.3578745126724243,worsened,False
2026,129,0,1,1,0.15362365543842316,0.7344544529914856,0.5808308124542236,unchanged,False
2026,135,0,0,0,0.0448695607483387,0.05319458246231079,0.008325021713972092,unchanged,True
2026,136,0,0,1,0.04975331947207451,0.1937103569507599,0.14395703375339508,worsened,False
2026,137,0,1,0,0.13482394814491272,0.02813017927110195,-0.10669376701116562,improved,True
2026,139,0,0,1,0.006529761478304863,0.23217704892158508,0.22564728558063507,worsened,False
2026,144,0,0,0,0.008808585815131664,0.0525086484849453,0.04370006173849106,unchanged,False
2026,145,0,0,0,0.0034742909483611584,0.015733202919363976,0.01225891150534153,unchanged,False
2026,146,0,0,0,0.006579513195902109,0.010136457160115242,0.003556943964213133,unchanged,False
2026,147,0,1,0,0.1444382220506668,0.020883748307824135,-0.12355447560548782,improved,False
2026,148,0,0,0,0.01658429577946663,0.006567465141415596,-0.010016830638051033,unchanged,False
2026,150,0,0,0,0.004372106399387121,0.007921885699033737,0.003549779299646616,unchanged,False
2026,152,0,0,0,0.0024604543577879667,0.008563756942749023,0.006103302352130413,unchanged,False
2026,159,0,0,0,0.009849349968135357,0.010136457160115242,0.0002871071919798851,unchanged,False
2026,161,0,0,0,0.0022965765092521906,0.017071910202503204,0.014775333926081657,unchanged,False
2026,162,0,1,0,0.5161145329475403,0.017510557547211647,-0.4986039698123932,improved,False
2026,168,0,1,0,0.1629161387681961,0.08098997175693512,-0.08192616701126099,improved,True
2026,169,0,0,0,0.005128018092364073,0.015733202919363976,0.010605184361338615,unchanged,False
2026,172,0,0,0,0.008715441450476646,0.032220128923654556,0.02350468747317791,unchanged,False
2026,173,0,1,0,0.8816186785697937,0.017071910202503204,-0.8645467758178711,improved,False
2026,178,0,0,0,0.0021907652262598276,0.007921885699033737,0.005731120705604553,unchanged,False
2026,179,0,0,0,0.0030176180880516768,0.007921885699033737,0.004904267378151417,unchanged,False
2026,180,0,0,1,0.007044306956231594,0.45223724842071533,0.44519293308258057,worsened,False
2026,182,0,0,0,0.004041861277073622,0.007041392847895622,0.0029995315708220005,unchanged,False
2026,183,0,0,0,0.06199532002210617,0.012927309609949589,-0.049068011343479156,unchanged,False
2026,191,0,0,1,0.004428741987794638,0.45223724842071533,0.44780850410461426,worsened,False
2026,196,0,0,0,0.0034247490111738443,0.007041392847895622,0.003616643836721778,unchanged,False
2026,197,0,0,0,0.03532668575644493,0.010136457160115242,-0.02519022859632969,unchanged,False
2026,200,0,0,0,0.003699270775541663,0.007921885699033737,0.00422261469066143,unchanged,False
2026,201,0,1,0,0.09473338723182678,0.017414964735507965,-0.07731842249631882,improved,False
2026,202,0,0,1,0.004486135207116604,0.45223724842071533,0.44775110483169556,worsened,False
2026,206,0,0,1,0.003538496559485793,0.45223724842071533,0.4486987590789795,worsened,False
2026,207,0,0,0,0.003446739399805665,0.007041392847895622,0.0035946534480899572,unchanged,False
2026,208,0,0,0,0.008156943134963512,0.007041392847895622,-0.0011155502870678902,unchanged,False
2026,213,0,0,0,0.003826686181128025,0.004100224934518337,0.0002735387533903122,unchanged,False
2026,216,0,0,0,0.03768414631485939,0.0525086484849453,0.014824502170085907,unchanged,False
2026,218,0,0,0,0.008229607716202736,0.010136457160115242,0.001906849443912506,unchanged,False
2026,220,0,1,0,0.5396760106086731,0.004100224934518337,-0.535575807094574,improved,False
2026,225,0,0,0,0.013425733894109726,0.010136457160115242,-0.003289276733994484,unchanged,False
2026,227,0,0,0,0.005676035303622484,0.005035888869315386,-0.0006401464343070984,unchanged,False
2026,228,0,0,1,0.07815804332494736,0.26822933554649353,0.19007128477096558,worsened,False
2026,231,0,1,0,0.3134610950946808,0.021760419011116028,-0.29170066118240356,improved,False
2026,232,0,0,0,0.006592459511011839,0.020883748307824135,0.014291288331151009,unchanged,False
2026,239,0,0,0,0.022136760875582695,0.08098997175693512,0.058853209018707275,unchanged,True
2026,242,0,0,0,0.005333229433745146,0.010136457160115242,0.004803227726370096,unchanged,False
2026,243,0,0,0,0.015163521282374859,0.0525086484849453,0.037345126271247864,unchanged,False
2026,244,0,0,0,0.012985289096832275,0.010136457160115242,-0.0028488319367170334,unchanged,False
2026,249,0,0,1,0.004569972865283489,0.09921573847532272,0.09464576840400696,worsened,True
2026,250,0,0,0,0.030339429154992104,0.06653834879398346,0.036198921501636505,unchanged,False
2026,251,0,1,0,0.9761042594909668,0.01617995649576187,-0.9599242806434631,improved,False
2026,253,0,1,0,0.15581046044826508,0.015733202919363976,-0.14007726311683655,improved,False
2026,254,0,1,0,0.4727530777454376,0.010136457160115242,-0.46261662244796753,improved,False
2026,263,0,1,0,0.10539401322603226,0.03771026432514191,-0.06768374890089035,improved,False
2026,264,0,1,1,0.09831801056861877,0.5937429070472717,0.49542489647865295,unchanged,False
2026,269,0,0,0,0.0036932884249836206,0.010136457160115242,0.006443168967962265,unchanged,False
2026,270,0,0,0,0.00427565211430192,0.010136457160115242,0.005860805045813322,unchanged,False
2026,271,0,0,1,0.01229105144739151,0.09921573847532272,0.08692468702793121,worsened,True
2026,272,0,0,0,0.006458953022956848,0.010136457160115242,0.003677504137158394,unchanged,False
2026,274,0,0,0,0.016736753284931183,0.010136457160115242,-0.006600296124815941,unchanged,False
2026,276,0,1,0,0.5261133313179016,0.017754193395376205,-0.5083591341972351,improved,False
2026,279,0,1,0,0.10949305444955826,0.05859314277768135,-0.05089991167187691,improved,True
2026,280,0,0,1,0.007239971775561571,0.628313422203064,0.6210734248161316,worsened,False
2026,281,0,0,0,0.003033802844583988,0.010136457160115242,0.007102654315531254,unchanged,False
2026,282,0,1,0,0.0974670946598053,0.023908251896500587,-0.07355884462594986,improved,False
2026,283,0,0,0,0.0024767406284809113,0.006567465141415596,0.004090724512934685,unchanged,False
2026,285,0,0,0,0.002744805533438921,0.010136457160115242,0.007391651626676321,unchanged,False
2026,290,0,0,0,0.00503937853500247,0.015733202919363976,0.010693823918700218,unchanged,False
2026,292,0,0,1,0.022345883771777153,0.15676699578762054,0.13442111015319824,worsened,True
2026,297,0,1,0,0.22309745848178864,0.004838723223656416,-0.21825873851776123,improved,False
2026,299,0,1,1,0.10295584052801132,0.9099276065826416,0.8069717884063721,unchanged,True
2026,303,0,0,0,0.005242192652076483,0.006567465141415596,0.0013252724893391132,unchanged,False
2026,308,0,0,0,0.051031652837991714,0.05859314277768135,0.007561489939689636,unchanged,True
2026,310,0,0,0,0.045569129288196564,0.010136457160115242,-0.03543267399072647,unchanged,False
2026,312,0,0,0,0.023521706461906433,0.006567465141415596,-0.016954241320490837,unchanged,False
2026,314,0,0,1,0.018753018230199814,0.09921573847532272,0.08046272397041321,worsened,True
2026,320,0,0,0,0.005904482211917639,0.021760419011116028,0.015855936333537102,unchanged,False
2026,321,0,0,0,0.006553495768457651,0.010136457160115242,0.003582961391657591,unchanged,False
2026,322,0,0,0,0.027637645602226257,0.07924842834472656,0.051610782742500305,unchanged,False
2026,327,0,0,0,0.006876534316688776,0.018181221559643745,0.011304687708616257,unchanged,False
2026,328,0,1,1,0.21743904054164886,0.5013551712036133,0.2839161157608032,unchanged,True
2026,331,0,1,0,0.35225915908813477,0.010136457160115242,-0.3421227037906647,improved,False
2026,336,0,0,0,0.007333619054406881,0.029086830094456673,0.021753210574388504,unchanged,False
2026,338,0,1,0,0.18352501094341278,0.018181221559643745,-0.16534379124641418,improved,False
2026,339,0,0,0,0.00763330515474081,0.03690318390727043,0.029269877821207047,unchanged,False
2026,340,0,0,0,0.012857050634920597,0.07924842834472656,0.06639137864112854,unchanged,False
2026,341,0,1,1,0.1976829469203949,0.31346869468688965,0.11578574776649475,unchanged,True
2026,343,0,0,0,0.0063289157114923,0.07924842834472656,0.07291951030492783,unchanged,False
2026,345,0,0,0,0.015238356776535511,0.017071910202503204,0.0018335534259676933,unchanged,False
2026,348,0,0,0,0.07747156172990799,0.03928946331143379,-0.0381820984184742,unchanged,True
2026,349,0,0,0,0.014880835078656673,0.009407549165189266,-0.005473285913467407,unchanged,False
2026,350,0,0,0,0.008819417096674442,0.006567465141415596,-0.0022519519552588463,unchanged,False
2026,352,0,1,0,0.3479306101799011,0.010632609017193317,-0.3372980058193207,improved,False
2026,358,0,1,1,0.5360113978385925,0.22575441002845764,-0.3102569878101349,unchanged,True
2026,359,0,0,0,0.01451544277369976,0.010136457160115242,-0.004378985613584518,unchanged,False
2026,360,0,0,0,0.01992039382457733,0.014475621283054352,-0.00544477254152298,unchanged,False
2026,362,0,0,1,0.02186589129269123,0.5202804207801819,0.4984145164489746,worsened,True
2026,364,0,1,0,0.5628563761711121,0.006567465141415596,-0.5562888979911804,improved,False
2026,366,0,0,1,0.006054815370589495,0.38913002610206604,0.38307520747184753,worsened,True
2026,368,0,0,1,0.01382699329406023,0.12561437487602234,0.11178737878799438,worsened,True
2026,371,0,0,1,0.005707752425223589,0.12084837257862091,0.11514061689376831,worsened,False
2026,372,0,0,0,0.02235148474574089,0.010136457160115242,-0.012215027585625648,unchanged,False
2026,382,0,0,0,0.006962065119296312,0.010136457160115242,0.0031743920408189297,unchanged,False
2026,386,0,0,0,0.04210710898041725,0.03928946331143379,-0.0028176456689834595,unchanged,True
2026,391,0,1,0,0.8502017855644226,0.004493456333875656,-0.8457083106040955,improved,False
2026,397,0,0,0,0.005092925392091274,0.010136457160115242,0.005043531768023968,unchanged,False
2026,400,0,0,1,0.023303240537643433,0.15676699578762054,0.1334637552499771,worsened,True
2026,401,0,0,0,0.0037224157713353634,0.08098997175693512,0.07726755738258362,unchanged,True
2026,403,0,0,0,0.019815124571323395,0.010136457160115242,-0.009678667411208153,unchanged,False
2026,405,0,0,0,0.009648076258599758,0.010136457160115242,0.0004883809015154839,unchanged,False
2026,408,0,0,0,0.010304686613380909,0.08098997175693512,0.07068528234958649,unchanged,True
2026,409,0,1,0,0.8773165941238403,0.017071910202503204,-0.8602446913719177,improved,False
2026,411,0,1,0,0.5852540135383606,0.008002184331417084,-0.5772518515586853,improved,False
2026,414,0,0,0,0.0027060876600444317,0.007747468538582325,0.005041380878537893,unchanged,False
2026,415,0,0,1,0.007493528537452221,0.38913002610206604,0.38163650035858154,worsened,True
2026,417,0,1,1,0.958034098148346,0.8147348761558533,-0.14329922199249268,unchanged,False
2026,418,0,0,1,0.06676334887742996,0.40546512603759766,0.3387017846107483,worsened,True
2026,421,0,1,0,0.41626131534576416,0.017071910202503204,-0.39918941259384155,improved,False
2026,425,0,0,0,0.005947448778897524,0.015733202919363976,0.009785754606127739,unchanged,False
2026,428,0,0,1,0.04464174434542656,0.12459374219179153,0.07995200157165527,worsened,False
2026,433,0,1,0,0.6828481554985046,0.007747468538582325,-0.6751006841659546,improved,False
2026,435,0,0,1,0.015647659078240395,0.3663623332977295,0.35071468353271484,worsened,True
2026,439,0,1,0,0.47138187289237976,0.0525086484849453,-0.41887322068214417,improved,False
2026,443,0,0,0,0.004288291558623314,0.017071910202503204,0.01278361864387989,unchanged,False
2026,444,0,0,0,0.003361811162903905,0.010136457160115242,0.006774646230041981,unchanged,False
2026,445,0,0,0,0.0039025486912578344,0.010136457160115242,0.006233908236026764,unchanged,False
2026,451,0,0,0,0.003398370463401079,0.009777991101145744,0.006379620637744665,unchanged,False
2026,454,0,0,0,0.004882930312305689,0.010136457160115242,0.005253526847809553,unchanged,False
2026,457,0,0,0,0.007614285685122013,0.010136457160115242,0.002522171474993229,unchanged,False
2026,460,0,0,0,0.009336411021649837,0.010136457160115242,0.0008000461384654045,unchanged,False
2026,462,0,0,0,0.011292916722595692,0.015733202919363976,0.004440286196768284,unchanged,False
2026,465,0,1,0,0.18733574450016022,0.08098997175693512,-0.1063457727432251,improved,True
2026,469,0,0,0,0.005294064991176128,0.017071910202503204,0.011777845211327076,unchanged,False
2026,471,0,1,0,0.3968487083911896,0.0447976216673851,-0.3520510792732239,improved,False
2026,472,0,0,0,0.014787130989134312,0.0447976216673851,0.030010491609573364,unchanged,False
2026,478,0,1,1,0.3718947172164917,0.8715419769287109,0.49964725971221924,unchanged,True
2026,480,0,1,0,0.8542380332946777,0.032179754227399826,-0.8220582604408264,improved,False
2026,481,0,1,0,0.9693153500556946,0.08380558341741562,-0.8855097889900208,improved,False
2026,483,0,0,0,0.05034859478473663,0.08098997175693512,0.030641376972198486,unchanged,True
2026,486,0,0,1,0.0074701192788779736,0.09921573847532272,0.09174562245607376,worsened,True
2026,491,0,0,1,0.05678897351026535,0.15676699578762054,0.0999780222773552,worsened,True
2026,492,0,1,0,0.7231680750846863,0.021760419011116028,-0.7014076709747314,improved,False
2026,505,0,0,0,0.0059444778598845005,0.015733202919363976,0.009788725525140762,unchanged,False
2026,511,0,0,0,0.002382159000262618,0.008563756942749023,0.006181597709655762,unchanged,False
2026,517,0,1,0,0.6077572703361511,0.004838723223656416,-0.6029185652732849,improved,False
2026,524,0,0,0,0.004027887713164091,0.004838723223656416,0.0008108355104923248,unchanged,False
2026,525,0,0,1,0.013768286444246769,0.23059841990470886,0.21683013439178467,worsened,True
2026,527,0,0,0,0.0024071945808827877,0.00639536464586854,0.003988170064985752,unchanged,False
2026,528,0,0,0,0.004369087517261505,0.005305829457938671,0.000936741940677166,unchanged,False
2026,532,0,0,1,0.023743394762277603,0.49463897943496704,0.47089558839797974,worsened,True
2026,535,0,0,0,0.003717919811606407,0.015387128107249737,0.01166920829564333,unchanged,False
2026,536,0,0,0,0.00653343740850687,0.05946297198534012,0.05292953550815582,unchanged,False
2026,537,0,0,0,0.004261036403477192,0.010136457160115242,0.00587542075663805,unchanged,False
2026,540,0,0,0,0.003212478244677186,0.0525086484849453,0.049296170473098755,unchanged,False
2026,542,0,1,0,0.6859272122383118,0.0525086484849453,-0.6334185600280762,improved,False
2026,547,0,0,0,0.022138463333249092,0.0525086484849453,0.030370185151696205,unchanged,False
2026,549,0,0,0,0.0024226889945566654,0.007747468538582325,0.0053247795440256596,unchanged,False
2026,557,0,0,0,0.004774320404976606,0.016596540808677673,0.01182221993803978,unchanged,False
2026,560,0,0,0,0.012474852614104748,0.015733202919363976,0.0032583503052592278,unchanged,False
2026,561,0,0,0,0.03878653049468994,0.010136457160115242,-0.0286500733345747,unchanged,False
2026,562,0,0,0,0.008887125179171562,0.0525086484849453,0.043621525168418884,unchanged,False
2026,563,0,0,0,0.003735785372555256,0.015733202919363976,0.01199741754680872,unchanged,False
2026,567,0,1,0,0.31997811794281006,0.028729554265737534,-0.2912485599517822,improved,True
2026,569,0,0,0,0.003817336168140173,0.010136457160115242,0.006319120991975069,unchanged,False
2026,570,0,0,0,0.008296159096062183,0.028729554265737534,0.020433396100997925,unchanged,True
2026,573,0,0,0,0.007945312187075615,0.009407549165189266,0.0014622369781136513,unchanged,False
2026,574,0,0,0,0.009158896282315254,0.015733202919363976,0.006574306637048721,unchanged,False
2026,575,0,0,0,0.003920424729585648,0.009407549165189266,0.005487124435603619,unchanged,False
2026,576,0,0,0,0.007612174842506647,0.009407549165189266,0.001795374322682619,unchanged,False
2026,578,1,1,1,0.40148529410362244,0.9726830124855042,0.5711977481842041,unchanged,False
2026,579,1,1,0,0.4771115779876709,0.019313128665089607,-0.45779845118522644,worsened,True
2026,581,1,1,1,0.9747692942619324,0.9920756816864014,0.017306387424468994,unchanged,False
2026,582,1,1,1,0.7524621486663818,0.6311259269714355,-0.12133622169494629,unchanged,False
2026,583,1,1,1,0.0967859998345375,0.9235104322433472,0.8267244100570679,unchanged,True
2026,586,1,1,1,0.6030205488204956,0.172078475356102,-0.4309420585632324,unchanged,True
2026,589,1,1,1,0.11083968728780746,0.9235104322433472,0.8126707673072815,unchanged,True
2026,590,1,1,1,0.9893820285797119,0.9235104322433472,-0.06587159633636475,unchanged,True
2026,591,1,0,1,0.00980339478701353,0.172078475356102,0.16227507591247559,improved,True
2026,593,1,1,1,0.7234573364257812,0.23620934784412384,-0.4872480034828186,unchanged,True
2026,596,1,1,1,0.2226678878068924,0.1365564912557602,-0.0861113965511322,unchanged,False
2026,599,1,1,1,0.9028651118278503,0.35345548391342163,-0.5494096279144287,unchanged,False
2026,600,1,0,1,0.06296548247337341,0.23620934784412384,0.17324386537075043,improved,True
2026,604,1,1,1,0.9891672134399414,0.9235104322433472,-0.06565678119659424,unchanged,True
2026,609,1,1,1,0.7561019659042358,0.15676699578762054,-0.5993349552154541,unchanged,True
2026,611,1,0,1,0.006800699979066849,0.9235104322433472,0.9167097210884094,improved,True
2026,618,1,1,0,0.9780639410018921,0.05718810856342316,-0.9208758473396301,worsened,False
2026,619,1,0,0,0.037253789603710175,0.038256481289863586,0.0010026916861534119,unchanged,True
2026,620,1,1,1,0.09475960582494736,0.172078475356102,0.07731886953115463,unchanged,True
2026,629,1,1,1,0.11066055297851562,0.6569619178771973,0.5463013648986816,unchanged,False
2026,631,1,1,1,0.9555286765098572,0.9235104322433472,-0.03201824426651001,unchanged,True
2026,633,1,1,1,0.9465022683143616,0.8617256283760071,-0.08477663993835449,unchanged,True
2026,634,1,1,0,0.32733649015426636,0.047334641218185425,-0.28000184893608093,worsened,False
2026,635,1,1,0,0.9589189887046814,0.03928946331143379,-0.9196295142173767,worsened,True
2026,637,1,0,1,0.007307775318622589,0.5517562031745911,0.5444484353065491,improved,True
2026,640,1,0,1,0.04184771701693535,0.0967022180557251,0.05485450103878975,improved,False
2026,641,1,1,1,0.964445948600769,0.990135133266449,0.02568918466567993,unchanged,False
2026,645,1,1,1,0.9931440353393555,0.481815367937088,-0.5113286972045898,unchanged,False
2026,649,1,1,1,0.9745864868164062,0.9569761753082275,-0.01761031150817871,unchanged,False
2026,650,1,1,1,0.9943203926086426,0.7456157207489014,-0.2487046718597412,unchanged,False
2026,653,1,1,0,0.19433706998825073,0.05899655073881149,-0.13534051179885864,worsened,False
2026,656,1,1,1,0.8722178339958191,0.9362316131591797,0.0640137791633606,unchanged,False
2026,657,1,1,1,0.9922934770584106,0.9782968759536743,-0.013996601104736328,unchanged,False
2026,661,1,1,1,0.9731712937355042,0.9321111440658569,-0.04106014966964722,unchanged,False
2026,664,1,0,1,0.03508589044213295,0.9099276065826416,0.8748416900634766,improved,True
2026,672,1,1,1,0.9759351015090942,0.9884601831436157,0.012525081634521484,unchanged,True
2026,673,1,1,1,0.8894692659378052,0.22575441002845764,-0.6637148857116699,unchanged,True
2026,677,1,1,1,0.6803707480430603,0.7821028232574463,0.10173207521438599,unchanged,True
2026,683,1,1,1,0.9918214678764343,0.9845374822616577,-0.007283985614776611,unchanged,False
2026,685,1,1,1,0.8061816692352295,0.9795975089073181,0.17341583967208862,unchanged,True
2026,688,1,1,1,0.6066323518753052,0.9132130742073059,0.30658072233200073,unchanged,True
2026,689,1,1,1,0.6171132326126099,0.9318556189537048,0.31474238634109497,unchanged,False
2026,693,1,0,1,0.02054615691304207,0.23059841990470886,0.2100522667169571,improved,True
2026,696,1,1,1,0.24107035994529724,0.7821028232574463,0.5410324335098267,unchanged,True
2026,700,1,1,1,0.9907370209693909,0.9235104322433472,-0.0672265887260437,unchanged,True
2026,702,1,1,1,0.9861537218093872,0.9614638686180115,-0.024689853191375732,unchanged,False
2026,705,1,1,1,0.7197966575622559,0.8684920072555542,0.14869534969329834,unchanged,False
2026,708,1,1,0,0.1808473914861679,0.05319458246231079,-0.12765280902385712,worsened,True
2026,710,1,1,1,0.7226457595825195,0.12561437487602234,-0.5970313549041748,unchanged,True
2026,711,1,1,1,0.9741184115409851,0.990135133266449,0.016016721725463867,unchanged,False
2026,716,1,1,1,0.8424009680747986,0.7541301250457764,-0.08827084302902222,unchanged,False
2026,717,1,0,1,0.05154866725206375,0.9235104322433472,0.871961772441864,improved,True
2026,720,1,0,1,0.05537155270576477,0.6828278303146362,0.6274563074111938,improved,True
2026,721,1,0,1,0.019587906077504158,0.8684920072555542,0.8489040732383728,improved,False
2026,722,1,1,0,0.24417349696159363,0.01154698058962822,-0.2326265126466751,worsened,False
2026,724,1,1,1,0.6932122111320496,0.53753662109375,-0.15567559003829956,unchanged,True
2026,726,1,1,1,0.9690350294113159,0.990135133266449,0.021100103855133057,unchanged,False
2026,727,1,0,1,0.00822058692574501,0.40546512603759766,0.39724454283714294,improved,True
2026,728,1,1,1,0.509526789188385,0.8358026742935181,0.32627588510513306,unchanged,False
2026,730,1,1,1,0.9524067044258118,0.3178526759147644,-0.6345540285110474,unchanged,False
2026,732,1,1,1,0.9817185401916504,0.9569761753082275,-0.02474236488342285,unchanged,False
2026,733,1,1,1,0.15791073441505432,0.8832796216011047,0.725368857383728,unchanged,False
2026,735,1,1,1,0.8458389639854431,0.9235104322433472,0.07767146825790405,unchanged,True
2026,736,1,0,1,0.006641175132244825,0.8617256283760071,0.8550844788551331,improved,True
2026,739,1,0,1,0.06395087391138077,0.0967022180557251,0.03275134414434433,improved,False
2026,741,1,1,1,0.8391355276107788,0.23620934784412384,-0.6029261946678162,unchanged,True
2026,744,1,1,1,0.9707914590835571,0.5026138424873352,-0.4681776165962219,unchanged,False
2026,745,1,1,1,0.37686875462532043,0.259120374917984,-0.11774837970733643,unchanged,False
2026,747,1,1,1,0.9903489351272583,0.9726830124855042,-0.01766592264175415,unchanged,False
2026,752,1,1,1,0.9897189140319824,0.91765958070755,-0.07205933332443237,unchanged,False
2026,759,1,1,1,0.942376971244812,0.4680933356285095,-0.4742836356163025,unchanged,False
2026,760,1,1,1,0.8950877785682678,0.3564188480377197,-0.5386689305305481,unchanged,True
2026,761,1,1,1,0.3144020736217499,0.23059841990470886,-0.08380365371704102,unchanged,True
2026,762,1,0,1,0.0296329315751791,0.23059841990470886,0.2009654939174652,improved,True
2026,766,1,1,1,0.9730882048606873,0.9920030832290649,0.018914878368377686,unchanged,False
2026,777,1,1,1,0.9771626591682434,0.3735598623752594,-0.6036027669906616,unchanged,False
2026,780,1,1,1,0.9885033965110779,0.9132130742073059,-0.07529032230377197,unchanged,True
2026,781,1,1,1,0.16979697346687317,0.20762184262275696,0.03782486915588379,unchanged,False
2026,782,1,0,1,0.052945349365472794,0.9132130742073059,0.860267698764801,improved,True
2026,786,1,1,1,0.3807443082332611,0.9451643824577332,0.5644201040267944,unchanged,False
2026,787,1,1,1,0.9941217303276062,0.9830270409584045,-0.01109468936920166,unchanged,False
2026,791,1,1,1,0.9638233780860901,0.5026138424873352,-0.4612095355987549,unchanged,False
2026,792,1,1,1,0.9832616448402405,0.3564188480377197,-0.6268427968025208,unchanged,True
2026,793,1,1,1,0.9851888418197632,0.9377666711807251,-0.047422170639038086,unchanged,True
2026,796,1,1,1,0.9948870539665222,0.4104180932044983,-0.5844689607620239,unchanged,False
2026,797,1,1,1,0.990568995475769,0.9884601831436157,-0.0021088123321533203,unchanged,True
2026,799,1,1,1,0.21671949326992035,0.9377666711807251,0.7210471630096436,unchanged,True
2026,801,1,0,1,0.01365947537124157,0.19667257368564606,0.18301309645175934,improved,False
2026,804,1,1,1,0.619110107421875,0.40524962544441223,-0.21386048197746277,unchanged,False
2026,806,1,1,1,0.5266848206520081,0.9920756816864014,0.4653908610343933,unchanged,False
2026,808,1,1,1,0.10539086163043976,0.5026138424873352,0.39722299575805664,unchanged,False
2026,810,1,1,1,0.8948137760162354,0.23059841990470886,-0.6642153263092041,unchanged,True
2026,811,1,0,0,0.05085103213787079,0.01228379923850298,-0.038567233830690384,unchanged,True
2026,812,1,0,1,0.04467669874429703,0.3081851601600647,0.26350846886634827,improved,True
2026,813,1,1,1,0.1619195193052292,0.9945443868637085,0.8326248526573181,unchanged,False
2026,817,1,1,1,0.19904787838459015,0.9611663222312927,0.7621184587478638,unchanged,False
2026,818,1,1,1,0.9939881563186646,0.9884601831436157,-0.005527973175048828,unchanged,True
2026,820,1,0,1,0.07746127992868423,0.49463897943496704,0.4171777069568634,improved,True
2026,821,1,1,1,0.9766184091567993,0.9377666711807251,-0.03885173797607422,unchanged,True
2026,827,1,1,1,0.35598018765449524,0.15741904079914093,-0.1985611468553543,unchanged,True
2026,830,0,1,0,0.15747222304344177,0.015733202919363976,-0.14173902571201324,improved,False
2026,831,0,0,0,0.009256452322006226,0.007041392847895622,-0.0022150594741106033,unchanged,False
2026,834,0,0,0,0.056654542684555054,0.014760921709239483,-0.041893620043992996,unchanged,False
2026,837,0,0,0,0.007888968102633953,0.006276135332882404,-0.0016128327697515488,unchanged,False
2026,838,0,0,0,0.01315965224057436,0.007921885699033737,-0.005237766541540623,unchanged,False
2026,840,0,0,0,0.005824693478643894,0.006240813061594963,0.0004161195829510689,unchanged,False
2026,846,0,0,1,0.008197449147701263,0.6123217940330505,0.6041243672370911,worsened,False
2026,850,0,1,1,0.8847764730453491,0.47958600521087646,-0.40519046783447266,unchanged,False
2026,854,0,0,0,0.02072017639875412,0.01366372313350439,-0.007056453265249729,unchanged,False
2026,859,0,0,0,0.008156086318194866,0.05859314277768135,0.05043705552816391,unchanged,True
2026,862,0,0,1,0.04124049097299576,0.7821028232574463,0.7408623099327087,worsened,True
2026,863,0,0,1,0.003023953875526786,0.9795975089073181,0.9765735268592834,worsened,True
2026,865,0,0,0,0.004791563842445612,0.005035888869315386,0.00024432502686977386,unchanged,False
2026,866,0,0,0,0.0046960292384028435,0.005035888869315386,0.00033985963091254234,unchanged,False
2026,867,0,1,1,0.8635793924331665,0.9014243483543396,0.037844955921173096,unchanged,False
2026,868,0,0,0,0.004294096026569605,0.005035888869315386,0.0007417928427457809,unchanged,False
2026,872,0,1,1,0.2173147350549698,0.9795975089073181,0.7622827887535095,unchanged,True
2026,874,0,1,1,0.6025248765945435,0.7821028232574463,0.17957794666290283,unchanged,True
2026,878,0,0,0,0.011909072287380695,0.011202015914022923,-0.0007070563733577728,unchanged,False
2026,880,0,0,0,0.009964048862457275,0.04074475169181824,0.030780702829360962,unchanged,False
2026,881,0,0,0,0.0042625535279512405,0.017414964735507965,0.013152411207556725,unchanged,False
2026,884,0,1,1,0.33952197432518005,0.9132130742073059,0.5736911296844482,unchanged,True
2026,887,0,0,1,0.018065892159938812,0.11322531849145889,0.09515942633152008,worsened,False
2026,888,0,0,1,0.04957772046327591,0.45308810472488403,0.4035103917121887,worsened,False
2026,889,0,1,1,0.7074475288391113,0.23059841990470886,-0.47684910893440247,unchanged,True
2026,890,0,0,1,0.004196845926344395,0.53753662109375,0.53333979845047,worsened,True
2026,897,0,0,0,0.04442683607339859,0.02813017927110195,-0.01629665680229664,unchanged,True
2026,901,0,0,1,0.05187416449189186,0.6702796816825867,0.6184055209159851,worsened,False
2026,904,0,0,0,0.005782871972769499,0.008563756942749023,0.0027808849699795246,unchanged,False
2026,905,0,0,1,0.048182446509599686,0.3564188480377197,0.30823639035224915,worsened,True
2026,908,0,0,0,0.006671796552836895,0.015077300369739532,0.008405503816902637,unchanged,False
2026,909,0,0,0,0.005016221199184656,0.006240813061594963,0.001224591862410307,unchanged,False
2026,910,0,0,0,0.057865291833877563,0.006240813061594963,-0.05162447690963745,unchanged,False
2026,911,0,0,1,0.03819923847913742,0.14779481291770935,0.10959557443857193,worsened,False
2026,912,0,0,1,0.0074110557325184345,0.38913002610206604,0.3817189633846283,worsened,True
2026,915,0,1,1,0.988985538482666,0.9909732937812805,0.001987755298614502,unchanged,True
2026,916,0,0,0,0.007876423187553883,0.03690318390727043,0.029026761651039124,unchanged,False
2026,919,0,1,1,0.42326778173446655,0.6828278303146362,0.2595600485801697,unchanged,True
2026,920,0,1,1,0.40378978848457336,0.2866990566253662,-0.11709073185920715,unchanged,True
2026,922,0,1,1,0.8039064407348633,0.9377666711807251,0.13386023044586182,unchanged,True
2026,924,0,0,0,0.01473524421453476,0.022077826783061028,0.007342582568526268,unchanged,False
2026,926,0,1,1,0.8868311047554016,0.6702796816825867,-0.21655142307281494,unchanged,False
2026,936,0,0,0,0.00635548634454608,0.013323373161256313,0.006967886816710234,unchanged,False
2026,937,0,0,0,0.020478881895542145,0.02189360372722149,0.0014147218316793442,unchanged,False
2026,938,0,1,0,0.15325133502483368,0.01667954958975315,-0.13657177984714508,improved,True
2026,940,0,0,0,0.015256335027515888,0.006325384136289358,-0.008930951356887817,unchanged,True
2026,943,0,0,0,0.0059091076254844666,0.02050754241645336,0.014598434790968895,unchanged,False
2026,944,0,0,0,0.0029350523836910725,0.01166109275072813,0.00872603990137577,unchanged,False
2026,947,0,1,0,0.10404083132743835,0.006144748069345951,-0.09789608418941498,improved,False
2026,952,0,1,0,0.4250927269458771,0.03928946331143379,-0.3858032524585724,improved,True
2026,953,0,1,1,0.9416886568069458,0.5561246275901794,-0.38556402921676636,unchanged,False
2026,954,0,0,0,0.0075900056399405,0.004100224934518337,-0.003489780705422163,unchanged,False
2026,956,0,0,0,0.03411382436752319,0.01228379923850298,-0.02183002606034279,unchanged,True
2026,957,0,1,0,0.6757786273956299,0.028729554265737534,-0.647049069404602,improved,True
2026,959,0,0,0,0.002338138408958912,0.01667954958975315,0.014341411180794239,unchanged,True
2026,960,0,0,0,0.013125112280249596,0.010885419324040413,-0.0022396929562091827,unchanged,False
2026,962,0,1,0,0.9456909894943237,0.01667954958975315,-0.9290114641189575,improved,True
2026,965,0,0,0,0.016063064336776733,0.028729554265737534,0.0126664899289608,unchanged,True
2026,968,0,0,0,0.07693879306316376,0.01667954958975315,-0.060259245336055756,unchanged,True
2026,970,0,1,0,0.39399805665016174,0.014521632343530655,-0.3794764280319214,improved,False
2026,971,0,0,0,0.02523490972816944,0.028729554265737534,0.0034946445375680923,unchanged,True
2026,975,0,0,0,0.0016774812247604132,0.00639536464586854,0.00471788365393877,unchanged,False
2026,983,0,0,0,0.008022665977478027,0.00639536464586854,-0.0016273013316094875,unchanged,False
2026,986,0,0,0,0.012418994680047035,0.035217493772506714,0.02279849909245968,unchanged,True
2026,992,0,0,0,0.006486240774393082,0.010292230173945427,0.0038059893995523453,unchanged,False
2026,993,0,1,0,0.8264726400375366,0.010292230173945427,-0.816180408000946,improved,False
2026,995,0,0,0,0.008260929957032204,0.00639536464586854,-0.0018655653111636639,unchanged,False
2026,996,0,0,0,0.028696954250335693,0.00639536464586854,-0.02230159007012844,unchanged,False
2026,998,0,1,0,0.49664366245269775,0.010292230173945427,-0.4863514304161072,improved,False
2026,1000,0,0,0,0.008565511554479599,0.00639536464586854,-0.002170146908611059,unchanged,False
2026,1002,0,0,0,0.014391747303307056,0.010292230173945427,-0.0040995171293616295,unchanged,False
2026,1004,0,0,0,0.005373182240873575,0.010292230173945427,0.004919047933071852,unchanged,False
2026,1007,0,0,0,0.017471281811594963,0.010292230173945427,-0.007179051637649536,unchanged,False
2026,1009,0,0,0,0.04392179474234581,0.010292230173945427,-0.03362956643104553,unchanged,False
2026,1010,0,0,0,0.006281208246946335,0.00639536464586854,0.00011415639892220497,unchanged,False
2026,1011,1,0,0,0.02593250200152397,0.019505541771650314,-0.006426960229873657,unchanged,True
