seed,case_num,y_true,baseline_y_pred,corrected_y_pred,baseline_y_prob,corrected_y_prob,probability_delta,outcome,is_inconsistent_profile
42,4,0,1,1,0.9660824537277222,0.41441819071769714,-0.551664263010025,unchanged,False
42,7,0,0,0,0.26863884925842285,0.03399958088994026,-0.2346392683684826,unchanged,False
42,9,0,0,0,0.020953986793756485,0.03399958088994026,0.013045594096183777,unchanged,False
42,11,0,0,0,0.15776097774505615,0.3066677451133728,0.14890676736831665,unchanged,True
42,15,0,1,0,0.9122125506401062,0.051336776465177536,-0.8608757741749287,improved,False
42,16,0,0,0,0.2559884786605835,0.02095397561788559,-0.2350345030426979,unchanged,False
42,21,0,0,0,0.26863884925842285,0.0754421129822731,-0.19319673627614975,unchanged,True
42,24,0,1,0,0.5521677732467651,0.03399958088994026,-0.5181681923568249,improved,False
42,29,0,0,0,0.054081302136182785,0.1744728535413742,0.12039155140519142,unchanged,False
42,32,0,1,0,0.7309057116508484,0.03399958088994026,-0.6969061307609081,improved,False
42,33,0,1,0,0.8928571343421936,0.20468804240226746,-0.6881690919399261,improved,True
42,35,0,1,0,0.9802055358886719,0.14037518203258514,-0.8398303538560867,improved,False
42,36,0,0,0,0.054081302136182785,0.03399958088994026,-0.020081721246242523,unchanged,False
42,39,0,1,0,0.34672775864601135,0.1744728535413742,-0.17225490510463715,improved,False
42,41,0,0,0,0.2580513060092926,0.19169336557388306,-0.06635794043540955,unchanged,False
42,42,0,0,0,0.019877802580595016,0.02095397561788559,0.0010761730372905731,unchanged,False
42,43,0,0,0,0.011556576006114483,0.011556576006114483,0.0,unchanged,False
42,45,0,0,0,0.028379110619425774,0.011556580662727356,-0.016822529956698418,unchanged,False
42,53,0,0,0,0.06237541139125824,0.031406469643116,-0.030968941748142242,unchanged,True
42,54,0,0,0,0.03461281582713127,0.031406469643116,-0.003206346184015274,unchanged,True
42,55,0,0,0,0.031081505119800568,0.011556580662727356,-0.01952492445707321,unchanged,False
42,56,0,0,0,0.020953986793756485,0.031406469643116,0.010452482849359512,unchanged,True
42,58,0,0,0,0.030239565297961235,0.031406469643116,0.0011669043451547623,unchanged,True
42,60,0,0,0,0.011556576006114483,0.011556576006114483,0.0,unchanged,False
42,62,0,0,0,0.02705272287130356,0.022547781467437744,-0.004504941403865814,unchanged,False
42,65,0,0,0,0.030239565297961235,0.031406469643116,0.0011669043451547623,unchanged,True
42,67,0,0,0,0.030239565297961235,0.019877802580595016,-0.010361762717366219,unchanged,True
42,71,0,0,0,0.04846348240971565,0.04846348240971565,0.0,unchanged,False
42,72,0,0,0,0.03230687975883484,0.029363205656409264,-0.0029436741024255753,unchanged,False
42,74,0,0,0,0.022810766473412514,0.07138745486736298,0.04857668839395046,unchanged,False
42,79,0,0,0,0.03230687975883484,0.02534313127398491,-0.00696374848484993,unchanged,False
42,84,0,1,0,0.3235962390899658,0.041891053318977356,-0.28170518577098846,improved,False
42,86,0,0,0,0.02201003208756447,0.016369378194212914,-0.005640653893351555,unchanged,False
42,87,0,0,0,0.02201003208756447,0.12623731791973114,0.10422728583216667,unchanged,False
42,90,0,0,0,0.02201003208756447,0.19169336557388306,0.1696833334863186,unchanged,False
42,91,0,0,0,0.075453020632267,0.08797085285186768,0.012517832219600677,unchanged,False
42,92,0,0,0,0.03230687975883484,0.045952461659908295,0.013645581901073456,unchanged,False
42,97,0,1,0,0.36713236570358276,0.06258546561002731,-0.30454690009355545,improved,False
42,98,0,0,0,0.04846348240971565,0.09073565900325775,0.0422721765935421,unchanged,False
42,100,0,0,0,0.017820974811911583,0.08251582831144333,0.06469485349953175,unchanged,False
42,103,0,0,0,0.02201003208756447,0.04846350476145744,0.026453472673892975,unchanged,False
42,104,0,0,0,0.022810766473412514,0.21229496598243713,0.18948419950902462,unchanged,False
42,107,0,0,1,0.19169336557388306,0.46220341324806213,0.2705100476741791,worsened,False
42,109,0,0,0,0.02201003208756447,0.02713879942893982,0.005128767341375351,unchanged,False
42,112,0,0,0,0.017653897404670715,0.02281075529754162,0.005156857892870903,unchanged,False
42,113,0,0,1,0.18982751667499542,0.4406876266002655,0.2508601099252701,worsened,True
42,114,0,0,0,0.011030667461454868,0.019956286996603012,0.008925619535148144,unchanged,False
42,116,0,0,0,0.10684909671545029,0.08797085285186768,-0.01887824386358261,unchanged,False
42,117,0,0,0,0.02201003208756447,0.011790708638727665,-0.010219323448836803,unchanged,False
42,121,0,1,0,0.8045485019683838,0.1850072294473648,-0.619541272521019,improved,True
42,126,0,1,0,0.8015667796134949,0.31546249985694885,-0.486104279756546,improved,False
42,127,0,0,1,0.13407504558563232,0.32835549116134644,0.1942804455757141,worsened,False
42,129,0,0,0,0.28199154138565063,0.2777755856513977,-0.00421595573425293,unchanged,False
42,135,0,0,0,0.16009193658828735,0.1100691482424736,-0.05002278834581375,unchanged,True
42,136,0,0,0,0.16009193658828735,0.20287911593914032,0.042787179350852966,unchanged,False
42,137,0,1,0,0.37174350023269653,0.058667875826358795,-0.31307562440633774,improved,True
42,139,0,0,0,0.011030667461454868,0.07169748842716217,0.0606668209657073,unchanged,False
42,144,0,0,0,0.03230687975883484,0.12623731791973114,0.0939304381608963,unchanged,False
42,145,0,0,0,0.022810766473412514,0.029363205656409264,0.00655243918299675,unchanged,False
42,146,0,0,0,0.017820974811911583,0.03230687975883484,0.014485904946923256,unchanged,False
42,147,0,0,0,0.20349480211734772,0.02063177153468132,-0.1828630305826664,unchanged,False
42,148,0,0,0,0.15244552493095398,0.02281075529754162,-0.12963476963341236,unchanged,False
42,150,0,0,0,0.019956286996603012,0.019956286996603012,0.0,unchanged,False
42,152,0,0,0,0.020953986793756485,0.02453790418803692,0.0035839173942804337,unchanged,False
42,159,0,0,0,0.03230687975883484,0.03230687975883484,0.0,unchanged,False
42,161,0,0,0,0.014780525118112564,0.04846350476145744,0.03368297964334488,unchanged,False
42,162,0,1,0,0.6246087551116943,0.10337395966053009,-0.5212347954511642,improved,False
42,168,0,0,0,0.04846348240971565,0.16009193658828735,0.1116284541785717,unchanged,True
42,169,0,0,0,0.01636938378214836,0.029363205656409264,0.012993821874260902,unchanged,False
42,172,0,0,0,0.022810766473412514,0.05609474331140518,0.03328397683799267,unchanged,False
42,173,0,1,0,0.6246087551116943,0.04846350476145744,-0.5761452503502369,improved,False
42,178,0,0,0,0.02453789860010147,0.019956286996603012,-0.004581611603498459,unchanged,False
42,179,0,0,0,0.011030667461454868,0.019956286996603012,0.008925619535148144,unchanged,False
42,180,0,0,0,0.017820974811911583,0.17335233092308044,0.15553135611116886,unchanged,False
42,182,0,0,0,0.011030667461454868,0.01782098226249218,0.0067903148010373116,unchanged,False
42,183,0,0,0,0.03223374858498573,0.056231312453746796,0.023997563868761063,unchanged,False
42,191,0,0,0,0.017820974811911583,0.17335233092308044,0.15553135611116886,unchanged,False
42,196,0,0,0,0.019956286996603012,0.01782098226249218,-0.002135304734110832,unchanged,False
42,197,0,0,0,0.05019192025065422,0.03230687975883484,-0.01788504049181938,unchanged,False
42,200,0,0,0,0.017820974811911583,0.019956286996603012,0.002135312184691429,unchanged,False
42,201,0,0,0,0.31820982694625854,0.037594959139823914,-0.28061486780643463,unchanged,False
42,202,0,0,0,0.019956286996603012,0.17335233092308044,0.15339604392647743,unchanged,False
42,206,0,0,0,0.017820974811911583,0.17335233092308044,0.15553135611116886,unchanged,False
42,207,0,0,0,0.019956286996603012,0.01782098226249218,-0.002135304734110832,unchanged,False
42,208,0,0,0,0.011030667461454868,0.01782098226249218,0.0067903148010373116,unchanged,False
42,213,0,0,0,0.04079222306609154,0.014780525118112564,-0.026011697947978973,unchanged,False
42,216,0,0,0,0.04947328567504883,0.12623731791973114,0.07676403224468231,unchanged,False
42,218,0,0,0,0.04846348240971565,0.03230687975883484,-0.016156602650880814,unchanged,False
42,220,0,0,0,0.20287910103797913,0.014780525118112564,-0.18809857591986656,unchanged,False
42,225,0,0,0,0.02453789860010147,0.03230687975883484,0.007768981158733368,unchanged,False
42,227,0,0,0,0.02201003208756447,0.011790708638727665,-0.010219323448836803,unchanged,False
42,228,0,1,0,0.6422989368438721,0.16968268156051636,-0.4726162552833557,improved,False
42,231,0,0,0,0.28199154138565063,0.06258546561002731,-0.21940607577562332,unchanged,False
42,232,0,0,0,0.020631762221455574,0.020631762221455574,0.0,unchanged,False
42,239,0,0,0,0.04846348240971565,0.16009193658828735,0.1116284541785717,unchanged,True
42,242,0,0,0,0.052148912101984024,0.03230687975883484,-0.019842032343149185,unchanged,False
42,243,0,0,0,0.03230687975883484,0.12623731791973114,0.0939304381608963,unchanged,False
42,244,0,0,0,0.04846348240971565,0.03230687975883484,-0.016156602650880814,unchanged,False
42,249,0,0,0,0.04846348240971565,0.25934386253356934,0.21088038012385368,unchanged,True
42,250,0,0,0,0.20349480211734772,0.30555880069732666,0.10206399857997894,unchanged,False
42,251,0,1,0,0.8781351447105408,0.03446212410926819,-0.8436730206012726,improved,False
42,253,0,0,0,0.04846348240971565,0.029363205656409264,-0.01910027675330639,unchanged,False
42,254,0,1,0,0.44664832949638367,0.03230687975883484,-0.41434144973754883,improved,False
42,263,0,1,0,0.6533312797546387,0.06395882368087769,-0.589372456073761,improved,False
42,264,0,0,1,0.28199154138565063,0.34647175669670105,0.06448021531105042,worsened,False
42,269,0,0,0,0.029944924637675285,0.03230687975883484,0.0023619551211595535,unchanged,False
42,270,0,0,0,0.03230687975883484,0.03230687975883484,0.0,unchanged,False
42,271,0,0,0,0.011030667461454868,0.25934386253356934,0.24831319507211447,unchanged,True
42,272,0,0,0,0.052148912101984024,0.03230687975883484,-0.019842032343149185,unchanged,False
42,274,0,0,0,0.03223374858498573,0.03230687975883484,7.313117384910583e-05,unchanged,False
42,276,0,1,0,0.6533312797546387,0.1092332974076271,-0.5440979823470116,improved,False
42,279,0,0,0,0.11497164517641068,0.22545680403709412,0.11048515886068344,unchanged,True
42,280,0,0,0,0.09951357543468475,0.2906622290611267,0.19114865362644196,unchanged,False
42,281,0,0,0,0.019956286996603012,0.03230687975883484,0.012350592762231827,unchanged,False
42,282,0,0,0,0.28199154138565063,0.09636747092008591,-0.18562407046556473,unchanged,False
42,283,0,0,0,0.022810766473412514,0.022810766473412514,0.0,unchanged,False
42,285,0,0,0,0.04950091242790222,0.03230687975883484,-0.017194032669067383,unchanged,False
42,290,0,0,0,0.04079222306609154,0.029363205656409264,-0.011429017409682274,unchanged,False
42,292,0,0,0,0.07376113533973694,0.0773850530385971,0.0036239176988601685,unchanged,True
42,297,0,0,0,0.26863884925842285,0.04079222306609154,-0.22784662619233131,unchanged,False
42,299,0,0,1,0.0787932500243187,0.48627468943595886,0.40748143941164017,worsened,True
42,303,0,0,0,0.08211972564458847,0.02281075529754162,-0.05930897034704685,unchanged,False
42,308,0,0,0,0.02201003208756447,0.22545680403709412,0.20344677194952965,unchanged,True
42,310,0,0,0,0.1521511971950531,0.03230687975883484,-0.11984431743621826,unchanged,False
42,312,0,0,0,0.044848956167697906,0.02281075529754162,-0.022038200870156288,unchanged,False
42,314,0,0,0,0.11497164517641068,0.25934386253356934,0.14437221735715866,unchanged,True
42,320,0,0,0,0.017653897404670715,0.06258546561002731,0.0449315682053566,unchanged,False
42,321,0,0,0,0.022810766473412514,0.03230687975883484,0.009496113285422325,unchanged,False
42,322,0,0,1,0.04846348240971565,0.3235962688922882,0.27513278648257256,worsened,False
42,327,0,0,0,0.03230687975883484,0.06585153937339783,0.03354465961456299,unchanged,False
42,328,0,1,0,0.7757564783096313,0.055647384375333786,-0.7201090939342976,improved,True
42,331,0,0,0,0.04998183995485306,0.03230687975883484,-0.01767496019601822,unchanged,False
42,336,0,0,0,0.02453789860010147,0.3093986511230469,0.2848607525229454,unchanged,False
42,338,0,0,0,0.019956286996603012,0.06585153937339783,0.045895252376794815,unchanged,False
42,339,0,0,0,0.01453267689794302,0.12130267918109894,0.10677000228315592,unchanged,False
42,340,0,0,1,0.03223374858498573,0.3235962688922882,0.2913625203073025,worsened,False
42,341,0,1,1,0.48627471923828125,0.3627373278141022,-0.12353739142417908,unchanged,True
42,343,0,0,1,0.0573439821600914,0.3235962688922882,0.2662522867321968,worsened,False
42,345,0,0,0,0.06395880877971649,0.04846350476145744,-0.015495304018259048,unchanged,False
42,348,0,0,0,0.2485305368900299,0.11497169733047485,-0.13355883955955505,unchanged,True
42,349,0,0,0,0.022810766473412514,0.016369378194212914,-0.0064413882791996,unchanged,False
42,350,0,0,0,0.02201003208756447,0.02281075529754162,0.00080072320997715,unchanged,False
42,352,0,1,0,0.9660824537277222,0.03351989760994911,-0.9325625561177731,improved,False
42,358,0,1,0,0.4761234223842621,0.1874433308839798,-0.2886800915002823,improved,True
42,359,0,1,0,0.34672775864601135,0.03230687975883484,-0.3144208788871765,improved,False
42,360,0,0,0,0.020631762221455574,0.08797085285186768,0.0673390906304121,unchanged,False
42,362,0,1,0,0.37174350023269653,0.30646154284477234,-0.0652819573879242,improved,True
42,364,0,0,0,0.06596639007329941,0.02281075529754162,-0.04315563477575779,unchanged,False
42,366,0,0,0,0.04846348240971565,0.047304920852184296,-0.0011585615575313568,unchanged,True
42,368,0,1,0,0.8398324251174927,0.3234182596206665,-0.5164141654968262,improved,True
42,371,0,0,1,0.03230687975883484,0.4550270140171051,0.42272013425827026,worsened,False
42,372,0,0,0,0.23564061522483826,0.03230687975883484,-0.20333373546600342,unchanged,False
42,382,0,0,0,0.03230687975883484,0.03230687975883484,0.0,unchanged,False
42,386,0,1,0,0.3235962390899658,0.11497169733047485,-0.20862454175949097,improved,True
42,391,0,1,0,0.9270133972167969,0.05551408231258392,-0.871499314904213,improved,False
42,397,0,0,0,0.022810766473412514,0.03230687975883484,0.009496113285422325,unchanged,False
42,400,0,0,0,0.03230687975883484,0.0773850530385971,0.04507817327976227,unchanged,True
42,401,0,0,0,0.03546975180506706,0.16009193658828735,0.12462218478322029,unchanged,True
42,403,0,0,0,0.04846348240971565,0.03230687975883484,-0.016156602650880814,unchanged,False
42,405,0,0,0,0.03230687975883484,0.03230687975883484,0.0,unchanged,False
42,408,0,0,0,0.04846348240971565,0.16009193658828735,0.1116284541785717,unchanged,True
42,409,0,0,0,0.03223374858498573,0.04846350476145744,0.01622975617647171,unchanged,False
42,411,0,1,0,0.7757564783096313,0.03546975180506706,-0.7402867265045643,improved,False
42,414,0,0,0,0.03230687975883484,0.052148912101984024,0.019842032343149185,unchanged,False
42,415,0,0,0,0.04079222306609154,0.047304920852184296,0.006512697786092758,unchanged,True
42,417,0,1,1,0.4434940218925476,0.8398323059082031,0.3963382840156555,unchanged,False
42,418,0,0,0,0.02453789860010147,0.07202613353729248,0.04748823493719101,unchanged,True
42,421,0,0,0,0.059472616761922836,0.04846350476145744,-0.011009112000465393,unchanged,False
42,425,0,0,0,0.03230687975883484,0.029363205656409264,-0.0029436741024255753,unchanged,False
42,428,0,1,0,0.5387444496154785,0.09073565900325775,-0.44800879061222076,improved,False
42,433,0,1,0,0.814014732837677,0.052148912101984024,-0.761865820735693,improved,False
42,435,0,0,0,0.12029149383306503,0.07384653389453888,-0.046444959938526154,unchanged,True
42,439,0,1,0,0.814014732837677,0.12623731791973114,-0.6877774149179459,improved,False
42,443,0,0,0,0.0573439821600914,0.04846350476145744,-0.008880477398633957,unchanged,False
42,444,0,0,0,0.03230687975883484,0.03230687975883484,0.0,unchanged,False
42,445,0,0,0,0.04846348240971565,0.03230687975883484,-0.016156602650880814,unchanged,False
42,451,0,0,0,0.052148912101984024,0.0573384165763855,0.005189504474401474,unchanged,False
42,454,0,0,0,0.07870954275131226,0.03230687975883484,-0.04640266299247742,unchanged,False
42,457,0,0,0,0.04846348240971565,0.03230687975883484,-0.016156602650880814,unchanged,False
42,460,0,0,0,0.04846348240971565,0.03230687975883484,-0.016156602650880814,unchanged,False
42,462,0,0,0,0.03230687975883484,0.029363205656409264,-0.0029436741024255753,unchanged,False
42,465,0,1,0,0.513636589050293,0.16009193658828735,-0.3535446524620056,improved,True
42,469,0,0,0,0.011790714226663113,0.04846350476145744,0.03667279053479433,unchanged,False
42,471,0,0,0,0.04862520471215248,0.04449271783232689,-0.004132486879825592,unchanged,False
42,472,0,0,0,0.04090492054820061,0.04449271783232689,0.0035877972841262817,unchanged,False
42,478,0,1,1,0.9591431021690369,0.40046098828315735,-0.5586821138858795,unchanged,True
42,480,0,0,0,0.02453789860010147,0.05900820344686508,0.03447030484676361,unchanged,False
42,481,0,1,0,0.9688832759857178,0.11739469319581985,-0.8514885827898979,improved,False
42,483,0,0,0,0.05043409764766693,0.16009193658828735,0.10965783894062042,unchanged,True
42,486,0,0,0,0.014780525118112564,0.25934386253356934,0.24456333741545677,unchanged,True
42,491,0,0,0,0.28199154138565063,0.0773850530385971,-0.20460648834705353,unchanged,True
42,492,0,1,0,0.7923721075057983,0.06258546561002731,-0.729786641895771,improved,False
42,505,0,0,0,0.024017540737986565,0.029363205656409264,0.005345664918422699,unchanged,False
42,511,0,0,0,0.02453789860010147,0.02453789860010147,0.0,unchanged,False
42,517,0,1,0,0.4369439482688904,0.04079222306609154,-0.39615172520279884,improved,False
42,524,0,0,0,0.0573439821600914,0.04079222306609154,-0.016551759093999863,unchanged,False
42,525,0,0,0,0.1421853005886078,0.20468804240226746,0.06250274181365967,unchanged,True
42,527,0,0,0,0.011556576006114483,0.011556576006114483,0.0,unchanged,False
42,528,0,0,0,0.05039709061384201,0.03801599144935608,-0.012381099164485931,unchanged,False
42,532,0,1,1,0.7062578797340393,0.5747324228286743,-0.131525456905365,unchanged,True
42,535,0,0,0,0.029508542269468307,0.03399958088994026,0.004491038620471954,unchanged,False
42,536,0,0,0,0.033999621868133545,0.26863887906074524,0.2346392571926117,unchanged,False
42,537,0,0,0,0.07870954275131226,0.03230687975883484,-0.04640266299247742,unchanged,False
42,540,0,0,0,0.01636938378214836,0.12623731791973114,0.10986793413758278,unchanged,False
42,542,0,1,0,0.5110569000244141,0.12623731791973114,-0.3848195821046829,improved,False
42,547,0,0,0,0.185007244348526,0.12623731791973114,-0.05876992642879486,unchanged,False
42,549,0,0,0,0.014780525118112564,0.052148912101984024,0.03736838698387146,unchanged,False
42,557,0,0,0,0.011030667461454868,0.010176130570471287,-0.0008545368909835815,unchanged,False
42,560,0,0,0,0.13621240854263306,0.029363205656409264,-0.10684920288622379,unchanged,False
42,561,0,0,0,0.14187325537204742,0.03230687975883484,-0.10956637561321259,unchanged,False
42,562,0,1,0,0.36759641766548157,0.12623731791973114,-0.24135909974575043,improved,False
42,563,0,0,0,0.04159979149699211,0.029363205656409264,-0.012236585840582848,unchanged,False
42,567,0,1,0,0.5149949789047241,0.018796797841787338,-0.4961981810629368,improved,True
42,569,0,0,0,0.011556576006114483,0.03230687975883484,0.020750303752720356,unchanged,False
42,570,0,0,0,0.019172081723809242,0.018796797841787338,-0.000375283882021904,unchanged,True
42,573,0,0,0,0.03230687975883484,0.016369378194212914,-0.015937501564621925,unchanged,False
42,574,0,0,0,0.01650971733033657,0.029363205656409264,0.012853488326072693,unchanged,False
42,575,0,0,0,0.022810766473412514,0.016369378194212914,-0.0064413882791996,unchanged,False
42,576,0,0,0,0.01650971733033657,0.016369378194212914,-0.00014033913612365723,unchanged,False
42,578,1,1,1,0.8276777863502502,0.6422989368438721,-0.18537884950637817,unchanged,False
42,579,1,1,0,0.44664832949638367,0.1850072294473648,-0.26164110004901886,worsened,True
42,581,1,1,1,0.9802055358886719,0.9725902080535889,-0.007615327835083008,unchanged,False
42,582,1,1,1,0.9660824537277222,0.5296309590339661,-0.4364514946937561,unchanged,False
42,583,1,1,1,0.7062578797340393,0.5094958543777466,-0.19676202535629272,unchanged,True
42,586,1,0,0,0.02453789860010147,0.10684918612241745,0.08231128752231598,unchanged,True
42,589,1,1,1,0.7923721075057983,0.5094958543777466,-0.28287625312805176,unchanged,True
42,590,1,1,1,0.975067138671875,0.5094958543777466,-0.4655712842941284,unchanged,True
42,591,1,0,0,0.054081302136182785,0.10684918612241745,0.052767883986234665,unchanged,True
42,593,1,1,0,0.9660824537277222,0.20349475741386414,-0.762587696313858,worsened,True
42,596,1,0,0,0.16009193658828735,0.11855902522802353,-0.041532911360263824,unchanged,False
42,599,1,1,0,0.975067138671875,0.31577736139297485,-0.6592897772789001,worsened,False
42,600,1,0,0,0.1124473363161087,0.20349475741386414,0.09104742109775543,unchanged,True
42,604,1,1,1,0.9660824537277222,0.5094958543777466,-0.4565865993499756,unchanged,True
42,609,1,1,0,0.5928156971931458,0.0773850530385971,-0.5154306441545486,worsened,True
42,611,1,0,1,0.04846348240971565,0.5094958543777466,0.46103237196803093,improved,True
42,618,1,1,0,0.8930061459541321,0.03231383487582207,-0.86069231107831,worsened,False
42,619,1,1,0,0.7923721075057983,0.03223374858498573,-0.7601383589208126,worsened,True
42,620,1,1,0,0.6911336183547974,0.10684918612241745,-0.5842844322323799,worsened,True
42,629,1,0,0,0.011556576006114483,0.3154364824295044,0.3038799064233899,unchanged,False
42,631,1,1,1,0.814014732837677,0.5094958543777466,-0.3045188784599304,unchanged,True
42,633,1,1,0,0.6533312797546387,0.21338185667991638,-0.4399494230747223,worsened,True
42,634,1,1,0,0.6911336183547974,0.04970673471689224,-0.6414268836379051,worsened,False
42,635,1,1,0,0.9660824537277222,0.11497169733047485,-0.8511107563972473,worsened,True
42,637,1,0,0,0.06372008472681046,0.12029146403074265,0.05657137930393219,unchanged,True
42,640,1,0,0,0.12809854745864868,0.09189622104167938,-0.0362023264169693,unchanged,False
42,641,1,1,1,0.975067138671875,0.9660824537277222,-0.008984684944152832,unchanged,False
42,645,1,1,1,0.9802055358886719,0.6009871959686279,-0.37921833992004395,unchanged,False
42,649,1,1,1,0.9725902080535889,0.8692933917045593,-0.10329681634902954,unchanged,False
42,650,1,1,1,0.9725902080535889,0.8366546034812927,-0.13593560457229614,unchanged,False
42,653,1,1,1,0.9218928217887878,0.46360015869140625,-0.4582926630973816,unchanged,False
42,656,1,1,1,0.8646494746208191,0.6547703742980957,-0.2098791003227234,unchanged,False
42,657,1,1,1,0.9725902080535889,0.8646494746208191,-0.10794073343276978,unchanged,False
42,661,1,1,1,0.9660824537277222,0.9176991581916809,-0.04838329553604126,unchanged,False
42,664,1,0,1,0.2267078310251236,0.48627468943595886,0.25956685841083527,improved,True
42,672,1,1,1,0.8619893789291382,0.8498097658157349,-0.01217961311340332,unchanged,True
42,673,1,1,0,0.8694804906845093,0.1874433308839798,-0.6820371598005295,worsened,True
42,677,1,0,0,0.20349480211734772,0.281991571187973,0.0784967690706253,unchanged,True
42,683,1,1,1,0.9725902080535889,0.8353056311607361,-0.13728457689285278,unchanged,False
42,685,1,1,1,0.8930061459541321,0.5483396053314209,-0.3446665406227112,unchanged,True
42,688,1,1,1,0.9660824537277222,0.7079504132270813,-0.25813204050064087,unchanged,True
42,689,1,1,1,0.6533312797546387,0.7923719882965088,0.13904070854187012,unchanged,False
42,693,1,0,0,0.20247986912727356,0.20468804240226746,0.0022081732749938965,unchanged,True
42,696,1,0,0,0.04846348240971565,0.281991571187973,0.23352808877825737,unchanged,True
42,700,1,1,1,0.9325727224349976,0.5094958543777466,-0.423076868057251,unchanged,True
42,702,1,1,1,0.8882213234901428,0.8612112998962402,-0.027010023593902588,unchanged,False
42,705,1,1,0,0.8276777863502502,0.17687389254570007,-0.6508038938045502,worsened,False
42,708,1,0,0,0.03546975180506706,0.1100691482424736,0.07459939643740654,unchanged,True
42,710,1,0,0,0.16009193658828735,0.3234182596206665,0.16332632303237915,unchanged,True
42,711,1,1,1,0.9802055358886719,0.9660824537277222,-0.014123082160949707,unchanged,False
42,716,1,1,1,0.9536608457565308,0.746585488319397,-0.2070753574371338,unchanged,False
42,717,1,0,1,0.18610399961471558,0.5094958543777466,0.323391854763031,improved,True
42,720,1,0,1,0.08997384458780289,0.6357203125953674,0.5457464680075645,improved,True
42,721,1,0,0,0.02201003208756447,0.17687389254570007,0.1548638604581356,unchanged,False
42,722,1,0,0,0.1100691482424736,0.03208858147263527,-0.07798056676983833,unchanged,False
42,724,1,1,0,0.8612112998962402,0.12796258926391602,-0.7332487106323242,worsened,True
42,726,1,1,1,0.975067138671875,0.9660824537277222,-0.008984684944152832,unchanged,False
42,727,1,0,0,0.0473049022257328,0.07202613353729248,0.024721231311559677,unchanged,True
42,728,1,0,1,0.04846348240971565,0.5883296728134155,0.5398661904036999,improved,False
42,730,1,1,0,0.6213222146034241,0.07089109718799591,-0.5504311174154282,worsened,False
42,732,1,1,1,0.9725902080535889,0.8692933917045593,-0.10329681634902954,unchanged,False
42,733,1,1,1,0.5094957947731018,0.7757564783096313,0.26626068353652954,unchanged,False
42,735,1,1,1,0.814014732837677,0.5094958543777466,-0.3045188784599304,unchanged,True
42,736,1,0,0,0.13733883202075958,0.21338185667991638,0.0760430246591568,unchanged,True
42,739,1,1,0,0.9285393953323364,0.09189622104167938,-0.836643174290657,worsened,False
42,741,1,1,0,0.8077278137207031,0.20349475741386414,-0.604233056306839,worsened,True
42,744,1,1,1,0.6213222146034241,0.6110885143280029,-0.010233700275421143,unchanged,False
42,745,1,1,1,0.9725902080535889,0.8154648542404175,-0.1571253538131714,unchanged,False
42,747,1,1,1,0.9660824537277222,0.6422989368438721,-0.3237835168838501,unchanged,False
42,752,1,1,1,0.9660824537277222,0.7063400745391846,-0.2597423791885376,unchanged,False
42,759,1,1,1,0.9285393953323364,0.6670347452163696,-0.2615046501159668,unchanged,False
42,760,1,1,1,0.8498097658157349,0.4406876266002655,-0.40912213921546936,unchanged,True
42,761,1,1,0,0.4406876266002655,0.20468804240226746,-0.23599958419799805,worsened,True
42,762,1,0,0,0.02705272287130356,0.20468804240226746,0.1776353195309639,unchanged,True
42,766,1,1,1,0.9322638511657715,0.9802055358886719,0.04794168472290039,unchanged,False
42,777,1,1,1,0.9802055358886719,0.664523720741272,-0.3156818151473999,unchanged,False
42,780,1,1,1,0.9660824537277222,0.7079504132270813,-0.25813204050064087,unchanged,True
42,781,1,1,1,0.7374306321144104,0.4297477900981903,-0.3076828420162201,unchanged,False
42,782,1,1,1,0.42974773049354553,0.7079504132270813,0.27820268273353577,unchanged,True
42,786,1,0,1,0.14004531502723694,0.6896781325340271,0.5496328175067902,improved,False
42,787,1,1,1,0.9725902080535889,0.9192774295806885,-0.05331277847290039,unchanged,False
42,791,1,1,1,0.9325727224349976,0.6110885143280029,-0.32148420810699463,unchanged,False
42,792,1,1,1,0.9802055358886719,0.4406876266002655,-0.5395179092884064,unchanged,True
42,793,1,1,1,0.8752332925796509,0.861989438533783,-0.01324385404586792,unchanged,True
42,796,1,1,1,0.9802055358886719,0.8216061592102051,-0.1585993766784668,unchanged,False
42,797,1,1,1,0.975067138671875,0.8498097658157349,-0.12525737285614014,unchanged,True
42,799,1,1,1,0.7062578797340393,0.861989438533783,0.15573155879974365,unchanged,True
42,801,1,0,0,0.054081302136182785,0.2715069353580475,0.2174256332218647,unchanged,False
42,804,1,1,1,0.742266058921814,0.3562048673629761,-0.3860611915588379,unchanged,False
42,806,1,1,1,0.7062578797340393,0.9725902080535889,0.26633232831954956,unchanged,False
42,808,1,1,1,0.7062578797340393,0.6110885143280029,-0.09516936540603638,unchanged,False
42,810,1,1,0,0.6984676718711853,0.20468804240226746,-0.49377962946891785,worsened,True
42,811,1,1,0,0.3998987674713135,0.05039707571268082,-0.34950169175863266,worsened,True
42,812,1,0,1,0.054081302136182785,0.7435522079467773,0.6894709058105946,improved,True
42,813,1,0,1,0.019877802580595016,0.975067138671875,0.95518933609128,improved,False
42,817,1,0,1,0.09932508319616318,0.8101505041122437,0.7108254209160805,improved,False
42,818,1,1,1,0.9660824537277222,0.8498097658157349,-0.1162726879119873,unchanged,True
42,820,1,1,1,0.33843758702278137,0.5747324228286743,0.23629483580589294,unchanged,True
42,821,1,1,1,0.9802055358886719,0.861989438533783,-0.11821609735488892,unchanged,True
42,827,1,1,0,0.5386762022972107,0.3066677451133728,-0.2320084571838379,worsened,True
42,830,0,0,0,0.020953986793756485,0.029363205656409264,0.008409218862652779,unchanged,False
42,831,0,0,0,0.011030667461454868,0.01782098226249218,0.0067903148010373116,unchanged,False
42,834,0,0,0,0.054081302136182785,0.04141007363796234,-0.012671228498220444,unchanged,False
42,837,0,0,0,0.036307595670223236,0.018295254558324814,-0.018012341111898422,unchanged,False
42,838,0,0,0,0.036307595670223236,0.019956286996603012,-0.016351308673620224,unchanged,False
42,840,0,0,0,0.033999621868133545,0.011030671186745167,-0.022968950681388378,unchanged,False
42,846,0,0,1,0.019877802580595016,0.6504160165786743,0.6305382139980793,worsened,False
42,850,0,1,1,0.945328950881958,0.7881078124046326,-0.15722113847732544,unchanged,False
42,854,0,0,0,0.10709992051124573,0.02994493767619133,-0.0771549828350544,unchanged,False
42,859,0,0,0,0.02201003208756447,0.22545680403709412,0.20344677194952965,unchanged,True
42,862,0,0,0,0.21338185667991638,0.281991571187973,0.06860971450805664,unchanged,True
42,863,0,0,1,0.011790714226663113,0.5483396053314209,0.5365488911047578,worsened,True
42,865,0,0,0,0.011790714226663113,0.011790714226663113,0.0,unchanged,False
42,866,0,0,0,0.014780525118112564,0.011790708638727665,-0.002989816479384899,unchanged,False
42,867,0,1,1,0.9660824537277222,0.4557879865169525,-0.5102944672107697,unchanged,False
42,868,0,0,0,0.02201003208756447,0.011790708638727665,-0.010219323448836803,unchanged,False
42,872,0,1,1,0.5437067151069641,0.5483396053314209,0.004632890224456787,unchanged,True
42,874,0,1,0,0.7935953736305237,0.281991571187973,-0.5116038024425507,improved,True
42,878,0,0,0,0.03230687975883484,0.034048642963171005,0.0017417632043361664,unchanged,False
42,880,0,0,0,0.028379110619425774,0.04213287681341171,0.013753766193985939,unchanged,False
42,881,0,0,0,0.011790714226663113,0.037594959139823914,0.0258042449131608,unchanged,False
42,884,0,1,1,0.7062578797340393,0.7079504132270813,0.0016925334930419922,unchanged,True
42,887,0,0,0,0.01453267689794302,0.30554404854774475,0.29101137164980173,unchanged,False
42,888,0,0,0,0.05586821958422661,0.0920802429318428,0.036212023347616196,unchanged,False
42,889,0,0,0,0.20468799769878387,0.20468799769878387,0.0,unchanged,True
42,890,0,0,0,0.011030667461454868,0.12796258926391602,0.11693192180246115,unchanged,True
42,897,0,0,0,0.017820974811911583,0.058667875826358795,0.04084690101444721,unchanged,True
42,901,0,1,1,0.9453073143959045,0.5915074348449707,-0.35379987955093384,unchanged,False
42,904,0,0,0,0.017820974811911583,0.02453790418803692,0.006716929376125336,unchanged,False
42,905,0,1,1,0.36713236570358276,0.4406876266002655,0.07355526089668274,unchanged,True
42,908,0,0,0,0.011790714226663113,0.027052707970142365,0.015261993743479252,unchanged,False
42,909,0,0,0,0.011030667461454868,0.011030667461454868,0.0,unchanged,False
42,910,0,0,0,0.07169748097658157,0.011030671186745167,-0.06066680978983641,unchanged,False
42,911,0,0,0,0.0473049022257328,0.07181413471698761,0.024509232491254807,unchanged,False
42,912,0,0,0,0.0473049022257328,0.0473049022257328,0.0,unchanged,True
42,915,0,1,1,0.4406876266002655,0.9325727224349976,0.49188509583473206,unchanged,True
42,916,0,0,0,0.011030667461454868,0.12130267918109894,0.11027201171964407,unchanged,False
42,919,0,1,1,0.8498097658157349,0.6357203125953674,-0.21408945322036743,unchanged,True
42,920,0,1,1,0.5796937346458435,0.5292561650276184,-0.0504375696182251,unchanged,True
42,922,0,1,1,0.844233512878418,0.861989438533783,0.01775592565536499,unchanged,True
42,924,0,0,0,0.022810766473412514,0.04217133671045303,0.01936057023704052,unchanged,False
42,926,0,1,1,0.6422989368438721,0.5915074348449707,-0.05079150199890137,unchanged,False
42,936,0,0,0,0.059187598526477814,0.08250794559717178,0.02332034707069397,unchanged,False
42,937,0,1,0,0.5984770655632019,0.07801490277051926,-0.5204621627926826,improved,False
42,938,0,1,0,0.5094957947731018,0.031406469643116,-0.4780893251299858,improved,True
42,940,0,0,0,0.17447282373905182,0.08544382452964783,-0.08902899920940399,unchanged,True
42,943,0,0,0,0.011790714226663113,0.04309963807463646,0.03130892384797335,unchanged,False
42,944,0,0,0,0.01636938378214836,0.07009109109640121,0.05372170731425285,unchanged,False
42,947,0,1,0,0.6042788624763489,0.024017546325922012,-0.5802613161504269,improved,False
42,952,0,1,0,0.7757564783096313,0.11497169733047485,-0.6607847809791565,improved,True
42,953,0,1,1,0.9660824537277222,0.8596495389938354,-0.10643291473388672,unchanged,False
42,954,0,1,0,0.3279114365577698,0.014780525118112564,-0.3131309114396572,improved,False
42,956,0,1,0,0.9122125506401062,0.05039707571268082,-0.8618154749274254,improved,True
42,957,0,1,0,0.6533312797546387,0.018796797841787338,-0.6345344819128513,improved,True
42,959,0,0,0,0.02453789860010147,0.031406469643116,0.006868571043014526,unchanged,True
42,960,0,0,0,0.019877802580595016,0.03720748797059059,0.017329685389995575,unchanged,False
42,962,0,1,0,0.975067138671875,0.031406469643116,-0.943660669028759,improved,True
42,965,0,0,0,0.09932508319616318,0.018796797841787338,-0.08052828535437584,unchanged,True
42,968,0,0,0,0.020953986793756485,0.031406469643116,0.010452482849359512,unchanged,True
42,970,0,1,0,0.9122125506401062,0.04006822407245636,-0.8721443265676498,improved,False
42,971,0,0,0,0.11869952082633972,0.018796797841787338,-0.09990272298455238,unchanged,True
42,975,0,0,0,0.014780525118112564,0.011556580662727356,-0.003223944455385208,unchanged,False
42,983,0,0,0,0.019877802580595016,0.011556580662727356,-0.00832122191786766,unchanged,False
42,986,0,0,0,0.02705272287130356,0.0754421129822731,0.04838939011096954,unchanged,True
42,992,0,0,0,0.03140651062130928,0.02095397561788559,-0.01045253500342369,unchanged,False
42,993,0,1,0,0.9802055358886719,0.02095397561788559,-0.9592515602707863,improved,False
42,995,0,0,0,0.017820974811911583,0.011556580662727356,-0.006264394149184227,unchanged,False
42,996,0,0,0,0.15776094794273376,0.011556580662727356,-0.1462043672800064,unchanged,False
42,998,0,1,0,0.6334806680679321,0.02095397561788559,-0.6125266924500465,improved,False
42,1000,0,0,0,0.015064071863889694,0.011556580662727356,-0.0035074912011623383,unchanged,False
42,1002,0,0,0,0.024017535150051117,0.02095397561788559,-0.0030635595321655273,unchanged,False
42,1004,0,0,0,0.033999621868133545,0.02095397561788559,-0.013045646250247955,unchanged,False
42,1007,0,0,0,0.054081302136182785,0.02095397561788559,-0.033127326518297195,unchanged,False
42,1009,0,1,0,0.3384375274181366,0.02095397561788559,-0.317483551800251,improved,False
42,1010,0,0,0,0.035187043249607086,0.011556580662727356,-0.02363046258687973,unchanged,False
42,1011,1,0,0,0.040278494358062744,0.08617297559976578,0.04589448124170303,unchanged,True
123,4,0,1,1,0.9178766012191772,0.4355145990848541,-0.4823620021343231,unchanged,False
123,7,0,0,0,0.19001637399196625,0.06293868273496628,-0.12707769125699997,unchanged,False
123,9,0,0,0,0.08364073932170868,0.06293868273496628,-0.0207020565867424,unchanged,False
123,11,0,0,0,0.026519719511270523,0.35919901728630066,0.33267929777503014,unchanged,True
123,15,0,1,0,0.7239647507667542,0.09087570011615753,-0.6330890506505966,improved,False
123,16,0,0,0,0.18866980075836182,0.08364073187112808,-0.10502906888723373,unchanged,False
123,21,0,0,0,0.0799412652850151,0.12872770428657532,0.04878643900156021,unchanged,True
123,24,0,0,0,0.07658932358026505,0.06293868273496628,-0.013650640845298767,unchanged,False
123,29,0,0,0,0.026519719511270523,0.19609788060188293,0.1695781610906124,unchanged,False
123,32,0,0,0,0.06155921518802643,0.06293868273496628,0.0013794675469398499,unchanged,False
123,33,0,1,0,0.5248726010322571,0.3837359845638275,-0.14113661646842957,improved,True
123,35,0,1,0,0.9696201682090759,0.0971437394618988,-0.8724764287471771,improved,False
123,36,0,0,0,0.10161041468381882,0.06293868273496628,-0.03867173194885254,unchanged,False
123,39,0,0,0,0.21501176059246063,0.19609788060188293,-0.018913879990577698,unchanged,False
123,41,0,0,0,0.06293866038322449,0.2563466429710388,0.19340798258781433,unchanged,False
123,42,0,0,0,0.026519719511270523,0.08364073187112808,0.05712101235985756,unchanged,False
123,43,0,0,0,0.015783168375492096,0.029339773580431938,0.013556605204939842,unchanged,False
123,45,0,0,0,0.02406984567642212,0.029339773580431938,0.005269927904009819,unchanged,False
123,53,0,0,0,0.027621936053037643,0.12539511919021606,0.09777318313717842,unchanged,True
123,54,0,0,0,0.052010878920555115,0.12539511919021606,0.07338424026966095,unchanged,True
123,55,0,0,0,0.30087536573410034,0.029339773580431938,-0.2715355921536684,unchanged,False
123,56,0,0,0,0.015783168375492096,0.12539511919021606,0.10961195081472397,unchanged,True
123,58,0,0,0,0.030724268406629562,0.12539511919021606,0.0946708507835865,unchanged,True
123,60,0,0,0,0.015783168375492096,0.029339773580431938,0.013556605204939842,unchanged,False
123,62,0,0,0,0.015783168375492096,0.047364529222249985,0.03158136084675789,unchanged,False
123,65,0,0,0,0.12539511919021606,0.12539511919021606,0.0,unchanged,True
123,67,0,0,0,0.029339779168367386,0.026519713923335075,-0.0028200652450323105,unchanged,True
123,71,0,0,0,0.04281555488705635,0.04281555488705635,0.0,unchanged,False
123,72,0,0,0,0.06696604192256927,0.08944353461265564,0.022477492690086365,unchanged,False
123,74,0,0,0,0.039364513009786606,0.1725275069475174,0.1331629939377308,unchanged,False
123,79,0,0,0,0.06696604192256927,0.028666460886597633,-0.03829958103597164,unchanged,False
123,84,0,0,0,0.06696604192256927,0.06651736795902252,-0.00044867396354675293,unchanged,False
123,86,0,0,0,0.02015461027622223,0.0328027717769146,0.012648161500692368,unchanged,False
123,87,0,0,0,0.021859845146536827,0.15948496758937836,0.13762512244284153,unchanged,False
123,90,0,0,0,0.08924497663974762,0.2563466429710388,0.1671016663312912,unchanged,False
123,91,0,0,0,0.030724268406629562,0.1306951642036438,0.09997089579701424,unchanged,False
123,92,0,0,0,0.0880538672208786,0.04499724134802818,-0.04305662587285042,unchanged,False
123,97,0,1,0,0.555381715297699,0.12393637001514435,-0.4314453452825546,improved,False
123,98,0,0,0,0.04281555488705635,0.3221875727176666,0.2793720178306103,unchanged,False
123,100,0,0,0,0.08077345788478851,0.07588990777730942,-0.0048835501074790955,unchanged,False
123,103,0,0,0,0.021859845146536827,0.04281555488705635,0.020955709740519524,unchanged,False
123,104,0,0,0,0.02404848299920559,0.23743245005607605,0.21338396705687046,unchanged,False
123,107,0,0,1,0.08930657804012299,0.5987023711204529,0.5093957930803299,worsened,False
123,109,0,0,0,0.021859845146536827,0.0646609365940094,0.04280109144747257,unchanged,False
123,112,0,0,0,0.02015461027622223,0.024048488587141037,0.003893878310918808,unchanged,False
123,113,0,0,1,0.02015461027622223,0.561018705368042,0.5408640950918198,worsened,True
123,114,0,0,0,0.015783168375492096,0.04972953721880913,0.03394636884331703,unchanged,False
123,116,0,1,0,0.7614136934280396,0.1306951642036438,-0.6307185292243958,improved,False
123,117,0,0,0,0.021859845146536827,0.01976342871785164,-0.0020964164286851883,unchanged,False
123,121,0,0,0,0.40903353691101074,0.14161452651023865,-0.2674190104007721,unchanged,True
123,126,0,1,0,0.7372522950172424,0.27938634157180786,-0.45786595344543457,improved,False
123,127,0,0,0,0.21633069217205048,0.3025396168231964,0.08620892465114594,unchanged,False
123,129,0,0,0,0.07550357282161713,0.3649543821811676,0.2894508093595505,unchanged,False
123,135,0,0,0,0.04281555488705635,0.08930662274360657,0.04649106785655022,unchanged,True
123,136,0,0,0,0.06696604192256927,0.2882019877433777,0.2212359458208084,unchanged,False
123,137,0,0,0,0.04281555488705635,0.09206525981426239,0.04924970492720604,unchanged,True
123,139,0,0,0,0.14420202374458313,0.25196191668510437,0.10775989294052124,unchanged,False
123,144,0,0,0,0.02404848299920559,0.15948496758937836,0.13543648459017277,unchanged,False
123,145,0,0,0,0.02404848299920559,0.08944353461265564,0.06539505161345005,unchanged,False
123,146,0,0,0,0.04972955584526062,0.06696604192256927,0.017236486077308655,unchanged,False
123,147,0,0,0,0.04281555488705635,0.139884814620018,0.09706925973296165,unchanged,False
123,148,0,0,0,0.07070361077785492,0.024048488587141037,-0.04665512219071388,unchanged,False
123,150,0,0,0,0.01976342871785164,0.04972953721880913,0.02996610850095749,unchanged,False
123,152,0,0,0,0.02406984567642212,0.062293894588947296,0.03822404891252518,unchanged,False
123,159,0,0,0,0.04281555488705635,0.06696604192256927,0.024150487035512924,unchanged,False
123,161,0,0,0,0.02406984567642212,0.04281555488705635,0.01874570921063423,unchanged,False
123,162,0,0,0,0.14161455631256104,0.08805382996797562,-0.05356072634458542,unchanged,False
123,168,0,0,0,0.04281555488705635,0.11112109571695328,0.06830554082989693,unchanged,True
123,169,0,0,0,0.03280278667807579,0.08944353461265564,0.05664074793457985,unchanged,False
123,172,0,0,0,0.01976342871785164,0.17660701274871826,0.15684358403086662,unchanged,False
123,173,0,1,0,0.7372522950172424,0.04281555488705635,-0.6944367401301861,improved,False
123,178,0,0,0,0.046699244529008865,0.04972953721880913,0.0030302926898002625,unchanged,False
123,179,0,0,0,0.015783168375492096,0.04972953721880913,0.03394636884331703,unchanged,False
123,180,0,0,0,0.2966546416282654,0.2966546416282654,0.0,unchanged,False
123,182,0,0,0,0.015783168375492096,0.05026217922568321,0.034479010850191116,unchanged,False
123,183,0,0,0,0.2251417636871338,0.11110442131757736,-0.11403734236955643,unchanged,False
123,191,0,0,0,0.015783168375492096,0.2966546416282654,0.2808714732527733,unchanged,False
123,196,0,0,0,0.015783168375492096,0.05026217922568321,0.034479010850191116,unchanged,False
123,197,0,0,0,0.13708287477493286,0.06696604192256927,-0.07011683285236359,unchanged,False
123,200,0,0,0,0.015783168375492096,0.04972953721880913,0.03394636884331703,unchanged,False
123,201,0,1,0,0.7171557545661926,0.02868431992828846,-0.6884714346379042,improved,False
123,202,0,0,0,0.015783168375492096,0.2966546416282654,0.2808714732527733,unchanged,False
123,206,0,0,0,0.05026216432452202,0.2966546416282654,0.24639247730374336,unchanged,False
123,207,0,0,0,0.015783168375492096,0.05026217922568321,0.034479010850191116,unchanged,False
123,208,0,0,0,0.015783168375492096,0.05026217922568321,0.034479010850191116,unchanged,False
123,213,0,0,0,0.062293894588947296,0.02406984567642212,-0.03822404891252518,unchanged,False
123,216,0,0,0,0.1398847997188568,0.15948496758937836,0.019600167870521545,unchanged,False
123,218,0,0,0,0.06696604192256927,0.06696604192256927,0.0,unchanged,False
123,220,0,0,0,0.14161455631256104,0.02406984567642212,-0.11754471063613892,unchanged,False
123,225,0,0,0,0.06696604192256927,0.06696604192256927,0.0,unchanged,False
123,227,0,0,0,0.021859845146536827,0.01976342871785164,-0.0020964164286851883,unchanged,False
123,228,0,1,0,0.6911730170249939,0.3586241900920868,-0.3325488269329071,improved,False
123,231,0,0,0,0.3446199893951416,0.12393637001514435,-0.22068361937999725,unchanged,False
123,232,0,0,0,0.06696604192256927,0.139884814620018,0.07291877269744873,unchanged,False
123,239,0,0,0,0.04281555488705635,0.11112109571695328,0.06830554082989693,unchanged,True
123,242,0,0,0,0.06611938029527664,0.06696604192256927,0.0008466616272926331,unchanged,False
123,243,0,0,0,0.04281555488705635,0.15948496758937836,0.116669412702322,unchanged,False
123,244,0,0,0,0.06696604192256927,0.06696604192256927,0.0,unchanged,False
123,249,0,0,0,0.02404848299920559,0.31196579337120056,0.28791731037199497,unchanged,True
123,250,0,0,0,0.1306951642036438,0.20150528848171234,0.07081012427806854,unchanged,False
123,251,0,0,0,0.39798229932785034,0.09258408844470978,-0.30539821088314056,unchanged,False
123,253,0,0,0,0.06696604192256927,0.08944353461265564,0.022477492690086365,unchanged,False
123,254,0,0,0,0.1271488517522812,0.06696604192256927,-0.060182809829711914,unchanged,False
123,263,0,1,0,0.7614136934280396,0.21530133485794067,-0.5461123585700989,improved,False
123,264,0,0,0,0.06696604192256927,0.2543593943119049,0.18739335238933563,unchanged,False
123,269,0,0,0,0.05906928330659866,0.06696604192256927,0.007896758615970612,unchanged,False
123,270,0,0,0,0.06696604192256927,0.06696604192256927,0.0,unchanged,False
123,271,0,0,0,0.015783168375492096,0.31196579337120056,0.29618262499570847,unchanged,True
123,272,0,0,0,0.06611938029527664,0.06696604192256927,0.0008466616272926331,unchanged,False
123,274,0,0,0,0.04281555488705635,0.06696604192256927,0.024150487035512924,unchanged,False
123,276,0,1,0,0.5192684531211853,0.12234019488096237,-0.39692825824022293,improved,False
123,279,0,1,0,0.5717266201972961,0.2423177808523178,-0.32940883934497833,improved,True
123,280,0,0,0,0.04281555488705635,0.39761343598365784,0.3547978810966015,unchanged,False
123,281,0,0,0,0.037805307656526566,0.06696604192256927,0.02916073426604271,unchanged,False
123,282,0,0,0,0.2543593943119049,0.06820115447044373,-0.18615823984146118,unchanged,False
123,283,0,0,0,0.01976342871785164,0.024048488587141037,0.004285059869289398,unchanged,False
123,285,0,0,0,0.06611938029527664,0.06696604192256927,0.0008466616272926331,unchanged,False
123,290,0,0,0,0.06611938029527664,0.08944353461265564,0.023324154317378998,unchanged,False
123,292,0,0,0,0.229588583111763,0.28132206201553345,0.05173347890377045,unchanged,True
123,297,0,0,0,0.31571200489997864,0.04672296345233917,-0.26898904144763947,unchanged,False
123,299,0,0,1,0.3221875727176666,0.6641880869865417,0.3420005142688751,worsened,True
123,303,0,0,0,0.02404848299920559,0.02404848299920559,0.0,unchanged,False
123,308,0,0,0,0.02015461027622223,0.2423177808523178,0.22216317057609558,unchanged,True
123,310,0,0,0,0.09021303802728653,0.06696604192256927,-0.023246996104717255,unchanged,False
123,312,0,0,0,0.02015461027622223,0.024048488587141037,0.003893878310918808,unchanged,False
123,314,0,0,0,0.08726830780506134,0.31196579337120056,0.22469748556613922,unchanged,True
123,320,0,0,0,0.02404848299920559,0.12393637001514435,0.09988788701593876,unchanged,False
123,321,0,0,0,0.02404848299920559,0.06696604192256927,0.042917558923363686,unchanged,False
123,322,0,0,0,0.04281555488705635,0.3190021812915802,0.27618662640452385,unchanged,False
123,327,0,0,0,0.06696604192256927,0.10695336014032364,0.039987318217754364,unchanged,False
123,328,0,0,0,0.015783168375492096,0.26102545857429504,0.24524229019880295,unchanged,True
123,331,0,1,0,0.5193967819213867,0.06696604192256927,-0.45243073999881744,improved,False
123,336,0,0,0,0.04672296345233917,0.12714940309524536,0.08042643964290619,unchanged,False
123,338,0,0,0,0.37498939037323,0.10695336014032364,-0.26803603023290634,unchanged,False
123,339,0,0,0,0.015783168375492096,0.14420203864574432,0.12841887027025223,unchanged,False
123,340,0,0,0,0.06057051196694374,0.3190021812915802,0.25843166932463646,unchanged,False
123,341,0,1,1,0.6641880869865417,0.5398441553115845,-0.12434393167495728,unchanged,True
123,343,0,0,0,0.04219141975045204,0.3190021812915802,0.27681076154112816,unchanged,False
123,345,0,0,0,0.06611938029527664,0.04281555488705635,-0.02330382540822029,unchanged,False
123,348,0,0,0,0.1271488517522812,0.19679267704486847,0.06964382529258728,unchanged,True
123,349,0,0,0,0.04281555488705635,0.0328027717769146,-0.010012783110141754,unchanged,False
123,350,0,0,0,0.05906928330659866,0.024048488587141037,-0.035020794719457626,unchanged,False
123,352,0,0,0,0.37498939037323,0.07299314439296722,-0.30199624598026276,unchanged,False
123,358,0,0,0,0.27386990189552307,0.25708186626434326,-0.01678803563117981,unchanged,True
123,359,0,0,0,0.0880538672208786,0.06696604192256927,-0.021087825298309326,unchanged,False
123,360,0,0,0,0.046699244529008865,0.1306951642036438,0.08399591967463493,unchanged,False
123,362,0,1,0,0.587647557258606,0.4233952462673187,-0.16425231099128723,improved,True
123,364,0,0,0,0.02015461027622223,0.024048488587141037,0.003893878310918808,unchanged,False
123,366,0,0,0,0.04281555488705635,0.2782038152217865,0.23538826033473015,unchanged,True
123,368,0,1,0,0.7830605506896973,0.18171581625938416,-0.6013447344303131,improved,True
123,371,0,0,0,0.06611938029527664,0.4162410795688629,0.3501216992735863,unchanged,False
123,372,0,0,0,0.11112109571695328,0.06696604192256927,-0.044155053794384,unchanged,False
123,382,0,0,0,0.04219141975045204,0.06696604192256927,0.024774622172117233,unchanged,False
123,386,0,0,0,0.19405561685562134,0.19679267704486847,0.0027370601892471313,unchanged,True
123,391,0,1,0,0.9448481798171997,0.0664660632610321,-0.8783821165561676,improved,False
123,397,0,0,0,0.021859845146536827,0.06696604192256927,0.04510619677603245,unchanged,False
123,400,0,0,0,0.06696604192256927,0.28132206201553345,0.21435602009296417,unchanged,True
123,401,0,0,0,0.046699244529008865,0.11112109571695328,0.06442185118794441,unchanged,True
123,403,0,0,0,0.04281555488705635,0.06696604192256927,0.024150487035512924,unchanged,False
123,405,0,0,0,0.1398847997188568,0.06696604192256927,-0.07291875779628754,unchanged,False
123,408,0,0,0,0.04281555488705635,0.11112109571695328,0.06830554082989693,unchanged,True
123,409,0,0,0,0.037805307656526566,0.04281555488705635,0.005010247230529785,unchanged,False
123,411,0,1,0,0.6911730170249939,0.0692199170589447,-0.6219530999660492,improved,False
123,414,0,0,0,0.06696604192256927,0.06611938029527664,-0.0008466616272926331,unchanged,False
123,415,0,0,0,0.029339779168367386,0.2782038152217865,0.2488640360534191,unchanged,True
123,417,0,0,1,0.1779990941286087,0.7375306487083435,0.5595315545797348,worsened,False
123,418,0,0,0,0.02406984567642212,0.16520953178405762,0.1411396861076355,unchanged,True
123,421,0,1,0,0.7790559530258179,0.04281555488705635,-0.7362403981387615,improved,False
123,425,0,0,0,0.06696604192256927,0.08944353461265564,0.022477492690086365,unchanged,False
123,428,0,0,0,0.18539686501026154,0.3221875727176666,0.1367907077074051,unchanged,False
123,433,0,0,0,0.16520951688289642,0.06611938029527664,-0.09909013658761978,unchanged,False
123,435,0,0,0,0.265305757522583,0.265305757522583,0.0,unchanged,True
123,439,0,1,0,0.6641880869865417,0.15948496758937836,-0.5047031193971634,improved,False
123,443,0,0,0,0.04219141975045204,0.04281555488705635,0.0006241351366043091,unchanged,False
123,444,0,0,0,0.06611938029527664,0.06696604192256927,0.0008466616272926331,unchanged,False
123,445,0,0,0,0.06696604192256927,0.06696604192256927,0.0,unchanged,False
123,451,0,0,0,0.06611938029527664,0.05692858621478081,-0.009190794080495834,unchanged,False
123,454,0,0,0,0.04281555488705635,0.06696604192256927,0.024150487035512924,unchanged,False
123,457,0,0,0,0.04281555488705635,0.06696604192256927,0.024150487035512924,unchanged,False
123,460,0,0,0,0.04281555488705635,0.06696604192256927,0.024150487035512924,unchanged,False
123,462,0,0,0,0.04281555488705635,0.08944353461265564,0.04662797972559929,unchanged,False
123,465,0,1,0,0.48588231205940247,0.11112109571695328,-0.3747612163424492,improved,True
123,469,0,0,0,0.01976342871785164,0.04281555488705635,0.023052126169204712,unchanged,False
123,471,0,0,0,0.2068793773651123,0.19679145514965057,-0.010087922215461731,unchanged,False
123,472,0,0,0,0.062293894588947296,0.19679145514965057,0.13449756056070328,unchanged,False
123,478,0,1,1,0.4769776463508606,0.6106071472167969,0.13362950086593628,unchanged,True
123,480,0,0,0,0.062293894588947296,0.1546950489282608,0.09240115433931351,unchanged,False
123,481,0,1,0,0.9064988493919373,0.21379612386226654,-0.6927027255296707,improved,False
123,483,0,0,0,0.06696604192256927,0.11112109571695328,0.044155053794384,unchanged,True
123,486,0,0,0,0.046699244529008865,0.31196579337120056,0.2652665488421917,unchanged,True
123,491,0,1,0,0.4278876483440399,0.28132206201553345,-0.14656558632850647,improved,True
123,492,0,1,0,0.48766398429870605,0.12393637001514435,-0.3637276142835617,improved,False
123,505,0,0,0,0.015783168375492096,0.08944353461265564,0.07366036623716354,unchanged,False
123,511,0,0,0,0.046699244529008865,0.062293894588947296,0.01559465005993843,unchanged,False
123,517,0,0,0,0.0971437394618988,0.04672296345233917,-0.05042077600955963,unchanged,False
123,524,0,0,0,0.04672296345233917,0.04672296345233917,0.0,unchanged,False
123,525,0,0,0,0.05733058229088783,0.3837359845638275,0.3264054022729397,unchanged,True
123,527,0,0,0,0.029339779168367386,0.029339779168367386,0.0,unchanged,False
123,528,0,0,0,0.026519719511270523,0.04494940862059593,0.01842968910932541,unchanged,False
123,532,0,0,1,0.14420202374458313,0.653191328048706,0.5089893043041229,worsened,True
123,535,0,0,0,0.014432867988944054,0.06293868273496628,0.048505814746022224,unchanged,False
123,536,0,0,0,0.06293866038322449,0.18994957208633423,0.12701091170310974,unchanged,False
123,537,0,0,0,0.06611938029527664,0.06696604192256927,0.0008466616272926331,unchanged,False
123,540,0,0,0,0.029339779168367386,0.15948496758937836,0.13014518842101097,unchanged,False
123,542,0,1,0,0.5192684531211853,0.15948496758937836,-0.35978348553180695,improved,False
123,547,0,0,0,0.2863757610321045,0.15948496758937836,-0.12689079344272614,unchanged,False
123,549,0,0,0,0.029339779168367386,0.06611938029527664,0.036779601126909256,unchanged,False
123,557,0,0,0,0.015783168375492096,0.062380898743867874,0.04659773036837578,unchanged,False
123,560,0,0,0,0.09156700223684311,0.08944353461265564,-0.0021234676241874695,unchanged,False
123,561,0,0,0,0.09021303802728653,0.06696604192256927,-0.023246996104717255,unchanged,False
123,562,0,0,0,0.06549481302499771,0.15948496758937836,0.09399015456438065,unchanged,False
123,563,0,0,0,0.022696806117892265,0.08944353461265564,0.06674672849476337,unchanged,False
123,567,0,0,0,0.026519719511270523,0.17777197062969208,0.15125225111842155,unchanged,True
123,569,0,0,0,0.015783168375492096,0.06696604192256927,0.05118287354707718,unchanged,False
123,570,0,0,0,0.07041217386722565,0.17777197062969208,0.10735979676246643,unchanged,True
123,573,0,0,0,0.06696604192256927,0.0328027717769146,-0.03416327014565468,unchanged,False
123,574,0,0,0,0.014432867988944054,0.08944353461265564,0.07501066662371159,unchanged,False
123,575,0,0,0,0.02404848299920559,0.0328027717769146,0.008754288777709007,unchanged,False
123,576,0,0,0,0.014432867988944054,0.0328027717769146,0.018369903787970543,unchanged,False
123,578,1,1,1,0.7171557545661926,0.8105900883674622,0.09343433380126953,unchanged,False
123,579,1,0,0,0.14161455631256104,0.14161455631256104,0.0,unchanged,True
123,581,1,1,1,0.9658110737800598,0.9696201682090759,0.0038090944290161133,unchanged,False
123,582,1,0,0,0.388944149017334,0.36825668811798096,-0.020687460899353027,unchanged,False
123,583,1,0,1,0.2966546416282654,0.6911730170249939,0.3945183753967285,improved,True
123,586,1,0,0,0.062293894588947296,0.19405561685562134,0.13176172226667404,unchanged,True
123,589,1,1,1,0.8749854564666748,0.6911730170249939,-0.1838124394416809,unchanged,True
123,590,1,1,1,0.9696201682090759,0.6911730170249939,-0.27844715118408203,unchanged,True
123,591,1,0,0,0.08364073932170868,0.19405561685562134,0.11041487753391266,unchanged,True
123,593,1,1,1,0.9332416653633118,0.5193967223167419,-0.4138449430465698,unchanged,True
123,596,1,0,0,0.3190021812915802,0.19327202439308167,-0.12573015689849854,unchanged,False
123,599,1,0,0,0.25708186626434326,0.421340674161911,0.16425880789756775,unchanged,False
123,600,1,1,1,0.587647557258606,0.5193967223167419,-0.06825083494186401,unchanged,True
123,604,1,1,1,0.807954728603363,0.6911730170249939,-0.11678171157836914,unchanged,True
123,609,1,0,0,0.19873777031898499,0.28132206201553345,0.08258429169654846,unchanged,True
123,611,1,0,1,0.06696604192256927,0.6911730170249939,0.6242069751024246,improved,True
123,618,1,1,0,0.8105900883674622,0.33370131254196167,-0.4768887758255005,worsened,False
123,619,1,0,0,0.0880538672208786,0.09075362980365753,0.0026997625827789307,unchanged,True
123,620,1,0,0,0.2478816658258438,0.19405561685562134,-0.05382604897022247,unchanged,True
123,629,1,0,1,0.029339779168367386,0.4864911139011383,0.4571513347327709,improved,False
123,631,1,1,1,0.9658110737800598,0.6911730170249939,-0.2746380567550659,unchanged,True
123,633,1,1,1,0.5553385019302368,0.48766398429870605,-0.06767451763153076,unchanged,True
123,634,1,1,0,0.561832070350647,0.1503315269947052,-0.4115005433559418,worsened,False
123,635,1,1,0,0.9472728371620178,0.19679267704486847,-0.7504801601171494,worsened,True
123,637,1,0,1,0.02404848299920559,0.46748700737953186,0.44343852438032627,improved,True
123,640,1,0,0,0.11047790944576263,0.3503774404525757,0.23989953100681305,unchanged,False
123,641,1,1,1,0.9555073380470276,0.9472728371620178,-0.008234500885009766,unchanged,False
123,645,1,1,1,0.9472728371620178,0.4504723846912384,-0.4968004524707794,unchanged,False
123,649,1,1,1,0.9696201682090759,0.8684734106063843,-0.10114675760269165,unchanged,False
123,650,1,1,1,0.9696201682090759,0.6487113237380981,-0.3209088444709778,unchanged,False
123,653,1,1,0,0.8293753266334534,0.31531351804733276,-0.5140618085861206,worsened,False
123,656,1,1,1,0.7696366310119629,0.7254067063331604,-0.04422992467880249,unchanged,False
123,657,1,1,1,0.9696201682090759,0.9121036529541016,-0.057516515254974365,unchanged,False
123,661,1,1,1,0.9696201682090759,0.8731624484062195,-0.09645771980285645,unchanged,False
123,664,1,0,1,0.28132206201553345,0.6641880869865417,0.3828660249710083,improved,True
123,672,1,1,1,0.7595569491386414,0.8881157636642456,0.12855881452560425,unchanged,True
123,673,1,0,0,0.08930657804012299,0.25708186626434326,0.16777528822422028,unchanged,True
123,677,1,0,0,0.1306951642036438,0.344620019197464,0.2139248549938202,unchanged,True
123,683,1,1,1,0.9696201682090759,0.897773027420044,-0.07184714078903198,unchanged,False
123,685,1,0,1,0.23246018588542938,0.7918638586997986,0.5594036728143692,improved,True
123,688,1,1,1,0.8881157636642456,0.7595569491386414,-0.12855881452560425,unchanged,True
123,689,1,1,1,0.587647557258606,0.7503537535667419,0.162706196308136,unchanged,False
123,693,1,0,0,0.031000757589936256,0.3837359845638275,0.35273522697389126,unchanged,True
123,696,1,0,0,0.20900487899780273,0.344620019197464,0.13561514019966125,unchanged,True
123,700,1,1,1,0.8881157636642456,0.6911730170249939,-0.1969427466392517,unchanged,True
123,702,1,1,1,0.8379606604576111,0.8449076414108276,0.006946980953216553,unchanged,False
123,705,1,0,1,0.31629666686058044,0.6400365233421326,0.3237398564815521,improved,False
123,708,1,0,0,0.08364073932170868,0.08930662274360657,0.005665883421897888,unchanged,True
123,710,1,0,0,0.1500149369239807,0.18171581625938416,0.03170087933540344,unchanged,True
123,711,1,1,1,0.8501545786857605,0.9472728371620178,0.09711825847625732,unchanged,False
123,716,1,1,1,0.9658110737800598,0.7176522016525269,-0.24815887212753296,unchanged,False
123,717,1,0,1,0.06696604192256927,0.6911730170249939,0.6242069751024246,improved,True
123,720,1,1,1,0.7321994304656982,0.6267836689949036,-0.10541576147079468,unchanged,True
123,721,1,0,1,0.08871271461248398,0.6400365233421326,0.5513238087296486,improved,False
123,722,1,0,0,0.08930657804012299,0.06907428056001663,-0.020232297480106354,unchanged,False
123,724,1,1,1,0.9178766012191772,0.4602489173412323,-0.45762768387794495,unchanged,True
123,726,1,1,1,0.9555073380470276,0.9472728371620178,-0.008234500885009766,unchanged,False
123,727,1,1,0,0.561832070350647,0.16520953178405762,-0.39662253856658936,worsened,True
123,728,1,0,1,0.19885192811489105,0.5166214108467102,0.31776948273181915,improved,False
123,730,1,1,0,0.5045464038848877,0.26732027530670166,-0.23722612857818604,worsened,False
123,732,1,1,1,0.9696201682090759,0.8684734106063843,-0.10114675760269165,unchanged,False
123,733,1,1,1,0.9472728371620178,0.6608981490135193,-0.28637468814849854,unchanged,False
123,735,1,0,1,0.42339518666267395,0.6911730170249939,0.26777783036231995,improved,True
123,736,1,0,1,0.1019938662648201,0.48766398429870605,0.38567011803388596,improved,True
123,739,1,1,0,0.7293447256088257,0.3503774404525757,-0.37896728515625,worsened,False
123,741,1,0,1,0.18866980075836182,0.5193967223167419,0.3307269215583801,improved,True
123,744,1,1,1,0.9696201682090759,0.7250840663909912,-0.24453610181808472,unchanged,False
123,745,1,1,1,0.8468320965766907,0.7130354046821594,-0.13379669189453125,unchanged,False
123,747,1,1,1,0.8881157636642456,0.8105900883674622,-0.07752567529678345,unchanged,False
123,752,1,1,1,0.9696201682090759,0.6438643932342529,-0.325755774974823,unchanged,False
123,759,1,1,1,0.6487112641334534,0.7011617422103882,0.052450478076934814,unchanged,False
123,760,1,1,1,0.6267836689949036,0.561018705368042,-0.06576496362686157,unchanged,True
123,761,1,1,0,0.7595569491386414,0.3837359845638275,-0.37582096457481384,worsened,True
123,762,1,0,0,0.40434178709983826,0.3837359845638275,-0.020605802536010742,unchanged,True
123,766,1,0,1,0.33443281054496765,0.9658110737800598,0.6313782632350922,improved,False
123,777,1,1,1,0.9696201682090759,0.746787428855896,-0.22283273935317993,unchanged,False
123,780,1,1,1,0.9472728371620178,0.7595569491386414,-0.18771588802337646,unchanged,True
123,781,1,0,0,0.40434178709983826,0.40434178709983826,0.0,unchanged,False
123,782,1,1,1,0.7595569491386414,0.7595569491386414,0.0,unchanged,True
123,786,1,0,1,0.11473233252763748,0.7339686155319214,0.6192362830042839,improved,False
123,787,1,1,1,0.9658110737800598,0.8433717489242554,-0.12243932485580444,unchanged,False
123,791,1,1,1,0.9658110737800598,0.7250840663909912,-0.2407270073890686,unchanged,False
123,792,1,1,1,0.9658110737800598,0.561018705368042,-0.4047923684120178,unchanged,True
123,793,1,1,1,0.8370717167854309,0.8278446793556213,-0.00922703742980957,unchanged,True
123,796,1,1,1,0.9658110737800598,0.8121874928474426,-0.1536235809326172,unchanged,False
123,797,1,1,1,0.9555073380470276,0.8881157636642456,-0.06739157438278198,unchanged,True
123,799,1,0,1,0.33443281054496765,0.8278446793556213,0.4934118688106537,improved,True
123,801,1,0,1,0.10161041468381882,0.5978076457977295,0.4961972311139107,improved,False
123,804,1,1,1,0.8278446793556213,0.5369902849197388,-0.29085439443588257,unchanged,False
123,806,1,1,1,0.4879330098628998,0.9696201682090759,0.48168715834617615,unchanged,False
123,808,1,1,1,0.7595569491386414,0.7250840663909912,-0.034472882747650146,unchanged,False
123,810,1,0,0,0.28474152088165283,0.3837359845638275,0.09899446368217468,unchanged,True
123,811,1,0,0,0.10024768114089966,0.07994130998849869,-0.02030637115240097,unchanged,True
123,812,1,0,1,0.036090075969696045,0.6947247385978699,0.6586346626281738,improved,True
123,813,1,0,1,0.026519719511270523,0.9555073380470276,0.9289876185357571,improved,False
123,817,1,0,1,0.10161041468381882,0.8221606016159058,0.720550186932087,improved,False
123,818,1,1,1,0.9472728371620178,0.8881157636642456,-0.05915707349777222,unchanged,True
123,820,1,0,1,0.18866980075836182,0.653191328048706,0.46452152729034424,improved,True
123,821,1,1,1,0.8501545786857605,0.8278446793556213,-0.02230989933013916,unchanged,True
123,827,1,0,0,0.1087215393781662,0.35919901728630066,0.25047747790813446,unchanged,True
123,830,0,0,0,0.08364073932170868,0.08944353461265564,0.0058027952909469604,unchanged,False
123,831,0,0,0,0.017422059550881386,0.05026217922568321,0.032840119674801826,unchanged,False
123,834,0,0,0,0.05796670913696289,0.02075614035129547,-0.03721056878566742,unchanged,False
123,837,0,0,0,0.017422059550881386,0.016935788094997406,-0.0004862714558839798,unchanged,False
123,838,0,0,0,0.017422059550881386,0.04972953721880913,0.03230747766792774,unchanged,False
123,840,0,0,0,0.10161041468381882,0.015783168375492096,-0.08582724630832672,unchanged,False
123,846,0,0,0,0.0960078164935112,0.3289754092693329,0.23296759277582169,unchanged,False
123,850,0,1,1,0.87775719165802,0.48280689120292664,-0.3949503004550934,unchanged,False
123,854,0,0,0,0.09021303802728653,0.059069253504276276,-0.031143784523010254,unchanged,False
123,859,0,0,0,0.01976342871785164,0.2423177808523178,0.22255435213446617,unchanged,True
123,862,0,0,0,0.2966546416282654,0.344620019197464,0.04796537756919861,unchanged,True
123,863,0,0,1,0.01976342871785164,0.7918638586997986,0.772100429981947,worsened,True
123,865,0,0,0,0.01976342871785164,0.01976342871785164,0.0,unchanged,False
123,866,0,0,0,0.02406984567642212,0.01976342871785164,-0.00430641695857048,unchanged,False
123,867,0,1,1,0.8881157636642456,0.7596521973609924,-0.12846356630325317,unchanged,False
123,868,0,0,0,0.01976342871785164,0.01976342871785164,0.0,unchanged,False
123,872,0,1,1,0.6666499376296997,0.7918638586997986,0.12521392107009888,unchanged,True
123,874,0,1,0,0.48327407240867615,0.344620019197464,-0.13865405321121216,improved,True
123,878,0,0,0,0.06696604192256927,0.046699266880750656,-0.02026677504181862,unchanged,False
123,880,0,0,0,0.02406984567642212,0.15520192682743073,0.1311320811510086,unchanged,False
123,881,0,0,0,0.015783168375492096,0.02868431992828846,0.012901151552796364,unchanged,False
123,884,0,0,1,0.21636806428432465,0.7595569491386414,0.5431888848543167,worsened,True
123,887,0,0,0,0.0365440770983696,0.11561436951160431,0.07907029241323471,unchanged,False
123,888,0,0,0,0.08871271461248398,0.35850098729133606,0.2697882726788521,unchanged,False
123,889,0,0,0,0.062293894588947296,0.3837359845638275,0.3214420899748802,unchanged,True
123,890,0,0,1,0.01976342871785164,0.4602489173412323,0.44048548862338066,worsened,True
123,897,0,0,0,0.052010878920555115,0.09206525981426239,0.040054380893707275,unchanged,True
123,901,0,1,1,0.7595569491386414,0.7171557545661926,-0.04240119457244873,unchanged,False
123,904,0,0,0,0.015783168375492096,0.062293894588947296,0.0465107262134552,unchanged,False
123,905,0,1,1,0.44612917304039,0.561018705368042,0.11488953232765198,unchanged,True
123,908,0,0,0,0.01976342871785164,0.07070357352495193,0.050940144807100296,unchanged,False
123,909,0,0,0,0.015783168375492096,0.015783168375492096,0.0,unchanged,False
123,910,0,1,0,0.578040599822998,0.015783168375492096,-0.562257431447506,improved,False
123,911,0,0,0,0.04090162739157677,0.23284193873405457,0.1919403113424778,unchanged,False
123,912,0,0,0,0.04972955584526062,0.2782038152217865,0.22847425937652588,unchanged,True
123,915,0,1,1,0.8416572213172913,0.921797513961792,0.08014029264450073,unchanged,True
123,916,0,0,0,0.015783168375492096,0.14420203864574432,0.12841887027025223,unchanged,False
123,919,0,1,1,0.8105900883674622,0.6267836689949036,-0.1838064193725586,unchanged,True
123,920,0,1,1,0.634110152721405,0.5274431109428406,-0.10666704177856445,unchanged,True
123,922,0,1,1,0.6719993948936462,0.8278446793556213,0.1558452844619751,unchanged,True
123,924,0,0,0,0.02059978060424328,0.0393645353615284,0.018764754757285118,unchanged,False
123,926,0,1,1,0.6776784658432007,0.7171557545661926,0.03947728872299194,unchanged,False
123,936,0,0,0,0.02404848299920559,0.09251612424850464,0.06846764124929905,unchanged,False
123,937,0,0,0,0.06293866038322449,0.08589951694011688,0.022960856556892395,unchanged,False
123,938,0,1,0,0.7171557545661926,0.12539511919021606,-0.5917606353759766,improved,True
123,940,0,0,0,0.19609783589839935,0.09723657369613647,-0.09886126220226288,unchanged,True
123,943,0,0,0,0.01976342871785164,0.041753459721803665,0.021990031003952026,unchanged,False
123,944,0,0,0,0.029339779168367386,0.11473242938518524,0.08539265021681786,unchanged,False
123,947,0,0,0,0.33443281054496765,0.030724268406629562,-0.3037085421383381,unchanged,False
123,952,0,0,0,0.40903353691101074,0.19679267704486847,-0.21224085986614227,unchanged,True
123,953,0,1,1,0.9472728371620178,0.8452489376068115,-0.1020238995552063,unchanged,False
123,954,0,0,0,0.40434178709983826,0.02406984567642212,-0.38027194142341614,unchanged,False
123,956,0,0,0,0.2478816658258438,0.07994130998849869,-0.16794035583734512,unchanged,True
123,957,0,1,0,0.6641880869865417,0.17777197062969208,-0.48641611635684967,improved,True
123,959,0,0,0,0.046699244529008865,0.12539511919021606,0.0786958746612072,unchanged,True
123,960,0,0,0,0.026519719511270523,0.0939970389008522,0.06747731938958168,unchanged,False
123,962,0,1,0,0.4827744960784912,0.12539511919021606,-0.35737937688827515,improved,True
123,965,0,0,0,0.06293866038322449,0.17777197062969208,0.11483331024646759,unchanged,True
123,968,0,0,0,0.015783168375492096,0.12539511919021606,0.10961195081472397,unchanged,True
123,970,0,1,0,0.6267836689949036,0.03100077249109745,-0.5957828965038061,improved,False
123,971,0,0,0,0.08930657804012299,0.17777197062969208,0.08846539258956909,unchanged,True
123,975,0,0,0,0.02406984567642212,0.029339773580431938,0.005269927904009819,unchanged,False
123,983,0,0,0,0.026519719511270523,0.029339773580431938,0.002820054069161415,unchanged,False
123,986,0,0,0,0.022696806117892265,0.12872770428657532,0.10603089816868305,unchanged,True
123,992,0,0,0,0.026519719511270523,0.08364073187112808,0.05712101235985756,unchanged,False
123,993,0,1,0,0.48793303966522217,0.08364073187112808,-0.4042923077940941,improved,False
123,995,0,0,0,0.017422067001461983,0.029339773580431938,0.011917706578969955,unchanged,False
123,996,0,0,0,0.026519713923335075,0.029339773580431938,0.002820059657096863,unchanged,False
123,998,0,0,0,0.3841046094894409,0.08364073187112808,-0.30046387761831284,unchanged,False
123,1000,0,0,0,0.03724963963031769,0.029339773580431938,-0.00790986604988575,unchanged,False
123,1002,0,0,0,0.026519713923335075,0.08364073187112808,0.05712101794779301,unchanged,False
123,1004,0,0,0,0.06293866038322449,0.08364073187112808,0.020702071487903595,unchanged,False
123,1007,0,0,0,0.026519713923335075,0.08364073187112808,0.05712101794779301,unchanged,False
123,1009,0,0,0,0.10161040723323822,0.08364073187112808,-0.017969675362110138,unchanged,False
123,1010,0,0,0,0.017422067001461983,0.029339773580431938,0.011917706578969955,unchanged,False
123,1011,1,0,0,0.046901918947696686,0.13947099447250366,0.09256907552480698,unchanged,True
2026,4,0,1,1,0.9415408968925476,0.5291604995727539,-0.4123803973197937,unchanged,False
2026,7,0,0,0,0.11051764339208603,0.02332232892513275,-0.08719531446695328,unchanged,False
2026,9,0,0,0,0.023322317749261856,0.023322317749261856,0.0,unchanged,False
2026,11,0,0,0,0.06479673832654953,0.23904791474342346,0.17425117641687393,unchanged,True
2026,15,0,0,0,0.2131071835756302,0.04404446855187416,-0.16906271502375603,unchanged,False
2026,16,0,0,0,0.022465158253908157,0.02282712794840336,0.0003619696944952011,unchanged,False
2026,21,0,0,0,0.02321316860616207,0.1266377568244934,0.10342458821833134,unchanged,True
2026,24,0,0,0,0.07169731706380844,0.02332232892513275,-0.04837498813867569,unchanged,False
2026,29,0,0,0,0.022465158253908157,0.06787119805812836,0.0454060398042202,unchanged,False
2026,32,0,0,0,0.06932618468999863,0.02332232892513275,-0.046003855764865875,unchanged,False
2026,33,0,1,0,0.9415408968925476,0.40815287828445435,-0.5333880186080933,improved,True
2026,35,0,1,0,0.9749882817268372,0.11648283153772354,-0.8585054501891136,improved,False
2026,36,0,0,0,0.12703759968280792,0.02332232892513275,-0.10371527075767517,unchanged,False
2026,39,0,1,0,0.5934010744094849,0.06787119805812836,-0.5255298763513565,improved,False
2026,41,0,1,0,0.7764373421669006,0.24140401184558868,-0.535033330321312,improved,False
2026,42,0,0,0,0.023322317749261856,0.02282712794840336,-0.0004951898008584976,unchanged,False
2026,43,0,0,0,0.023997871205210686,0.016386499628424644,-0.007611371576786041,unchanged,False
2026,45,0,0,0,0.013800607062876225,0.016386499628424644,0.00258589256554842,unchanged,False
2026,53,0,0,0,0.06754831224679947,0.03147727623581886,-0.036071036010980606,unchanged,True
2026,54,0,0,0,0.023997871205210686,0.03147727623581886,0.007479405030608177,unchanged,True
2026,55,0,0,0,0.037486858665943146,0.016386499628424644,-0.0211003590375185,unchanged,False
2026,56,0,0,0,0.022827139124274254,0.03147727623581886,0.008650137111544609,unchanged,True
2026,58,0,0,0,0.03848426416516304,0.03147727623581886,-0.007006987929344177,unchanged,True
2026,60,0,0,0,0.023997871205210686,0.016386499628424644,-0.007611371576786041,unchanged,False
2026,62,0,0,0,0.06932618468999863,0.05659908801317215,-0.012727096676826477,unchanged,False
2026,65,0,0,0,0.3671686351299286,0.03147727623581886,-0.3356913588941097,unchanged,True
2026,67,0,0,0,0.03126796334981918,0.015078688971698284,-0.0161892743781209,unchanged,True
2026,71,0,0,0,0.015035678632557392,0.04047277942299843,0.025437100790441036,unchanged,False
2026,72,0,0,0,0.02581329084932804,0.024276480078697205,-0.0015368107706308365,unchanged,False
2026,74,0,0,0,0.015035678632557392,0.09906011074781418,0.08402443211525679,unchanged,False
2026,79,0,0,0,0.02581329084932804,0.026308419182896614,0.000495128333568573,unchanged,False
2026,84,0,0,0,0.0507369302213192,0.033502086997032166,-0.017234843224287033,unchanged,False
2026,86,0,0,0,0.021979033946990967,0.017097115516662598,-0.004881918430328369,unchanged,False
2026,87,0,0,0,0.023997871205210686,0.1083037257194519,0.08430585451424122,unchanged,False
2026,90,0,0,0,0.0221157968044281,0.24140401184558868,0.21928821504116058,unchanged,False
2026,91,0,1,0,0.7365788817405701,0.0507369302213192,-0.6858419515192509,improved,False
2026,92,0,0,0,0.02581329084932804,0.024139782413840294,-0.0016735084354877472,unchanged,False
2026,97,0,1,0,0.4681137204170227,0.02835329994559288,-0.4397604204714298,improved,False
2026,98,0,0,0,0.04047277942299843,0.16029928624629974,0.11982650682330132,unchanged,False
2026,100,0,0,0,0.02731568180024624,0.20351338386535645,0.1761977020651102,unchanged,False
2026,103,0,0,0,0.021979033946990967,0.04047277942299843,0.01849374547600746,unchanged,False
2026,104,0,0,0,0.015035678632557392,0.03255533427000046,0.017519655637443066,unchanged,False
2026,107,0,1,1,0.5506101250648499,0.5529722571372986,0.0023621320724487305,unchanged,False
2026,109,0,0,0,0.021979033946990967,0.026444772258400917,0.00446573831140995,unchanged,False
2026,112,0,0,0,0.0221157968044281,0.01503567211329937,-0.007080124691128731,unchanged,False
2026,113,0,0,0,0.03876768797636032,0.4326823353767395,0.3939146474003792,unchanged,True
2026,114,0,0,0,0.029465945437550545,0.034845661371946335,0.00537971593439579,unchanged,False
2026,116,0,1,0,0.9727871417999268,0.0507369302213192,-0.9220502115786076,improved,False
2026,117,0,0,0,0.021979033946990967,0.021966202184557915,-1.2831762433052063e-05,unchanged,False
2026,121,0,1,0,0.515594482421875,0.10674218833446503,-0.40885229408741,improved,True
2026,126,0,1,0,0.7123346328735352,0.33545026183128357,-0.3768843710422516,improved,False
2026,127,0,0,0,0.02581329084932804,0.3670255243778229,0.34121223352849483,unchanged,False
2026,129,0,1,0,0.8558223247528076,0.3488509953022003,-0.5069713294506073,improved,False
2026,135,0,0,0,0.124692402780056,0.16645465791225433,0.041762255132198334,unchanged,True
2026,136,0,0,1,0.04047277942299843,0.46415337920188904,0.4236805997788906,worsened,False
2026,137,0,0,0,0.21488358080387115,0.12710680067539215,-0.087776780128479,unchanged,True
2026,139,0,0,0,0.023997871205210686,0.13373181223869324,0.10973394103348255,unchanged,False
2026,144,0,0,0,0.02581329084932804,0.1083037257194519,0.08249043487012386,unchanged,False
2026,145,0,0,0,0.021979033946990967,0.024276480078697205,0.002297446131706238,unchanged,False
2026,146,0,0,0,0.034845661371946335,0.02581329084932804,-0.009032370522618294,unchanged,False
2026,147,0,0,0,0.1083037480711937,0.03637910634279251,-0.07192464172840118,unchanged,False
2026,148,0,0,0,0.03876768797636032,0.01503567211329937,-0.02373201586306095,unchanged,False
2026,150,0,0,0,0.029465945437550545,0.034845661371946335,0.00537971593439579,unchanged,False
2026,152,0,0,0,0.016222478821873665,0.029026437550783157,0.012803958728909492,unchanged,False
2026,159,0,0,0,0.024276480078697205,0.02581329084932804,0.0015368107706308365,unchanged,False
2026,161,0,0,0,0.013800607062876225,0.04047277942299843,0.026672172360122204,unchanged,False
2026,162,0,0,0,0.10674218833446503,0.09763289988040924,-0.009109288454055786,unchanged,False
2026,168,0,0,0,0.04047277942299843,0.1246923953294754,0.08421961590647697,unchanged,True
2026,169,0,0,0,0.017097108066082,0.024276480078697205,0.007179372012615204,unchanged,False
2026,172,0,0,0,0.023399297147989273,0.033698227256536484,0.01029893010854721,unchanged,False
2026,173,0,0,0,0.3845495283603668,0.04047277942299843,-0.3440767489373684,unchanged,False
2026,178,0,0,0,0.016222478821873665,0.034845661371946335,0.01862318255007267,unchanged,False
2026,179,0,0,0,0.023997871205210686,0.034845661371946335,0.010847790166735649,unchanged,False
2026,180,0,0,0,0.029465945437550545,0.42622581124305725,0.3967598658055067,unchanged,False
2026,182,0,0,0,0.023997871205210686,0.029465945437550545,0.005468074232339859,unchanged,False
2026,183,0,1,0,0.8463801145553589,0.05967601016163826,-0.7867041043937206,improved,False
2026,191,0,0,0,0.029465945437550545,0.42622581124305725,0.3967598658055067,unchanged,False
2026,196,0,0,0,0.023997871205210686,0.029465945437550545,0.005468074232339859,unchanged,False
2026,197,0,0,0,0.1880631148815155,0.02581329084932804,-0.16224982403218746,unchanged,False
2026,200,0,0,0,0.029465945437550545,0.034845661371946335,0.00537971593439579,unchanged,False
2026,201,0,0,0,0.35372474789619446,0.08440268784761429,-0.26932206004858017,unchanged,False
2026,202,0,0,0,0.029465945437550545,0.42622581124305725,0.3967598658055067,unchanged,False
2026,206,0,0,0,0.029465945437550545,0.42622581124305725,0.3967598658055067,unchanged,False
2026,207,0,0,0,0.029465945437550545,0.029465945437550545,0.0,unchanged,False
2026,208,0,0,0,0.023997871205210686,0.029465945437550545,0.005468074232339859,unchanged,False
2026,213,0,0,0,0.015075170435011387,0.01380062010139227,-0.0012745503336191177,unchanged,False
2026,216,0,0,0,0.049111489206552505,0.1083037257194519,0.0591922365128994,unchanged,False
2026,218,0,0,0,0.02581329084932804,0.02581329084932804,0.0,unchanged,False
2026,220,0,1,0,0.5749121904373169,0.01380062010139227,-0.5611115703359246,improved,False
2026,225,0,0,0,0.015075170435011387,0.02581329084932804,0.010738120414316654,unchanged,False
2026,227,0,0,0,0.021979033946990967,0.021966202184557915,-1.2831762433052063e-05,unchanged,False
2026,228,0,0,0,0.09325888007879257,0.10894659906625748,0.015687718987464905,unchanged,False
2026,231,0,1,0,0.5577480792999268,0.02835329994559288,-0.5293947793543339,improved,False
2026,232,0,0,0,0.02581329084932804,0.03637910634279251,0.01056581549346447,unchanged,False
2026,239,0,0,0,0.22705380618572235,0.1246923953294754,-0.10236141085624695,unchanged,True
2026,242,0,0,0,0.015075170435011387,0.02581329084932804,0.010738120414316654,unchanged,False
2026,243,0,0,0,0.04047277942299843,0.1083037257194519,0.06783094629645348,unchanged,False
2026,244,0,0,0,0.04047277942299843,0.02581329084932804,-0.014659488573670387,unchanged,False
2026,249,0,0,0,0.015035678632557392,0.11311857402324677,0.09808289539068937,unchanged,True
2026,250,0,0,0,0.0507369302213192,0.29109519720077515,0.24035826697945595,unchanged,False
2026,251,0,1,0,0.8558223247528076,0.017290765419602394,-0.8385315593332052,improved,False
2026,253,0,1,0,0.8286034464836121,0.024276480078697205,-0.8043269664049149,improved,False
2026,254,0,0,0,0.09763286262750626,0.02581329084932804,-0.07181957177817822,unchanged,False
2026,263,0,1,0,0.5934010744094849,0.05623296648263931,-0.5371681079268456,improved,False
2026,264,0,0,0,0.04047277942299843,0.3620222210884094,0.321549441665411,unchanged,False
2026,269,0,0,0,0.021979033946990967,0.02581329084932804,0.0038342569023370743,unchanged,False
2026,270,0,0,0,0.034845661371946335,0.02581329084932804,-0.009032370522618294,unchanged,False
2026,271,0,0,0,0.04167862609028816,0.11311857402324677,0.0714399479329586,unchanged,True
2026,272,0,0,0,0.01956382766366005,0.02581329084932804,0.006249463185667992,unchanged,False
2026,274,0,0,0,0.04047277942299843,0.02581329084932804,-0.014659488573670387,unchanged,False
2026,276,0,0,0,0.3845495283603668,0.03499612584710121,-0.3495534025132656,unchanged,False
2026,279,0,1,0,0.6700884103775024,0.10289189219474792,-0.5671965181827545,improved,True
2026,280,0,0,0,0.02581329084932804,0.3474239706993103,0.32161067984998226,unchanged,False
2026,281,0,0,0,0.019284047186374664,0.02581329084932804,0.006529243662953377,unchanged,False
2026,282,0,0,0,0.21488358080387115,0.04421726614236832,-0.17066631466150284,unchanged,False
2026,283,0,0,0,0.021979033946990967,0.01503567211329937,-0.006943361833691597,unchanged,False
2026,285,0,0,0,0.02581329084932804,0.02581329084932804,0.0,unchanged,False
2026,290,0,0,0,0.008349916897714138,0.024276480078697205,0.015926563180983067,unchanged,False
2026,292,0,0,0,0.026156114414334297,0.16535082459449768,0.13919471018016338,unchanged,True
2026,297,0,1,0,0.4557376801967621,0.016222486272454262,-0.4395151939243078,improved,False
2026,299,0,0,1,0.023399297147989273,0.8286035060882568,0.8052042089402676,worsened,True
2026,303,0,0,0,0.03118172287940979,0.01503567211329937,-0.01614605076611042,unchanged,False
2026,308,0,0,0,0.0221157968044281,0.10289189219474792,0.08077609539031982,unchanged,True
2026,310,0,0,0,0.10674218833446503,0.02581329084932804,-0.08092889748513699,unchanged,False
2026,312,0,0,0,0.03876768797636032,0.01503567211329937,-0.02373201586306095,unchanged,False
2026,314,0,0,0,0.04047277942299843,0.11311857402324677,0.07264579460024834,unchanged,True
2026,320,0,0,0,0.0221157968044281,0.02835329994559288,0.00623750314116478,unchanged,False
2026,321,0,0,0,0.015035678632557392,0.02581329084932804,0.010777612216770649,unchanged,False
2026,322,0,0,0,0.21488358080387115,0.1906479299068451,-0.024235650897026062,unchanged,False
2026,327,0,0,0,0.03010672889649868,0.03301350027322769,0.0029067713767290115,unchanged,False
2026,328,0,0,0,0.13373182713985443,0.17437665164470673,0.040644824504852295,unchanged,True
2026,331,0,0,0,0.05230306461453438,0.02581329084932804,-0.026489773765206337,unchanged,False
2026,336,0,0,0,0.016222478821873665,0.12838420271873474,0.11216172389686108,unchanged,False
2026,338,0,0,0,0.18274043500423431,0.03301350027322769,-0.14972693473100662,unchanged,False
2026,339,0,0,0,0.021966205909848213,0.12132429331541061,0.0993580874055624,unchanged,False
2026,340,0,0,0,0.03350207954645157,0.1906479299068451,0.15714585036039352,unchanged,False
2026,341,0,1,0,0.8721091747283936,0.33527520298957825,-0.5368339717388153,improved,True
2026,343,0,0,0,0.01956382766366005,0.1906479299068451,0.17108410224318504,unchanged,False
2026,345,0,0,0,0.02581329084932804,0.04047277942299843,0.014659488573670387,unchanged,False
2026,348,0,1,0,0.5607245564460754,0.08263228833675385,-0.4780922681093216,improved,True
2026,349,0,0,0,0.04047277942299843,0.017097115516662598,-0.02337566390633583,unchanged,False
2026,350,0,0,0,0.03010672889649868,0.01503567211329937,-0.01507105678319931,unchanged,False
2026,352,0,0,0,0.306299090385437,0.03576633334159851,-0.2705327570438385,unchanged,False
2026,358,0,0,0,0.31248173117637634,0.2976066768169403,-0.014875054359436035,unchanged,True
2026,359,0,0,0,0.09763286262750626,0.02581329084932804,-0.07181957177817822,unchanged,False
2026,360,0,0,0,0.02627766877412796,0.0507369302213192,0.02445926144719124,unchanged,False
2026,362,0,0,0,0.16535082459449768,0.3076593279838562,0.14230850338935852,unchanged,True
2026,364,0,1,0,0.5483337044715881,0.01503567211329937,-0.5332980323582888,improved,False
2026,366,0,0,0,0.04047277942299843,0.18858635425567627,0.14811357483267784,unchanged,True
2026,368,0,0,0,0.43342411518096924,0.16453176736831665,-0.2688923478126526,unchanged,True
2026,371,0,0,0,0.013800607062876225,0.25399842858314514,0.24019782152026892,unchanged,False
2026,372,0,0,0,0.07771280407905579,0.02581329084932804,-0.051899513229727745,unchanged,False
2026,382,0,0,0,0.015075170435011387,0.02581329084932804,0.010738120414316654,unchanged,False
2026,386,0,0,0,0.25399842858314514,0.08263228833675385,-0.1713661402463913,unchanged,True
2026,391,0,1,0,0.7907484769821167,0.010973013006150723,-0.779775463975966,improved,False
2026,397,0,0,0,0.021979033946990967,0.02581329084932804,0.0038342569023370743,unchanged,False
2026,400,0,0,0,0.04047277942299843,0.16535082459449768,0.12487804517149925,unchanged,True
2026,401,0,0,0,0.015614994801580906,0.1246923953294754,0.1090774005278945,unchanged,True
2026,403,0,0,0,0.04047277942299843,0.02581329084932804,-0.014659488573670387,unchanged,False
2026,405,0,0,0,0.03010672889649868,0.02581329084932804,-0.004293438047170639,unchanged,False
2026,408,0,0,0,0.124692402780056,0.124692402780056,0.0,unchanged,True
2026,409,0,0,0,0.05230306461453438,0.04047277942299843,-0.01183028519153595,unchanged,False
2026,411,0,1,0,0.6244276762008667,0.023399291560053825,-0.6010283846408129,improved,False
2026,414,0,0,0,0.02581329084932804,0.01507517695426941,-0.010738113895058632,unchanged,False
2026,415,0,0,0,0.022827139124274254,0.18858635425567627,0.16575921513140202,unchanged,True
2026,417,0,1,1,0.8721091747283936,0.6303712725639343,-0.24173790216445923,unchanged,False
2026,418,0,0,0,0.021984314545989037,0.22836872935295105,0.206384414806962,unchanged,True
2026,421,0,1,0,0.8286034464836121,0.04047277942299843,-0.7881306670606136,improved,False
2026,425,0,0,0,0.02581329084932804,0.024276480078697205,-0.0015368107706308365,unchanged,False
2026,428,0,0,0,0.03301350027322769,0.16029928624629974,0.12728578597307205,unchanged,False
2026,433,0,1,0,0.8286034464836121,0.01507517695426941,-0.8135282695293427,improved,False
2026,435,0,0,0,0.1880631148815155,0.14115186035633087,-0.04691125452518463,unchanged,True
2026,439,0,1,0,0.6244276762008667,0.1083037257194519,-0.5161239504814148,improved,False
2026,443,0,0,0,0.015075170435011387,0.04047277942299843,0.02539760898798704,unchanged,False
2026,444,0,0,0,0.015075170435011387,0.02581329084932804,0.010738120414316654,unchanged,False
2026,445,0,0,0,0.015035678632557392,0.02581329084932804,0.010777612216770649,unchanged,False
2026,451,0,0,0,0.015075170435011387,0.013736278750002384,-0.0013388916850090027,unchanged,False
2026,454,0,0,0,0.015075170435011387,0.02581329084932804,0.010738120414316654,unchanged,False
2026,457,0,0,0,0.02581329084932804,0.02581329084932804,0.0,unchanged,False
2026,460,0,0,0,0.01956382766366005,0.02581329084932804,0.006249463185667992,unchanged,False
2026,462,0,0,0,0.04047277942299843,0.024276480078697205,-0.016196299344301224,unchanged,False
2026,465,0,0,0,0.26169684529304504,0.1246923953294754,-0.13700444996356964,unchanged,True
2026,469,0,0,0,0.03576635196805,0.04047277942299843,0.004706427454948425,unchanged,False
2026,471,0,0,0,0.06006893515586853,0.08780945837497711,0.02774052321910858,unchanged,False
2026,472,0,0,0,0.013200256042182446,0.08780945837497711,0.07460920233279467,unchanged,False
2026,478,0,0,1,0.2643432915210724,0.7509417533874512,0.4865984618663788,worsened,True
2026,480,0,1,0,0.7764373421669006,0.07146012037992477,-0.7049772217869759,improved,False
2026,481,0,1,0,0.8843048810958862,0.11157777905464172,-0.7727271020412445,improved,False
2026,483,0,1,0,0.46415334939956665,0.1246923953294754,-0.33946095407009125,improved,True
2026,486,0,0,0,0.02902643010020256,0.11311857402324677,0.0840921439230442,unchanged,True
2026,491,0,0,0,0.21488358080387115,0.16535082459449768,-0.049532756209373474,unchanged,True
2026,492,0,1,0,0.5577480792999268,0.02835329994559288,-0.5293947793543339,improved,False
2026,505,0,0,0,0.016386499628424644,0.024276480078697205,0.00788998045027256,unchanged,False
2026,511,0,0,0,0.02015594020485878,0.029026437550783157,0.008870497345924377,unchanged,False
2026,517,0,1,0,0.49588537216186523,0.016222486272454262,-0.479662885889411,improved,False
2026,524,0,0,0,0.016222478821873665,0.016222478821873665,0.0,unchanged,False
2026,525,0,0,0,0.18672871589660645,0.40815287828445435,0.2214241623878479,unchanged,True
2026,527,0,0,0,0.013800607062876225,0.016386499628424644,0.00258589256554842,unchanged,False
2026,528,0,0,0,0.015078688971698284,0.013200256042182446,-0.0018784329295158386,unchanged,False
2026,532,0,0,1,0.20691858232021332,0.5981250405311584,0.39120645821094513,worsened,True
2026,535,0,0,0,0.02944984659552574,0.02332232892513275,-0.00612751767039299,unchanged,False
2026,536,0,0,0,0.015078688971698284,0.20896276831626892,0.19388407934457064,unchanged,False
2026,537,0,0,0,0.02581329084932804,0.02581329084932804,0.0,unchanged,False
2026,540,0,0,0,0.015035678632557392,0.1083037257194519,0.09326804708689451,unchanged,False
2026,542,0,0,0,0.057707369327545166,0.1083037257194519,0.05059635639190674,unchanged,False
2026,547,0,0,0,0.10674218833446503,0.1083037257194519,0.0015615373849868774,unchanged,False
2026,549,0,0,0,0.012752629816532135,0.01507517695426941,0.002322547137737274,unchanged,False
2026,557,0,0,0,0.04167862609028816,0.01805281639099121,-0.02362580969929695,unchanged,False
2026,560,0,0,0,0.02196977101266384,0.024276480078697205,0.0023067090660333633,unchanged,False
2026,561,0,0,0,0.04047277942299843,0.02581329084932804,-0.014659488573670387,unchanged,False
2026,562,0,0,0,0.03696766495704651,0.1083037257194519,0.0713360607624054,unchanged,False
2026,563,0,0,0,0.034231774508953094,0.024276480078697205,-0.00995529443025589,unchanged,False
2026,567,0,0,0,0.2885701358318329,0.029553521424531937,-0.25901661440730095,unchanged,True
2026,569,0,0,0,0.015358547680079937,0.02581329084932804,0.010454743169248104,unchanged,False
2026,570,0,0,0,0.023837808519601822,0.029553521424531937,0.005715712904930115,unchanged,True
2026,573,0,0,0,0.02581329084932804,0.017097115516662598,-0.008716175332665443,unchanged,False
2026,574,0,0,0,0.01765342429280281,0.024276480078697205,0.006623055785894394,unchanged,False
2026,575,0,0,0,0.015035678632557392,0.017097115516662598,0.0020614368841052055,unchanged,False
2026,576,0,0,0,0.028518684208393097,0.017097115516662598,-0.0114215686917305,unchanged,False
2026,578,1,1,1,0.5483337044715881,0.8477954864501953,0.2994617819786072,unchanged,False
2026,579,1,0,0,0.3845495283603668,0.10674218833446503,-0.2778073400259018,unchanged,True
2026,581,1,1,1,0.9660871624946594,0.9727871417999268,0.006699979305267334,unchanged,False
2026,582,1,1,1,0.9660871624946594,0.5118244886398315,-0.4542626738548279,unchanged,False
2026,583,1,1,1,0.7764373421669006,0.6244276762008667,-0.15200966596603394,unchanged,True
2026,586,1,0,0,0.16535082459449768,0.21488356590270996,0.04953274130821228,unchanged,True
2026,589,1,1,1,0.4346591532230377,0.6244276762008667,0.18976852297782898,unchanged,True
2026,590,1,1,1,0.9660871624946594,0.6244276762008667,-0.3416594862937927,unchanged,True
2026,591,1,0,0,0.02944984659552574,0.21488356590270996,0.18543371930718422,unchanged,True
2026,593,1,1,0,0.5342257618904114,0.3692671060562134,-0.164958655834198,worsened,True
2026,596,1,0,0,0.02581329084932804,0.19093061983585358,0.16511732898652554,unchanged,False
2026,599,1,1,0,0.9727871417999268,0.3392713665962219,-0.6335157752037048,worsened,False
2026,600,1,0,0,0.10254427045583725,0.3692671060562134,0.26672283560037613,unchanged,True
2026,604,1,1,1,0.9660871624946594,0.6244276762008667,-0.3416594862937927,unchanged,True
2026,609,1,1,0,0.8564199209213257,0.16535082459449768,-0.691069096326828,worsened,True
2026,611,1,0,1,0.03010672889649868,0.6244276762008667,0.594320947304368,improved,True
2026,618,1,1,0,0.8721091747283936,0.03961365297436714,-0.8324955217540264,worsened,False
2026,619,1,0,0,0.10894662141799927,0.05230304226279259,-0.05664357915520668,unchanged,True
2026,620,1,1,0,0.5342257618904114,0.21488356590270996,-0.3193421959877014,worsened,True
2026,629,1,0,0,0.058349404484033585,0.2751447856426239,0.21679538115859032,unchanged,False
2026,631,1,1,1,0.8721091747283936,0.6244276762008667,-0.24768149852752686,unchanged,True
2026,633,1,1,1,0.7073031663894653,0.5749121904373169,-0.13239097595214844,unchanged,True
2026,634,1,1,0,0.5342257618904114,0.05076663941144943,-0.48345912247896194,worsened,False
2026,635,1,1,0,0.9660871624946594,0.08263228833675385,-0.8834548741579056,worsened,True
2026,637,1,0,0,0.015035678632557392,0.1880631148815155,0.1730274362489581,unchanged,True
2026,640,1,0,0,0.023322317749261856,0.10101282596588135,0.07769050821661949,unchanged,False
2026,641,1,1,1,0.9729846119880676,0.9660871624946594,-0.006897449493408203,unchanged,False
2026,645,1,1,1,0.9727871417999268,0.6362778544425964,-0.3365092873573303,unchanged,False
2026,649,1,1,1,0.9729846119880676,0.896374523639679,-0.07661008834838867,unchanged,False
2026,650,1,1,1,0.9727871417999268,0.805311918258667,-0.16747522354125977,unchanged,False
2026,653,1,0,0,0.3327304720878601,0.3883610665798187,0.05563059449195862,unchanged,False
2026,656,1,1,1,0.8463801145553589,0.7115527391433716,-0.1348273754119873,unchanged,False
2026,657,1,1,1,0.9727871417999268,0.9423783421516418,-0.030408799648284912,unchanged,False
2026,661,1,1,1,0.9660871624946594,0.8923678994178772,-0.07371926307678223,unchanged,False
2026,664,1,0,1,0.04047277942299843,0.8286035060882568,0.7881307266652584,improved,True
2026,672,1,1,1,0.8992756009101868,0.8992756009101868,0.0,unchanged,True
2026,673,1,0,0,0.21488358080387115,0.2976066768169403,0.08272309601306915,unchanged,True
2026,677,1,1,1,0.8721091747283936,0.5577480792999268,-0.3143610954284668,unchanged,True
2026,683,1,1,1,0.9727871417999268,0.9538592100143433,-0.018927931785583496,unchanged,False
2026,685,1,1,1,0.8721091747283936,0.8751728534698486,0.003063678741455078,unchanged,True
2026,688,1,1,1,0.9660871624946594,0.7764374017715454,-0.189649760723114,unchanged,True
2026,689,1,0,1,0.3170015513896942,0.8628624677658081,0.5458609163761139,improved,False
2026,693,1,0,0,0.157011941075325,0.40815287828445435,0.25114093720912933,unchanged,True
2026,696,1,0,1,0.232667937874794,0.5577480792999268,0.32508014142513275,improved,True
2026,700,1,1,1,0.8992756009101868,0.6244276762008667,-0.27484792470932007,unchanged,True
2026,702,1,1,1,0.9489666223526001,0.7605734467506409,-0.18839317560195923,unchanged,False
2026,705,1,0,1,0.16399750113487244,0.46409884095191956,0.3001013398170471,improved,False
2026,708,1,0,0,0.059510473161935806,0.16645465791225433,0.10694418475031853,unchanged,True
2026,710,1,1,0,0.5577480792999268,0.16453176736831665,-0.3932163119316101,worsened,True
2026,711,1,1,1,0.9079512357711792,0.9660871624946594,0.058135926723480225,unchanged,False
2026,716,1,1,1,0.9729846119880676,0.7446309924125671,-0.2283536195755005,unchanged,False
2026,717,1,1,1,0.8721091747283936,0.6244276762008667,-0.24768149852752686,unchanged,True
2026,720,1,0,1,0.11550065129995346,0.6929591298103333,0.5774584785103798,improved,True
2026,721,1,0,1,0.015035678632557392,0.46409884095191956,0.44906316231936216,improved,False
2026,722,1,1,0,0.9423783421516418,0.03277449682354927,-0.9096038453280926,worsened,False
2026,724,1,1,0,0.6244276762008667,0.19523262977600098,-0.4291950464248657,worsened,True
2026,726,1,1,1,0.9729846119880676,0.9660871624946594,-0.006897449493408203,unchanged,False
2026,727,1,0,0,0.02581329084932804,0.22836872935295105,0.202555438503623,unchanged,True
2026,728,1,0,1,0.3845495283603668,0.7756542563438416,0.39110472798347473,improved,False
2026,730,1,1,0,0.8721091747283936,0.16283239424228668,-0.7092767804861069,worsened,False
2026,732,1,1,1,0.9727871417999268,0.896374523639679,-0.0764126181602478,unchanged,False
2026,733,1,1,1,0.577968418598175,0.7970684766769409,0.21910005807876587,unchanged,False
2026,735,1,1,1,0.8286034464836121,0.6244276762008667,-0.20417577028274536,unchanged,True
2026,736,1,0,1,0.027627892792224884,0.5749121904373169,0.547284297645092,improved,True
2026,739,1,1,0,0.7400674223899841,0.10101282596588135,-0.6390545964241028,worsened,False
2026,741,1,1,0,0.4830867052078247,0.3692671060562134,-0.11381959915161133,worsened,True
2026,744,1,1,0,0.9729846119880676,0.3934943974018097,-0.5794902145862579,worsened,False
2026,745,1,0,0,0.36163565516471863,0.4153396189212799,0.05370396375656128,unchanged,False
2026,747,1,1,1,0.8992756009101868,0.8477954864501953,-0.051480114459991455,unchanged,False
2026,752,1,1,1,0.9727871417999268,0.7236900329589844,-0.24909710884094238,unchanged,False
2026,759,1,1,1,0.9294626712799072,0.6647133231163025,-0.26474934816360474,unchanged,False
2026,760,1,1,0,0.9660871624946594,0.4326823353767395,-0.5334048271179199,worsened,True
2026,761,1,1,0,0.7764373421669006,0.40815287828445435,-0.3682844638824463,worsened,True
2026,762,1,0,0,0.04167862609028816,0.40815287828445435,0.3664742521941662,unchanged,True
2026,766,1,1,1,0.7764373421669006,0.9749881625175476,0.19855082035064697,unchanged,False
2026,777,1,1,1,0.9727871417999268,0.4978844225406647,-0.4749027192592621,unchanged,False
2026,780,1,1,1,0.9660871624946594,0.7764374017715454,-0.189649760723114,unchanged,True
2026,781,1,0,0,0.35372474789619446,0.35372474789619446,0.0,unchanged,False
2026,782,1,0,1,0.38560035824775696,0.7764374017715454,0.39083704352378845,improved,True
2026,786,1,0,1,0.062433212995529175,0.851905882358551,0.7894726693630219,improved,False
2026,787,1,1,1,0.9271753430366516,0.9552760720252991,0.02810072898864746,unchanged,False
2026,791,1,1,0,0.8992756009101868,0.3934943974018097,-0.5057812035083771,worsened,False
2026,792,1,1,0,0.9749882817268372,0.4326823353767395,-0.5423059463500977,worsened,True
2026,793,1,1,1,0.8859209418296814,0.846799373626709,-0.03912156820297241,unchanged,True
2026,796,1,1,0,0.9749882817268372,0.4153648316860199,-0.5596234500408173,worsened,False
2026,797,1,1,1,0.9729846119880676,0.8992756009101868,-0.07370901107788086,unchanged,True
2026,799,1,0,1,0.2131071835756302,0.846799373626709,0.6336921900510788,improved,True
2026,801,1,0,0,0.022465158253908157,0.10278496146202087,0.08031980320811272,unchanged,False
2026,804,1,1,1,0.9415408968925476,0.5249872207641602,-0.41655367612838745,unchanged,False
2026,806,1,0,1,0.2131071835756302,0.9727871417999268,0.7596799582242966,improved,False
2026,808,1,0,0,0.05119072645902634,0.3934943974018097,0.34230367094278336,unchanged,False
2026,810,1,0,0,0.34269264340400696,0.40815287828445435,0.06546023488044739,unchanged,True
2026,811,1,0,0,0.06932618468999863,0.03433474898338318,-0.03499143570661545,unchanged,True
2026,812,1,0,1,0.023322317749261856,0.49559980630874634,0.4722774885594845,improved,True
2026,813,1,0,1,0.031477268785238266,0.9729846119880676,0.9415073432028294,improved,False
2026,817,1,0,1,0.06932618468999863,0.8717837333679199,0.8024575486779213,improved,False
2026,818,1,1,1,0.9660871624946594,0.8992756009101868,-0.06681156158447266,unchanged,True
2026,820,1,1,1,0.8053119778633118,0.5981250405311584,-0.20718693733215332,unchanged,True
2026,821,1,1,1,0.9415408968925476,0.846799373626709,-0.09474152326583862,unchanged,True
2026,827,1,1,0,0.5512714982032776,0.23904791474342346,-0.3122235834598541,worsened,True
2026,830,0,0,0,0.022827139124274254,0.024276480078697205,0.0014493409544229507,unchanged,False
2026,831,0,0,0,0.020110828801989555,0.029465945437550545,0.00935511663556099,unchanged,False
2026,834,0,0,0,0.022465158253908157,0.040563225746154785,0.018098067492246628,unchanged,False
2026,837,0,0,0,0.02892507240176201,0.026687633246183395,-0.0022374391555786133,unchanged,False
2026,838,0,0,0,0.02731568180024624,0.034845661371946335,0.007529979571700096,unchanged,False
2026,840,0,0,0,0.022465158253908157,0.023997871205210686,0.0015327129513025284,unchanged,False
2026,846,0,0,1,0.10254427045583725,0.7832651138305664,0.6807208433747292,worsened,False
2026,850,0,0,1,0.3845495283603668,0.7202358245849609,0.3356862962245941,worsened,False
2026,854,0,0,0,0.06661687791347504,0.030106713995337486,-0.03651016391813755,unchanged,False
2026,859,0,0,0,0.021979033946990967,0.10289189219474792,0.08091285824775696,unchanged,True
2026,862,0,0,1,0.04567444697022438,0.5577480792999268,0.5120736323297024,worsened,True
2026,863,0,0,1,0.021966205909848213,0.8751728534698486,0.8532066475600004,worsened,True
2026,865,0,0,0,0.023997871205210686,0.021966202184557915,-0.002031669020652771,unchanged,False
2026,866,0,0,0,0.034845661371946335,0.021966202184557915,-0.01287945918738842,unchanged,False
2026,867,0,0,1,0.35372474789619446,0.5453981161117554,0.1916733682155609,worsened,False
2026,868,0,0,0,0.021979033946990967,0.021966202184557915,-1.2831762433052063e-05,unchanged,False
2026,872,0,0,1,0.35372474789619446,0.8751728534698486,0.5214481055736542,worsened,True
2026,874,0,1,1,0.8870473504066467,0.5577480792999268,-0.32929927110671997,unchanged,True
2026,878,0,0,0,0.02581329084932804,0.04332611337304115,0.017512822523713112,unchanged,False
2026,880,0,0,0,0.03974758833646774,0.09115735441446304,0.0514097660779953,unchanged,False
2026,881,0,0,0,0.023997871205210686,0.08440268784761429,0.0604048166424036,unchanged,False
2026,884,0,1,1,0.7382401823997498,0.7764374017715454,0.038197219371795654,unchanged,True
2026,887,0,0,0,0.021979033946990967,0.19037765264511108,0.16839861869812012,unchanged,False
2026,888,0,0,0,0.04678618907928467,0.3200845420360565,0.27329835295677185,unchanged,False
2026,889,0,0,0,0.40815290808677673,0.40815290808677673,0.0,unchanged,True
2026,890,0,0,0,0.021966205909848213,0.19523262977600098,0.17326642386615276,unchanged,True
2026,897,0,1,0,0.4542422890663147,0.12710680067539215,-0.32713548839092255,improved,True
2026,901,0,1,1,0.8992756009101868,0.5483337640762329,-0.35094183683395386,unchanged,False
2026,904,0,0,0,0.023997871205210686,0.029026437550783157,0.005028566345572472,unchanged,False
2026,905,0,0,0,0.04567444697022438,0.4326823353767395,0.3870078884065151,unchanged,True
2026,908,0,0,0,0.021966205909848213,0.041678618639707565,0.019712412729859352,unchanged,False
2026,909,0,0,0,0.023997871205210686,0.023997871205210686,0.0,unchanged,False
2026,910,0,0,0,0.13373182713985443,0.023997871205210686,-0.10973395593464375,unchanged,False
2026,911,0,0,0,0.1847509890794754,0.1847509890794754,0.0,unchanged,False
2026,912,0,0,0,0.02902643010020256,0.18858635425567627,0.1595599241554737,unchanged,True
2026,915,0,1,1,0.8867689371109009,0.9294626712799072,0.04269373416900635,unchanged,True
2026,916,0,0,0,0.13373182713985443,0.12132429331541061,-0.012407533824443817,unchanged,False
2026,919,0,0,1,0.34611833095550537,0.6929591298103333,0.3468407988548279,worsened,True
2026,920,0,1,1,0.7194606065750122,0.503433108329773,-0.21602749824523926,unchanged,True
2026,922,0,1,1,0.7137992978096008,0.846799373626709,0.13300007581710815,unchanged,True
2026,924,0,0,0,0.015035678632557392,0.052712831646203995,0.0376771530136466,unchanged,False
2026,926,0,1,1,0.6700884103775024,0.5483337640762329,-0.12175464630126953,unchanged,False
2026,936,0,0,0,0.04602803662419319,0.04602803662419319,0.0,unchanged,False
2026,937,0,0,0,0.022465158253908157,0.044783275574445724,0.022318117320537567,unchanged,False
2026,938,0,1,0,0.7764373421669006,0.03147727623581886,-0.7449600659310818,improved,True
2026,940,0,0,0,0.16780591011047363,0.023151744157075882,-0.14465416595339775,unchanged,True
2026,943,0,0,0,0.021966205909848213,0.07034549862146378,0.04837929271161556,unchanged,False
2026,944,0,0,0,0.016386499628424644,0.028634944930672646,0.012248445302248001,unchanged,False
2026,947,0,0,0,0.05119072645902634,0.017804265022277832,-0.033386461436748505,unchanged,False
2026,952,0,1,0,0.8963744044303894,0.08263228833675385,-0.8137421160936356,improved,True
2026,953,0,1,1,0.9660871624946594,0.6017034649848938,-0.3643836975097656,unchanged,False
2026,954,0,0,0,0.020110828801989555,0.01380062010139227,-0.006310208700597286,unchanged,False
2026,956,0,0,0,0.21358126401901245,0.03433474898338318,-0.17924651503562927,unchanged,True
2026,957,0,1,0,0.8558223247528076,0.029553521424531937,-0.8262688033282757,improved,True
2026,959,0,0,0,0.008349916897714138,0.03147727623581886,0.023127359338104725,unchanged,True
2026,960,0,0,0,0.022465158253908157,0.02627766877412796,0.003812510520219803,unchanged,False
2026,962,0,1,0,0.8721091747283936,0.03147727623581886,-0.8406318984925747,improved,True
2026,965,0,0,0,0.4284117817878723,0.029553521424531937,-0.3988582603633404,unchanged,True
2026,968,0,0,0,0.232667937874794,0.03147727623581886,-0.20119066163897514,unchanged,True
2026,970,0,1,0,0.7431615591049194,0.03119054064154625,-0.7119710184633732,improved,False
2026,971,0,0,0,0.02902643010020256,0.029553521424531937,0.0005270913243293762,unchanged,True
2026,975,0,0,0,0.013800607062876225,0.016386499628424644,0.00258589256554842,unchanged,False
2026,983,0,0,0,0.015078688971698284,0.016386499628424644,0.0013078106567263603,unchanged,False
2026,986,0,0,0,0.04167862609028816,0.1266377568244934,0.08495913073420525,unchanged,True
2026,992,0,0,0,0.023322317749261856,0.02282712794840336,-0.0004951898008584976,unchanged,False
2026,993,0,1,0,0.8723117709159851,0.02282712794840336,-0.8494846429675817,improved,False
2026,995,0,0,0,0.02946595288813114,0.016386499628424644,-0.013079453259706497,unchanged,False
2026,996,0,0,0,0.03126796334981918,0.016386499628424644,-0.014881463721394539,unchanged,False
2026,998,0,1,0,0.7431616187095642,0.02282712794840336,-0.7203344907611609,improved,False
2026,1000,0,0,0,0.020110832527279854,0.016386499628424644,-0.0037243328988552094,unchanged,False
2026,1002,0,0,0,0.03147726133465767,0.02282712794840336,-0.00865013338625431,unchanged,False
2026,1004,0,0,0,0.023322317749261856,0.02282712794840336,-0.0004951898008584976,unchanged,False
2026,1007,0,0,0,0.04448665305972099,0.02282712794840336,-0.021659525111317635,unchanged,False
2026,1009,0,0,0,0.05119071528315544,0.02282712794840336,-0.028363587334752083,unchanged,False
2026,1010,0,0,0,0.023997876793146133,0.016386499628424644,-0.007611377164721489,unchanged,False
2026,1011,1,0,0,0.07069655507802963,0.09265843033790588,0.02196187525987625,unchanged,True
