seed,case_num,y_true,baseline_y_pred,corrected_y_pred,baseline_y_prob,corrected_y_prob,probability_delta,outcome,is_inconsistent_profile
42,4,0,1,0,0.4583221673965454,0.38022303581237793,-0.07809913158416748,improved,False
42,7,0,0,0,0.4085509777069092,0.37658318877220154,-0.03196778893470764,unchanged,False
42,9,0,0,0,0.42925968766212463,0.37658318877220154,-0.052676498889923096,unchanged,False
42,11,0,0,0,0.43622905015945435,0.32771968841552734,-0.108509361743927,unchanged,True
42,15,0,1,0,0.4657765328884125,0.3451651334762573,-0.12061139941215515,improved,False
42,16,0,0,0,0.43595513701438904,0.3793928325176239,-0.05656230449676514,unchanged,False
42,21,0,0,0,0.42923539876937866,0.3571484684944153,-0.07208693027496338,unchanged,True
42,24,0,0,0,0.4436990022659302,0.37658318877220154,-0.06711581349372864,unchanged,False
42,29,0,0,0,0.42160698771476746,0.3097006380558014,-0.11190634965896606,unchanged,False
42,32,0,0,0,0.4466317296028137,0.37658318877220154,-0.07004854083061218,unchanged,False
42,33,0,1,0,0.47152361273765564,0.33035793900489807,-0.14116567373275757,improved,True
42,35,0,0,0,0.45277294516563416,0.3667604923248291,-0.08601245284080505,unchanged,False
42,36,0,0,0,0.42260321974754333,0.37658318877220154,-0.0460200309753418,unchanged,False
42,39,0,0,0,0.4547852575778961,0.3097006380558014,-0.14508461952209473,unchanged,False
42,41,0,0,0,0.4508937895298004,0.4183899462223053,-0.03250384330749512,unchanged,False
42,42,0,0,0,0.4177209138870239,0.3793928325176239,-0.038328081369400024,unchanged,False
42,43,0,0,0,0.41996780037879944,0.4049166738986969,-0.015051126480102539,unchanged,False
42,45,0,0,0,0.43627187609672546,0.4049166738986969,-0.031355202198028564,unchanged,False
42,53,0,0,0,0.4375803470611572,0.3331587314605713,-0.10442161560058594,unchanged,True
42,54,0,1,0,0.4602811336517334,0.3331587314605713,-0.1271224021911621,improved,True
42,55,0,0,0,0.43529558181762695,0.4049166738986969,-0.030378907918930054,unchanged,False
42,56,0,0,0,0.43244612216949463,0.3331587314605713,-0.09928739070892334,unchanged,True
42,58,0,0,0,0.4431098699569702,0.3331587314605713,-0.10995113849639893,unchanged,True
42,60,0,0,0,0.4272044599056244,0.4049166738986969,-0.02228778600692749,unchanged,False
42,62,0,1,0,0.45715728402137756,0.4358082413673401,-0.021349042654037476,improved,False
42,65,0,0,0,0.43716302514076233,0.3331587314605713,-0.10400429368019104,unchanged,True
42,67,0,0,0,0.4070550799369812,0.4020404517650604,-0.005014628171920776,unchanged,True
42,71,0,1,0,0.4622640907764435,0.43356943130493164,-0.02869465947151184,improved,False
42,72,0,1,0,0.47575777769088745,0.4286893308162689,-0.04706844687461853,improved,False
42,74,0,0,1,0.4274671971797943,0.45999255776405334,0.03252536058425903,worsened,False
42,79,0,1,1,0.47189801931381226,0.4684115946292877,-0.003486424684524536,unchanged,False
42,84,0,1,0,0.47558867931365967,0.4418571889400482,-0.03373149037361145,improved,False
42,86,0,0,0,0.4483736753463745,0.45509761571884155,0.006723940372467041,unchanged,False
42,87,0,0,0,0.4396498203277588,0.40544286370277405,-0.03420695662498474,unchanged,False
42,90,0,1,0,0.47196123003959656,0.4183899462223053,-0.05357128381729126,improved,False
42,91,0,0,1,0.45504865050315857,0.48438024520874023,0.029331594705581665,worsened,False
42,92,0,0,0,0.4348158836364746,0.3718334436416626,-0.06298243999481201,unchanged,False
42,97,0,1,0,0.4665992856025696,0.3722253143787384,-0.09437397122383118,improved,False
42,98,0,0,0,0.44996899366378784,0.3383379876613617,-0.11163100600242615,unchanged,False
42,100,0,0,1,0.4502793252468109,0.46417731046676636,0.013897985219955444,worsened,False
42,103,0,0,0,0.4478113651275635,0.43356943130493164,-0.014241933822631836,unchanged,False
42,104,0,1,0,0.4696481227874756,0.36182451248168945,-0.10782361030578613,improved,False
42,107,0,1,0,0.4709215462207794,0.38979098200798035,-0.08113056421279907,improved,False
42,109,0,1,1,0.46316856145858765,0.5258400440216064,0.0626714825630188,unchanged,False
42,112,0,0,0,0.4468730092048645,0.44676026701927185,-0.00011274218559265137,unchanged,False
42,113,0,1,0,0.4663081467151642,0.28733280301094055,-0.17897534370422363,improved,True
42,114,0,0,1,0.4349990785121918,0.46626442670822144,0.03126534819602966,worsened,False
42,116,0,1,1,0.46982255578041077,0.48438024520874023,0.014557689428329468,unchanged,False
42,117,0,0,1,0.4467224180698395,0.49299007654190063,0.04626765847206116,worsened,False
42,121,0,1,1,0.4631018042564392,0.49201202392578125,0.02891021966934204,unchanged,True
42,126,0,0,1,0.4553442597389221,0.4588448405265808,0.0035005807876586914,worsened,False
42,127,0,0,1,0.4441351294517517,0.5237006545066833,0.07956552505493164,worsened,False
42,129,0,0,1,0.4559009075164795,0.4615967571735382,0.005695849657058716,worsened,False
42,135,0,0,0,0.43883001804351807,0.3695402443408966,-0.06928977370262146,unchanged,True
42,136,0,1,0,0.46513378620147705,0.4323202073574066,-0.032813578844070435,improved,False
42,137,0,1,0,0.4603477418422699,0.45088160037994385,-0.00946614146232605,improved,True
42,139,0,1,0,0.4593817889690399,0.36190515756607056,-0.09747663140296936,improved,False
42,144,0,0,0,0.44504600763320923,0.40544286370277405,-0.03960314393043518,unchanged,False
42,145,0,0,0,0.44777339696884155,0.4286893308162689,-0.019084066152572632,unchanged,False
42,146,0,0,0,0.4338252544403076,0.4204624593257904,-0.013362795114517212,unchanged,False
42,147,0,0,0,0.4521385133266449,0.4170348346233368,-0.035103678703308105,unchanged,False
42,148,0,0,0,0.43398621678352356,0.44676026701927185,0.012774050235748291,unchanged,False
42,150,0,0,1,0.44970807433128357,0.46626442670822144,0.016556352376937866,worsened,False
42,152,0,0,0,0.4076955020427704,0.37149688601493835,-0.03619861602783203,unchanged,False
42,159,0,0,0,0.4276079535484314,0.4204624593257904,-0.007145494222640991,unchanged,False
42,161,0,0,0,0.4143962562084198,0.43356943130493164,0.01917317509651184,unchanged,False
42,162,0,0,0,0.4478941857814789,0.4510703384876251,0.0031761527061462402,unchanged,False
42,168,0,0,0,0.44399335980415344,0.41841962933540344,-0.02557373046875,unchanged,True
42,169,0,0,0,0.45042136311531067,0.4286893308162689,-0.021732032299041748,unchanged,False
42,172,0,0,0,0.44401615858078003,0.3801273703575134,-0.0638887882232666,unchanged,False
42,173,0,0,0,0.45300304889678955,0.43356943130493164,-0.01943361759185791,unchanged,False
42,178,0,0,1,0.42476803064346313,0.46626442670822144,0.0414963960647583,worsened,False
42,179,0,0,1,0.4371253252029419,0.46626442670822144,0.02913910150527954,worsened,False
42,180,0,0,0,0.4444766342639923,0.386764258146286,-0.0577123761177063,unchanged,False
42,182,0,0,1,0.4298933744430542,0.4746534526348114,0.0447600781917572,worsened,False
42,183,0,0,0,0.40734240412712097,0.43353939056396484,0.026196986436843872,unchanged,False
42,191,0,0,0,0.4330863654613495,0.386764258146286,-0.04632210731506348,unchanged,False
42,196,0,0,1,0.42833954095840454,0.4746534526348114,0.04631391167640686,worsened,False
42,197,0,0,0,0.4423835575580597,0.4204624593257904,-0.021921098232269287,unchanged,False
42,200,0,0,1,0.4358876049518585,0.46626442670822144,0.030376821756362915,worsened,False
42,201,0,0,1,0.4555028975009918,0.4775143563747406,0.02201145887374878,worsened,False
42,202,0,1,0,0.457585871219635,0.386764258146286,-0.070821613073349,improved,False
42,206,0,0,0,0.4445168972015381,0.386764258146286,-0.057752639055252075,unchanged,False
42,207,0,0,1,0.4325307607650757,0.4746534526348114,0.04212269186973572,worsened,False
42,208,0,0,1,0.43676796555519104,0.4746534526348114,0.03788548707962036,worsened,False
42,213,0,0,0,0.4164811968803406,0.39682915806770325,-0.01965203881263733,unchanged,False
42,216,0,0,0,0.4365079998970032,0.40544286370277405,-0.031065136194229126,unchanged,False
42,218,0,1,0,0.46388277411460876,0.4204624593257904,-0.04342031478881836,improved,False
42,220,0,0,0,0.4471586346626282,0.39682915806770325,-0.05032947659492493,unchanged,False
42,225,0,0,0,0.44944897294044495,0.4204624593257904,-0.02898651361465454,unchanged,False
42,227,0,1,1,0.46028006076812744,0.49299007654190063,0.03271001577377319,unchanged,False
42,228,0,0,0,0.4516041576862335,0.4023088812828064,-0.049295276403427124,unchanged,False
42,231,0,0,0,0.4354708194732666,0.3722253143787384,-0.0632455050945282,unchanged,False
42,232,0,0,0,0.4481489360332489,0.4170348346233368,-0.03111410140991211,unchanged,False
42,239,0,0,0,0.45025578141212463,0.41841962933540344,-0.03183615207672119,unchanged,True
42,242,0,0,0,0.43718233704566956,0.4204624593257904,-0.01671987771987915,unchanged,False
42,243,0,0,0,0.4351142346858978,0.40544286370277405,-0.02967137098312378,unchanged,False
42,244,0,0,0,0.441027969121933,0.4204624593257904,-0.020565509796142578,unchanged,False
42,249,0,0,0,0.4473912715911865,0.35786476731300354,-0.08952650427818298,unchanged,True
42,250,0,1,0,0.4775838851928711,0.43577951192855835,-0.041804373264312744,improved,False
42,251,0,0,0,0.45055732131004333,0.4538547098636627,0.0032973885536193848,unchanged,False
42,253,0,0,0,0.4537486135959625,0.4286893308162689,-0.025059282779693604,unchanged,False
42,254,0,0,0,0.44130444526672363,0.4204624593257904,-0.020841985940933228,unchanged,False
42,263,0,1,0,0.4707876741886139,0.4061921238899231,-0.0645955502986908,improved,False
42,264,0,1,0,0.4600207507610321,0.44956308603286743,-0.010457664728164673,improved,False
42,269,0,0,0,0.4485604465007782,0.4204624593257904,-0.028097987174987793,unchanged,False
42,270,0,0,0,0.418625146150589,0.4204624593257904,0.001837313175201416,unchanged,False
42,271,0,0,0,0.44460785388946533,0.35786476731300354,-0.08674308657646179,unchanged,True
42,272,0,0,0,0.408549040555954,0.4204624593257904,0.011913418769836426,unchanged,False
42,274,0,0,0,0.45298632979393005,0.4204624593257904,-0.03252387046813965,unchanged,False
42,276,0,0,0,0.45574307441711426,0.40959322452545166,-0.0461498498916626,unchanged,False
42,279,0,0,0,0.4312776029109955,0.4516538381576538,0.020376235246658325,unchanged,True
42,280,0,0,0,0.45489686727523804,0.43634507060050964,-0.018551796674728394,unchanged,False
42,281,0,0,0,0.428413063287735,0.4204624593257904,-0.00795060396194458,unchanged,False
42,282,0,1,0,0.46252575516700745,0.3848270773887634,-0.07769867777824402,improved,False
42,283,0,0,0,0.4201553761959076,0.44676026701927185,0.026604890823364258,unchanged,False
42,285,0,0,0,0.4064485728740692,0.4204624593257904,0.014013886451721191,unchanged,False
42,290,0,0,0,0.4104119837284088,0.4286893308162689,0.018277347087860107,unchanged,False
42,292,0,0,0,0.4336410462856293,0.40205273032188416,-0.03158831596374512,unchanged,True
42,297,0,0,0,0.42712944746017456,0.39900192618370056,-0.028127521276474,unchanged,False
42,299,0,0,1,0.43142926692962646,0.49707120656967163,0.06564193964004517,worsened,True
42,303,0,0,0,0.4329703748226166,0.44676026701927185,0.013789892196655273,unchanged,False
42,308,0,0,0,0.4431096613407135,0.4516538381576538,0.008544176816940308,unchanged,True
42,310,0,0,0,0.44839128851890564,0.4204624593257904,-0.027928829193115234,unchanged,False
42,312,0,1,0,0.4560566842556,0.44676026701927185,-0.009296417236328125,improved,False
42,314,0,0,0,0.451895147562027,0.35786476731300354,-0.09403038024902344,unchanged,True
42,320,0,0,0,0.4342861473560333,0.3722253143787384,-0.06206083297729492,unchanged,False
42,321,0,0,0,0.4394128918647766,0.4204624593257904,-0.018950432538986206,unchanged,False
42,322,0,1,1,0.4829450845718384,0.4689248204231262,-0.014020264148712158,unchanged,False
42,327,0,0,1,0.4410785436630249,0.4670405983924866,0.02596205472946167,worsened,False
42,328,0,0,1,0.43218451738357544,0.45649653673171997,0.02431201934814453,worsened,True
42,331,0,0,0,0.4508120119571686,0.4204624593257904,-0.030349552631378174,unchanged,False
42,336,0,0,0,0.43884894251823425,0.4400106370449066,0.0011616945266723633,unchanged,False
42,338,0,1,1,0.4584779441356659,0.4670405983924866,0.008562654256820679,unchanged,False
42,339,0,1,0,0.4696580171585083,0.4015728235244751,-0.0680851936340332,improved,False
42,340,0,0,1,0.4498252868652344,0.4689248204231262,0.019099533557891846,worsened,False
42,341,0,1,0,0.4721813499927521,0.37715497612953186,-0.09502637386322021,improved,True
42,343,0,0,1,0.45447513461112976,0.4689248204231262,0.01444968581199646,worsened,False
42,345,0,0,0,0.44089990854263306,0.43356943130493164,-0.007330477237701416,unchanged,False
42,348,0,0,0,0.44525420665740967,0.34149765968322754,-0.10375654697418213,unchanged,True
42,349,0,0,0,0.44731658697128296,0.45509761571884155,0.007781028747558594,unchanged,False
42,350,0,0,0,0.44416454434394836,0.44676026701927185,0.0025957226753234863,unchanged,False
42,352,0,1,0,0.4823445975780487,0.4165494740009308,-0.06579512357711792,improved,False
42,358,0,0,0,0.4386644661426544,0.45538049936294556,0.016716033220291138,unchanged,True
42,359,0,0,0,0.43685048818588257,0.4204624593257904,-0.016388028860092163,unchanged,False
42,360,0,0,1,0.4340800940990448,0.48438024520874023,0.050300151109695435,worsened,False
42,362,0,1,0,0.4632457494735718,0.3705637454986572,-0.09268200397491455,improved,True
42,364,0,1,0,0.46292948722839355,0.44676026701927185,-0.016169220209121704,improved,False
42,366,0,0,0,0.431849867105484,0.4481546878814697,0.016304820775985718,unchanged,True
42,368,0,1,0,0.4720712900161743,0.3702671229839325,-0.10180416703224182,improved,True
42,371,0,0,1,0.4416747987270355,0.5099815130233765,0.06830671429634094,worsened,False
42,372,0,0,0,0.442860871553421,0.4204624593257904,-0.022398412227630615,unchanged,False
42,382,0,0,0,0.43481704592704773,0.4204624593257904,-0.014354586601257324,unchanged,False
42,386,0,0,0,0.4557652771472931,0.34149765968322754,-0.11426761746406555,unchanged,True
42,391,0,0,0,0.44274041056632996,0.38260865211486816,-0.06013175845146179,unchanged,False
42,397,0,0,0,0.43808695673942566,0.4204624593257904,-0.017624497413635254,unchanged,False
42,400,0,1,0,0.4599590599536896,0.40205273032188416,-0.05790632963180542,improved,True
42,401,0,0,0,0.41870319843292236,0.41841962933540344,-0.0002835690975189209,unchanged,True
42,403,0,0,0,0.44528189301490784,0.4204624593257904,-0.02481943368911743,unchanged,False
42,405,0,1,0,0.4594123363494873,0.4204624593257904,-0.0389498770236969,improved,False
42,408,0,0,0,0.44377487897872925,0.41841962933540344,-0.025355249643325806,unchanged,True
42,409,0,0,0,0.4222797751426697,0.43356943130493164,0.011289656162261963,unchanged,False
42,411,0,1,0,0.45641982555389404,0.3555651009082794,-0.10085472464561462,improved,False
42,414,0,0,0,0.3972761929035187,0.4490029513835907,0.05172675848007202,unchanged,False
42,415,0,0,0,0.4044552743434906,0.4481546878814697,0.043699413537979126,unchanged,True
42,417,0,0,0,0.40971639752388,0.45030468702316284,0.04058828949928284,unchanged,False
42,418,0,0,1,0.41743186116218567,0.4614375829696655,0.04400572180747986,worsened,True
42,421,0,0,0,0.4248192012310028,0.43356943130493164,0.008750230073928833,unchanged,False
42,425,0,0,0,0.45226627588272095,0.4286893308162689,-0.023576945066452026,unchanged,False
42,428,0,1,0,0.45950376987457275,0.3383379876613617,-0.12116578221321106,improved,False
42,433,0,1,0,0.46506577730178833,0.4490029513835907,-0.016062825918197632,improved,False
42,435,0,0,0,0.450984925031662,0.3897780776023865,-0.06120684742927551,unchanged,True
42,439,0,1,0,0.4613354504108429,0.40544286370277405,-0.05589258670806885,improved,False
42,443,0,0,0,0.4293738901615143,0.43356943130493164,0.004195541143417358,unchanged,False
42,444,0,0,0,0.42325085401535034,0.4204624593257904,-0.0027883946895599365,unchanged,False
42,445,0,0,0,0.4214439392089844,0.4204624593257904,-0.0009814798831939697,unchanged,False
42,451,0,0,1,0.42514339089393616,0.4573475420475006,0.03220415115356445,worsened,False
42,454,0,0,0,0.426173597574234,0.4204624593257904,-0.0057111382484436035,unchanged,False
42,457,0,0,0,0.43259209394454956,0.4204624593257904,-0.012129634618759155,unchanged,False
42,460,0,0,0,0.42016857862472534,0.4204624593257904,0.0002938807010650635,unchanged,False
42,462,0,0,0,0.4393252432346344,0.4286893308162689,-0.010635912418365479,unchanged,False
42,465,0,0,0,0.4380260705947876,0.41841962933540344,-0.019606441259384155,unchanged,True
42,469,0,0,0,0.44352784752845764,0.43356943130493164,-0.009958416223526001,unchanged,False
42,471,0,0,0,0.3907795548439026,0.344206303358078,-0.046573251485824585,unchanged,False
42,472,0,0,0,0.4329245686531067,0.344206303358078,-0.08871826529502869,unchanged,False
42,478,0,0,0,0.4200558066368103,0.3589927852153778,-0.061063021421432495,unchanged,True
42,480,0,0,0,0.4378071129322052,0.29983389377593994,-0.13797321915626526,unchanged,False
42,481,0,1,0,0.45937150716781616,0.4046548306941986,-0.054716676473617554,improved,False
42,483,0,1,0,0.46847987174987793,0.41841962933540344,-0.05006024241447449,improved,True
42,486,0,0,0,0.4525465965270996,0.35786476731300354,-0.09468182921409607,unchanged,True
42,491,0,1,0,0.46728694438934326,0.40205273032188416,-0.0652342140674591,improved,True
42,492,0,1,0,0.4641352593898773,0.3722253143787384,-0.09190994501113892,improved,False
42,505,0,0,0,0.40991339087486267,0.4286893308162689,0.01877593994140625,unchanged,False
42,511,0,0,0,0.4127984344959259,0.37149688601493835,-0.04130154848098755,unchanged,False
42,517,0,0,0,0.4522496163845062,0.39900192618370056,-0.053247690200805664,unchanged,False
42,524,0,0,0,0.41744861006736755,0.39900192618370056,-0.018446683883666992,unchanged,False
42,525,0,0,0,0.4404977858066559,0.33035793900489807,-0.11013984680175781,unchanged,True
42,527,0,0,0,0.3927382528781891,0.4049166738986969,0.012178421020507812,unchanged,False
42,528,0,0,0,0.4017370641231537,0.40710386633872986,0.005366802215576172,unchanged,False
42,532,0,0,0,0.4275133013725281,0.37546730041503906,-0.052046000957489014,unchanged,True
42,535,0,0,0,0.4375889003276825,0.37658318877220154,-0.06100571155548096,unchanged,False
42,536,0,0,0,0.4225614368915558,0.3469361364841461,-0.07562530040740967,unchanged,False
42,537,0,0,0,0.4190772473812103,0.4204624593257904,0.0013852119445800781,unchanged,False
42,540,0,0,0,0.43939411640167236,0.40544286370277405,-0.033951252698898315,unchanged,False
42,542,0,1,0,0.4642561376094818,0.40544286370277405,-0.058813273906707764,improved,False
42,547,0,0,0,0.4383375346660614,0.40544286370277405,-0.032894670963287354,unchanged,False
42,549,0,0,0,0.40380388498306274,0.4490029513835907,0.045199066400527954,unchanged,False
42,557,0,0,0,0.43998193740844727,0.45160767436027527,0.011625736951828003,unchanged,False
42,560,0,0,0,0.42905333638191223,0.4286893308162689,-0.00036400556564331055,unchanged,False
42,561,0,0,0,0.44501739740371704,0.4204624593257904,-0.024554938077926636,unchanged,False
42,562,0,0,0,0.4413248896598816,0.40544286370277405,-0.035882025957107544,unchanged,False
42,563,0,0,0,0.4210700988769531,0.4286893308162689,0.007619231939315796,unchanged,False
42,567,0,0,0,0.44934964179992676,0.4252438545227051,-0.02410578727722168,unchanged,True
42,569,0,0,0,0.44103237986564636,0.4204624593257904,-0.020569920539855957,unchanged,False
42,570,0,0,0,0.4359546899795532,0.4252438545227051,-0.010710835456848145,unchanged,True
42,573,0,0,0,0.43005621433258057,0.45509761571884155,0.025041401386260986,unchanged,False
42,574,0,0,0,0.44284579157829285,0.4286893308162689,-0.014156460762023926,unchanged,False
42,575,0,0,0,0.42947474122047424,0.45509761571884155,0.02562287449836731,unchanged,False
42,576,0,0,0,0.4387657046318054,0.45509761571884155,0.016331911087036133,unchanged,False
42,578,1,1,0,0.48552432656288147,0.3401365280151367,-0.14538779854774475,worsened,False
42,579,1,0,1,0.4439599812030792,0.49201202392578125,0.048052042722702026,improved,True
42,581,1,1,1,0.4809797704219818,0.458114892244339,-0.022864878177642822,unchanged,False
42,582,1,1,0,0.4827435314655304,0.39060357213020325,-0.09213995933532715,worsened,False
42,583,1,0,0,0.4371708929538727,0.3841671347618103,-0.05300375819206238,unchanged,True
42,586,1,0,0,0.4416241943836212,0.41499677300453186,-0.026627421379089355,unchanged,True
42,589,1,0,0,0.45224180817604065,0.3841671347618103,-0.06807467341423035,unchanged,True
42,590,1,1,0,0.47396156191825867,0.3841671347618103,-0.08979442715644836,worsened,True
42,591,1,0,0,0.4402214586734772,0.41499677300453186,-0.025224685668945312,unchanged,True
42,593,1,1,1,0.47148218750953674,0.4654194116592407,-0.0060627758502960205,unchanged,True
42,596,1,1,0,0.4742579460144043,0.3542514443397522,-0.1200065016746521,worsened,False
42,599,1,1,0,0.46506932377815247,0.405943363904953,-0.05912595987319946,worsened,False
42,600,1,1,1,0.46017977595329285,0.4654194116592407,0.005239635705947876,unchanged,True
42,604,1,1,0,0.49307385087013245,0.3841671347618103,-0.10890671610832214,worsened,True
42,609,1,0,0,0.43049222230911255,0.40205273032188416,-0.028439491987228394,unchanged,True
42,611,1,0,0,0.4533804953098297,0.3841671347618103,-0.06921336054801941,unchanged,True
42,618,1,0,0,0.4526683986186981,0.3768148124217987,-0.07585358619689941,unchanged,False
42,619,1,0,0,0.4531264901161194,0.4301142692565918,-0.023012220859527588,unchanged,True
42,620,1,1,0,0.4712720215320587,0.41499677300453186,-0.056275248527526855,worsened,True
42,629,1,0,0,0.4364473521709442,0.39626938104629517,-0.04017797112464905,unchanged,False
42,631,1,1,0,0.4590398967266083,0.3841671347618103,-0.07487276196479797,worsened,True
42,633,1,1,0,0.4592689573764801,0.43288472294807434,-0.02638423442840576,worsened,True
42,634,1,1,1,0.4712193012237549,0.47918254137039185,0.007963240146636963,unchanged,False
42,635,1,1,0,0.4677131175994873,0.34149765968322754,-0.12621545791625977,worsened,True
42,637,1,0,0,0.4365003705024719,0.40702885389328003,-0.029471516609191895,unchanged,True
42,640,1,0,1,0.4461875855922699,0.5303339958190918,0.0841464102268219,improved,False
42,641,1,1,0,0.48039984703063965,0.4176746606826782,-0.06272518634796143,worsened,False
42,645,1,1,0,0.48161396384239197,0.3686034679412842,-0.11301049590110779,worsened,False
42,649,1,1,1,0.48260900378227234,0.4877200722694397,0.005111068487167358,unchanged,False
42,650,1,1,0,0.49564921855926514,0.38956597447395325,-0.10608324408531189,worsened,False
42,653,1,0,0,0.4454541802406311,0.3773883581161499,-0.0680658221244812,unchanged,False
42,656,1,0,0,0.4518328309059143,0.40737849473953247,-0.044454336166381836,unchanged,False
42,657,1,1,0,0.49773097038269043,0.4002772569656372,-0.09745371341705322,worsened,False
42,661,1,1,0,0.48496338725090027,0.37211140990257263,-0.11285197734832764,worsened,False
42,664,1,0,1,0.44274184107780457,0.49707120656967163,0.054329365491867065,improved,True
42,672,1,0,0,0.4366818368434906,0.35647374391555786,-0.08020809292793274,unchanged,True
42,673,1,1,0,0.4579703211784363,0.45538049936294556,-0.0025898218154907227,worsened,True
42,677,1,1,0,0.4612375795841217,0.44608086347579956,-0.015156716108322144,worsened,True
42,683,1,1,1,0.5107513070106506,0.46741631627082825,-0.04333499073982239,unchanged,False
42,685,1,1,0,0.45717546343803406,0.4039832353591919,-0.05319222807884216,worsened,True
42,688,1,1,0,0.46846938133239746,0.3139869272708893,-0.15448245406150818,worsened,True
42,689,1,1,0,0.4659981429576874,0.45438292622566223,-0.011615216732025146,worsened,False
42,693,1,0,0,0.416490375995636,0.33035793900489807,-0.08613243699073792,unchanged,True
42,696,1,0,0,0.4293593466281891,0.44608086347579956,0.016721516847610474,unchanged,True
42,700,1,0,0,0.44321274757385254,0.3841671347618103,-0.059045612812042236,unchanged,True
42,702,1,0,0,0.4201904237270355,0.3597107231616974,-0.060479700565338135,unchanged,False
42,705,1,1,0,0.48131951689720154,0.4272061288356781,-0.05411338806152344,worsened,False
42,708,1,0,0,0.4272189140319824,0.3695402443408966,-0.057678669691085815,unchanged,True
42,710,1,0,0,0.44030460715293884,0.3702671229839325,-0.07003748416900635,unchanged,True
42,711,1,1,0,0.48065051436424255,0.4176746606826782,-0.06297585368156433,worsened,False
42,716,1,1,0,0.46034184098243713,0.4402930736541748,-0.02004876732826233,worsened,False
42,717,1,1,0,0.4613933265209198,0.3841671347618103,-0.0772261917591095,worsened,True
42,720,1,0,0,0.43526512384414673,0.40026405453681946,-0.03500106930732727,unchanged,True
42,721,1,1,0,0.46709346771240234,0.4272061288356781,-0.03988733887672424,worsened,False
42,722,1,1,0,0.4586741328239441,0.3290811777114868,-0.12959295511245728,worsened,False
42,724,1,0,0,0.42191243171691895,0.3989274501800537,-0.022984981536865234,unchanged,True
42,726,1,1,0,0.49166375398635864,0.4176746606826782,-0.07398909330368042,worsened,False
42,727,1,0,1,0.4503335952758789,0.4614375829696655,0.011103987693786621,improved,True
42,728,1,1,1,0.45948702096939087,0.5490871071815491,0.0896000862121582,unchanged,False
42,730,1,0,0,0.44604024291038513,0.3817988932132721,-0.06424134969711304,unchanged,False
42,732,1,1,1,0.4849398732185364,0.4877200722694397,0.0027801990509033203,unchanged,False
42,733,1,1,0,0.47113037109375,0.41402044892311096,-0.05710992217063904,worsened,False
42,735,1,0,0,0.4439191222190857,0.3841671347618103,-0.05975198745727539,unchanged,True
42,736,1,1,0,0.4899311363697052,0.43288472294807434,-0.05704641342163086,worsened,True
42,739,1,1,1,0.45912349224090576,0.5303339958190918,0.07121050357818604,unchanged,False
42,741,1,1,1,0.464616596698761,0.4654194116592407,0.0008028149604797363,unchanged,True
42,744,1,1,0,0.47598856687545776,0.3310481905937195,-0.14494037628173828,worsened,False
42,745,1,1,0,0.47665804624557495,0.4056894779205322,-0.07096856832504272,worsened,False
42,747,1,0,0,0.4519484341144562,0.3401365280151367,-0.11181190609931946,unchanged,False
42,752,1,1,0,0.4703086018562317,0.42037346959114075,-0.04993513226509094,worsened,False
42,759,1,0,1,0.4525565505027771,0.4878399670124054,0.035283416509628296,improved,False
42,760,1,0,0,0.45532289147377014,0.28733280301094055,-0.1679900884628296,unchanged,True
42,761,1,0,0,0.4228568375110626,0.33035793900489807,-0.09249889850616455,unchanged,True
42,762,1,0,0,0.44406625628471375,0.33035793900489807,-0.11370831727981567,unchanged,True
42,766,1,0,0,0.4330092668533325,0.4068269431591034,-0.026182323694229126,unchanged,False
42,777,1,1,0,0.4576431214809418,0.4394817352294922,-0.018161386251449585,worsened,False
42,780,1,1,0,0.47242698073387146,0.3139869272708893,-0.15844005346298218,worsened,True
42,781,1,1,0,0.48235008120536804,0.37338539958000183,-0.10896468162536621,worsened,False
42,782,1,0,0,0.44829291105270386,0.3139869272708893,-0.13430598378181458,unchanged,True
42,786,1,0,1,0.42712002992630005,0.5284780859947205,0.10135805606842041,improved,False
42,787,1,1,0,0.4739168882369995,0.4233248829841614,-0.050592005252838135,worsened,False
42,791,1,0,0,0.4335865080356598,0.3310481905937195,-0.10253831744194031,unchanged,False
42,792,1,1,0,0.47230014204978943,0.28733280301094055,-0.18496733903884888,worsened,True
42,793,1,0,0,0.4374511241912842,0.30442434549331665,-0.13302677869796753,unchanged,True
42,796,1,1,0,0.47432640194892883,0.32120925188064575,-0.15311715006828308,worsened,False
42,797,1,1,0,0.47431808710098267,0.35647374391555786,-0.1178443431854248,worsened,True
42,799,1,0,0,0.42678505182266235,0.30442434549331665,-0.1223607063293457,unchanged,True
42,801,1,0,0,0.4467604160308838,0.31855013966560364,-0.12821027636528015,unchanged,False
42,804,1,1,0,0.4755772650241852,0.4238409399986267,-0.05173632502555847,worsened,False
42,806,1,0,1,0.4481627345085144,0.458114892244339,0.009952157735824585,improved,False
42,808,1,0,0,0.4554174840450287,0.3310481905937195,-0.1243692934513092,unchanged,False
42,810,1,0,0,0.4010448753833771,0.33035793900489807,-0.070686936378479,unchanged,True
42,811,1,0,0,0.44131016731262207,0.3473576009273529,-0.09395256638526917,unchanged,True
42,812,1,0,0,0.43221113085746765,0.2782526910305023,-0.15395843982696533,unchanged,True
42,813,1,0,1,0.4160124361515045,0.5167973637580872,0.10078492760658264,improved,False
42,817,1,0,0,0.44735926389694214,0.40564361214637756,-0.041715651750564575,unchanged,False
42,818,1,1,0,0.5082353949546814,0.35647374391555786,-0.15176165103912354,worsened,True
42,820,1,0,0,0.4545699656009674,0.37546730041503906,-0.07910266518592834,unchanged,True
42,821,1,1,0,0.474751740694046,0.30442434549331665,-0.17032739520072937,worsened,True
42,827,1,0,0,0.40886345505714417,0.32771968841552734,-0.08114376664161682,unchanged,True
42,830,0,0,0,0.4532414674758911,0.4286893308162689,-0.024552136659622192,unchanged,False
42,831,0,0,1,0.42763152718544006,0.4746534526348114,0.04702192544937134,worsened,False
42,834,0,0,1,0.4440234303474426,0.56268310546875,0.11865967512130737,worsened,False
42,837,0,0,1,0.44224926829338074,0.46682000160217285,0.024570733308792114,worsened,False
42,838,0,0,1,0.42476966977119446,0.46626442670822144,0.04149475693702698,worsened,False
42,840,0,0,1,0.42273733019828796,0.5014082193374634,0.07867088913917542,worsened,False
42,846,0,0,0,0.4459020793437958,0.4058428406715393,-0.04005923867225647,unchanged,False
42,850,0,1,0,0.4595813751220703,0.3582461178302765,-0.10133525729179382,improved,False
42,854,0,0,1,0.4348790943622589,0.5174373388290405,0.08255824446678162,worsened,False
42,859,0,1,0,0.4622286856174469,0.4516538381576538,-0.01057484745979309,improved,True
42,862,0,0,0,0.44655677676200867,0.44608086347579956,-0.00047591328620910645,unchanged,True
42,863,0,0,0,0.43896403908729553,0.4039832353591919,-0.03498080372810364,unchanged,True
42,865,0,0,1,0.45581141114234924,0.49299007654190063,0.03717866539955139,worsened,False
42,866,0,0,1,0.4284404516220093,0.49299007654190063,0.06454962491989136,worsened,False
42,867,0,0,0,0.44329196214675903,0.37081068754196167,-0.07248127460479736,unchanged,False
42,868,0,0,1,0.44938868284225464,0.49299007654190063,0.043601393699645996,worsened,False
42,872,0,0,0,0.4452449381351471,0.4039832353591919,-0.0412617027759552,unchanged,True
42,874,0,1,0,0.45793411135673523,0.44608086347579956,-0.011853247880935669,improved,True
42,878,0,0,0,0.4265289008617401,0.38408905267715454,-0.04243984818458557,unchanged,False
42,880,0,0,0,0.43480032682418823,0.43685102462768555,0.0020506978034973145,unchanged,False
42,881,0,1,1,0.4599818289279938,0.4775143563747406,0.017532527446746826,unchanged,False
42,884,0,0,0,0.43191900849342346,0.3139869272708893,-0.11793208122253418,unchanged,True
42,887,0,1,1,0.4703540503978729,0.46495309472084045,-0.005400955677032471,unchanged,False
42,888,0,1,0,0.4647313356399536,0.37337222695350647,-0.09135910868644714,improved,False
42,889,0,0,0,0.41777756810188293,0.33035793900489807,-0.08741962909698486,unchanged,True
42,890,0,0,0,0.44366827607154846,0.3989274501800537,-0.04474082589149475,unchanged,True
42,897,0,0,0,0.4467606246471405,0.45088160037994385,0.004120975732803345,unchanged,True
42,901,0,0,0,0.4299394190311432,0.4190005660057068,-0.010938853025436401,unchanged,False
42,904,0,0,0,0.4343600869178772,0.37149688601493835,-0.06286320090293884,unchanged,False
42,905,0,0,0,0.4514411687850952,0.28733280301094055,-0.16410836577415466,unchanged,True
42,908,0,0,0,0.44966986775398254,0.42475587129592896,-0.02491399645805359,unchanged,False
42,909,0,0,1,0.445088654756546,0.5014082193374634,0.05631956458091736,worsened,False
42,910,0,0,1,0.4325430989265442,0.5014082193374634,0.06886512041091919,worsened,False
42,911,0,0,1,0.45279455184936523,0.4984334707260132,0.04563891887664795,worsened,False
42,912,0,1,0,0.45612579584121704,0.4481546878814697,-0.007971107959747314,improved,True
42,915,0,0,0,0.4515339732170105,0.3462703227996826,-0.10526365041732788,unchanged,True
42,916,0,0,0,0.44753405451774597,0.4015728235244751,-0.045961230993270874,unchanged,False
42,919,0,0,0,0.45378974080085754,0.40026405453681946,-0.053525686264038086,unchanged,True
42,920,0,0,0,0.4172165095806122,0.32052966952323914,-0.09668684005737305,unchanged,True
42,922,0,0,0,0.4541183412075043,0.30442434549331665,-0.14969399571418762,unchanged,True
42,924,0,0,1,0.4242022931575775,0.5307985544204712,0.10659626126289368,worsened,False
42,926,0,0,0,0.4180438220500946,0.4190005660057068,0.0009567439556121826,unchanged,False
42,936,0,0,0,0.4210566282272339,0.36110472679138184,-0.05995190143585205,unchanged,False
42,937,0,0,0,0.44008150696754456,0.36890947818756104,-0.07117202877998352,unchanged,False
42,938,0,0,0,0.4544467031955719,0.3331587314605713,-0.12128797173500061,unchanged,True
42,940,0,0,0,0.4419526159763336,0.2960548400878906,-0.145897775888443,unchanged,True
42,943,0,0,0,0.4422079622745514,0.38209715485572815,-0.06011080741882324,unchanged,False
42,944,0,0,0,0.44547533988952637,0.3031206727027893,-0.14235466718673706,unchanged,False
42,947,0,0,0,0.42655038833618164,0.3720181882381439,-0.05453220009803772,unchanged,False
42,952,0,1,0,0.46410033106803894,0.34149765968322754,-0.1226026713848114,improved,True
42,953,0,1,0,0.46446308493614197,0.3905330002307892,-0.07393008470535278,improved,False
42,954,0,0,0,0.40926888585090637,0.39682915806770325,-0.012439727783203125,unchanged,False
42,956,0,0,0,0.450647234916687,0.3473576009273529,-0.1032896339893341,unchanged,True
42,957,0,0,0,0.43993017077445984,0.4252438545227051,-0.01468631625175476,unchanged,True
42,959,0,0,0,0.39943721890449524,0.3331587314605713,-0.06627848744392395,unchanged,True
42,960,0,0,0,0.4154427945613861,0.3257199823856354,-0.08972281217575073,unchanged,False
42,962,0,1,0,0.4688693583011627,0.3331587314605713,-0.13571062684059143,improved,True
42,965,0,0,0,0.4451775848865509,0.4252438545227051,-0.019933730363845825,unchanged,True
42,968,0,0,0,0.4300091862678528,0.3331587314605713,-0.0968504548072815,unchanged,True
42,970,0,1,0,0.4623276889324188,0.39417600631713867,-0.06815168261528015,improved,False
42,971,0,0,0,0.45399823784828186,0.4252438545227051,-0.028754383325576782,unchanged,True
42,975,0,0,0,0.41323596239089966,0.4049166738986969,-0.008319288492202759,unchanged,False
42,983,0,0,0,0.40848881006240845,0.4049166738986969,-0.003572136163711548,unchanged,False
42,986,0,0,0,0.45429620146751404,0.3571484684944153,-0.09714773297309875,unchanged,True
42,992,0,0,0,0.40610823035240173,0.3793928325176239,-0.026715397834777832,unchanged,False
42,993,0,1,0,0.45643842220306396,0.3793928325176239,-0.07704558968544006,improved,False
42,995,0,0,0,0.42630845308303833,0.4049166738986969,-0.02139177918434143,unchanged,False
42,996,0,0,0,0.41898277401924133,0.4049166738986969,-0.014066100120544434,unchanged,False
42,998,0,0,0,0.45086199045181274,0.3793928325176239,-0.07146915793418884,unchanged,False
42,1000,0,0,0,0.4382655620574951,0.4049166738986969,-0.03334888815879822,unchanged,False
42,1002,0,0,0,0.3939081132411957,0.3793928325176239,-0.014515280723571777,unchanged,False
42,1004,0,0,0,0.43226003646850586,0.3793928325176239,-0.05286720395088196,unchanged,False
42,1007,0,0,0,0.4147002398967743,0.3793928325176239,-0.03530740737915039,unchanged,False
42,1009,0,0,0,0.43192821741104126,0.3793928325176239,-0.05253538489341736,unchanged,False
42,1010,0,0,0,0.44122955203056335,0.4049166738986969,-0.036312878131866455,unchanged,False
42,1011,1,1,0,0.46885085105895996,0.36137422919273376,-0.1074766218662262,worsened,True
123,4,0,1,0,0.4620102345943451,0.36867693066596985,-0.09333330392837524,improved,False
123,7,0,0,0,0.42931440472602844,0.42787545919418335,-0.0014389455318450928,unchanged,False
123,9,0,0,0,0.4368085563182831,0.42787545919418335,-0.008933097124099731,unchanged,False
123,11,0,0,0,0.43342193961143494,0.3941638767719269,-0.03925806283950806,unchanged,True
123,15,0,1,0,0.4780210554599762,0.34940195083618164,-0.12861910462379456,improved,False
123,16,0,1,0,0.4452483654022217,0.4169401228427887,-0.028308242559432983,improved,False
123,21,0,0,0,0.4128948152065277,0.38826772570610046,-0.024627089500427246,unchanged,True
123,24,0,0,0,0.44248104095458984,0.42787545919418335,-0.014605581760406494,unchanged,False
123,29,0,0,0,0.41062015295028687,0.3353842496871948,-0.07523590326309204,unchanged,False
123,32,0,0,0,0.440702348947525,0.42787545919418335,-0.012826889753341675,unchanged,False
123,33,0,1,0,0.45849451422691345,0.3835124671459198,-0.07498204708099365,improved,True
123,35,0,1,0,0.4548162519931793,0.39605194330215454,-0.05876430869102478,improved,False
123,36,0,0,0,0.4247343838214874,0.42787545919418335,0.003141075372695923,unchanged,False
123,39,0,1,0,0.4517422914505005,0.3353842496871948,-0.11635804176330566,improved,False
123,41,0,1,0,0.4474368393421173,0.43628451228141785,-0.011152327060699463,improved,False
123,42,0,0,0,0.4226300120353699,0.4169401228427887,-0.005689889192581177,unchanged,False
123,43,0,0,0,0.3971567451953888,0.31781232357025146,-0.07934442162513733,unchanged,False
123,45,0,0,0,0.4218097925186157,0.31781232357025146,-0.10399746894836426,unchanged,False
123,53,0,0,0,0.42308667302131653,0.3521726131439209,-0.07091405987739563,unchanged,True
123,54,0,0,0,0.43637993931770325,0.3521726131439209,-0.08420732617378235,unchanged,True
123,55,0,0,0,0.423265665769577,0.31781232357025146,-0.10545334219932556,unchanged,False
123,56,0,0,0,0.4184124767780304,0.3521726131439209,-0.0662398636341095,unchanged,True
123,58,0,0,0,0.40690281987190247,0.3521726131439209,-0.05473020672798157,unchanged,True
123,60,0,0,0,0.36144134402275085,0.31781232357025146,-0.04362902045249939,unchanged,False
123,62,0,0,0,0.4038059711456299,0.3283277153968811,-0.07547825574874878,unchanged,False
123,65,0,0,0,0.4065569341182709,0.3521726131439209,-0.054384320974349976,unchanged,True
123,67,0,0,0,0.3813853859901428,0.3276086449623108,-0.05377674102783203,unchanged,True
123,71,0,0,0,0.44328102469444275,0.4392399191856384,-0.004041105508804321,unchanged,False
123,72,0,0,1,0.42073020339012146,0.48239436745643616,0.0616641640663147,worsened,False
123,74,0,0,1,0.4252467751502991,0.49440866708755493,0.06916189193725586,worsened,False
123,79,0,0,0,0.4401053190231323,0.37493234872817993,-0.06517297029495239,unchanged,False
123,84,0,0,1,0.44038125872612,0.4793572425842285,0.03897598385810852,worsened,False
123,86,0,0,0,0.4140914976596832,0.37778785824775696,-0.03630363941192627,unchanged,False
123,87,0,0,1,0.4120444655418396,0.4527157247066498,0.04067125916481018,worsened,False
123,90,0,1,0,0.44955408573150635,0.43628451228141785,-0.013269573450088501,improved,False
123,91,0,1,1,0.4481551945209503,0.49156662821769714,0.043411433696746826,unchanged,False
123,92,0,0,0,0.4226680397987366,0.43128958344459534,0.008621543645858765,unchanged,False
123,97,0,1,0,0.44415283203125,0.3760761320590973,-0.06807669997215271,improved,False
123,98,0,0,0,0.44308674335479736,0.3836759030818939,-0.05941084027290344,unchanged,False
123,100,0,0,1,0.43189480900764465,0.4484734535217285,0.016578644514083862,worsened,False
123,103,0,0,0,0.3991032540798187,0.4392399191856384,0.0401366651058197,unchanged,False
123,104,0,0,0,0.4375668168067932,0.39516720175743103,-0.04239961504936218,unchanged,False
123,107,0,1,0,0.4496232867240906,0.43135592341423035,-0.01826736330986023,improved,False
123,109,0,0,1,0.4053287208080292,0.5472272038459778,0.1418984830379486,worsened,False
123,112,0,0,0,0.4149799942970276,0.3406098186969757,-0.07437017560005188,unchanged,False
123,113,0,1,0,0.4564048647880554,0.32107818126678467,-0.13532668352127075,improved,True
123,114,0,0,0,0.40349090099334717,0.4410130977630615,0.037522196769714355,unchanged,False
123,116,0,1,1,0.47468802332878113,0.49156662821769714,0.016878604888916016,unchanged,False
123,117,0,0,0,0.4147007167339325,0.33949440717697144,-0.07520630955696106,unchanged,False
123,121,0,1,1,0.4574396312236786,0.44913962483406067,-0.00830000638961792,unchanged,True
123,126,0,1,0,0.4516957998275757,0.4237689971923828,-0.02792680263519287,improved,False
123,127,0,0,1,0.4248645007610321,0.4610635042190552,0.03619900345802307,worsened,False
123,129,0,1,1,0.4729621410369873,0.5315147638320923,0.05855262279510498,unchanged,False
123,135,0,1,0,0.4506050646305084,0.3853820264339447,-0.06522303819656372,improved,True
123,136,0,1,1,0.4472073018550873,0.5037268996238708,0.05651959776878357,unchanged,False
123,137,0,1,1,0.45721498131752014,0.4514846205711365,-0.005730360746383667,unchanged,True
123,139,0,0,0,0.44307267665863037,0.36321955919265747,-0.0798531174659729,unchanged,False
123,144,0,0,1,0.41476091742515564,0.4527157247066498,0.03795480728149414,worsened,False
123,145,0,0,1,0.40290144085884094,0.48239436745643616,0.07949292659759521,worsened,False
123,146,0,0,0,0.4397032558917999,0.4422386586666107,0.002535402774810791,unchanged,False
123,147,0,0,1,0.44128912687301636,0.4734079837799072,0.03211885690689087,worsened,False
123,148,0,0,0,0.41006702184677124,0.3406098186969757,-0.06945720314979553,unchanged,False
123,150,0,0,0,0.3892953395843506,0.4410130977630615,0.05171775817871094,unchanged,False
123,152,0,0,0,0.3828090727329254,0.37825140357017517,-0.004557669162750244,unchanged,False
123,159,0,0,0,0.4146277606487274,0.4422386586666107,0.0276108980178833,unchanged,False
123,161,0,0,0,0.40390580892562866,0.4392399191856384,0.035334110260009766,unchanged,False
123,162,0,1,1,0.44903096556663513,0.46180397272109985,0.012773007154464722,unchanged,False
123,168,0,1,1,0.45605897903442383,0.4497031271457672,-0.006355851888656616,unchanged,True
123,169,0,0,1,0.425944060087204,0.48239436745643616,0.05645030736923218,worsened,False
123,172,0,0,0,0.4234978258609772,0.414690762758255,-0.008807063102722168,unchanged,False
123,173,0,1,0,0.461073100566864,0.4392399191856384,-0.021833181381225586,improved,False
123,178,0,0,0,0.3822925090789795,0.4410130977630615,0.05872058868408203,unchanged,False
123,179,0,0,0,0.3837836682796478,0.4410130977630615,0.057229429483413696,unchanged,False
123,180,0,0,0,0.39773741364479065,0.3997482359409332,0.002010822296142578,unchanged,False
123,182,0,0,1,0.38801050186157227,0.4811534285545349,0.09314292669296265,worsened,False
123,183,0,0,0,0.4155622720718384,0.4258918762207031,0.010329604148864746,unchanged,False
123,191,0,0,0,0.3965625464916229,0.3997482359409332,0.0031856894493103027,unchanged,False
123,196,0,0,1,0.4015633165836334,0.4811534285545349,0.07959011197090149,worsened,False
123,197,0,0,0,0.4071716368198395,0.4422386586666107,0.03506702184677124,unchanged,False
123,200,0,0,0,0.4102482497692108,0.4410130977630615,0.030764847993850708,unchanged,False
123,201,0,1,0,0.4462216794490814,0.34906065464019775,-0.09716102480888367,improved,False
123,202,0,0,0,0.42870962619781494,0.3997482359409332,-0.028961390256881714,unchanged,False
123,206,0,0,0,0.42248937487602234,0.3997482359409332,-0.02274113893508911,unchanged,False
123,207,0,0,1,0.39107322692871094,0.4811534285545349,0.09008020162582397,worsened,False
123,208,0,0,1,0.42265036702156067,0.4811534285545349,0.05850306153297424,worsened,False
123,213,0,0,0,0.42288240790367126,0.2838439643383026,-0.13903844356536865,unchanged,False
123,216,0,0,1,0.43608295917510986,0.4527157247066498,0.016632765531539917,worsened,False
123,218,0,0,0,0.43115267157554626,0.4422386586666107,0.011085987091064453,unchanged,False
123,220,0,0,0,0.4340490400791168,0.2838439643383026,-0.1502050757408142,unchanged,False
123,225,0,0,0,0.41508206725120544,0.4422386586666107,0.027156591415405273,unchanged,False
123,227,0,0,0,0.41764524579048157,0.33949440717697144,-0.07815083861351013,unchanged,False
123,228,0,0,0,0.44217830896377563,0.3874244689941406,-0.05475383996963501,unchanged,False
123,231,0,0,0,0.430840402841568,0.3760761320590973,-0.0547642707824707,unchanged,False
123,232,0,0,1,0.41870617866516113,0.4734079837799072,0.054701805114746094,worsened,False
123,239,0,0,1,0.43676748871803284,0.4497031271457672,0.012935638427734375,worsened,True
123,242,0,0,0,0.4208344519138336,0.4422386586666107,0.0214042067527771,unchanged,False
123,243,0,0,1,0.42161503434181213,0.4527157247066498,0.031100690364837646,worsened,False
123,244,0,0,0,0.428595632314682,0.4422386586666107,0.013643026351928711,unchanged,False
123,249,0,0,0,0.41013404726982117,0.3860706686973572,-0.02406337857246399,unchanged,True
123,250,0,1,1,0.458224892616272,0.47235196828842163,0.014127075672149658,unchanged,False
123,251,0,1,1,0.4482250213623047,0.5491886138916016,0.10096359252929688,unchanged,False
123,253,0,0,1,0.4314124882221222,0.48239436745643616,0.050981879234313965,worsened,False
123,254,0,0,0,0.4283205270767212,0.4422386586666107,0.013918131589889526,unchanged,False
123,263,0,1,1,0.45419007539749146,0.49353164434432983,0.03934156894683838,unchanged,False
123,264,0,1,1,0.4453398287296295,0.4616294205188751,0.016289591789245605,unchanged,False
123,269,0,0,0,0.41792574524879456,0.4422386586666107,0.024312913417816162,unchanged,False
123,270,0,0,0,0.39980974793434143,0.4422386586666107,0.04242891073226929,unchanged,False
123,271,0,0,0,0.41118234395980835,0.3860706686973572,-0.025111675262451172,unchanged,True
123,272,0,0,0,0.39029237627983093,0.4422386586666107,0.051946282386779785,unchanged,False
123,274,0,1,0,0.45702698826789856,0.4422386586666107,-0.014788329601287842,improved,False
123,276,0,1,1,0.4543449580669403,0.4622003734111786,0.007855415344238281,unchanged,False
123,279,0,0,1,0.4195905327796936,0.44919249415397644,0.029601961374282837,worsened,True
123,280,0,0,1,0.4383533000946045,0.46465441584587097,0.02630111575126648,worsened,False
123,281,0,0,0,0.40724363923072815,0.4422386586666107,0.03499501943588257,unchanged,False
123,282,0,1,0,0.45744588971138,0.37322574853897095,-0.08422014117240906,improved,False
123,283,0,0,0,0.368987500667572,0.3406098186969757,-0.028377681970596313,unchanged,False
123,285,0,0,0,0.3872869908809662,0.4422386586666107,0.05495166778564453,unchanged,False
123,290,0,0,1,0.40585222840309143,0.48239436745643616,0.07654213905334473,worsened,False
123,292,0,0,1,0.4125710725784302,0.4839826822280884,0.0714116096496582,worsened,True
123,297,0,0,0,0.4293844401836395,0.41223224997520447,-0.01715219020843506,unchanged,False
123,299,0,0,1,0.42187801003456116,0.5454589128494263,0.12358090281486511,worsened,True
123,303,0,0,0,0.4203876852989197,0.3406098186969757,-0.07977786660194397,unchanged,False
123,308,0,0,1,0.4201274514198303,0.44919249415397644,0.029065042734146118,worsened,True
123,310,0,0,0,0.43987202644348145,0.4422386586666107,0.0023666322231292725,unchanged,False
123,312,0,0,0,0.4253755807876587,0.3406098186969757,-0.08476576209068298,unchanged,False
123,314,0,0,0,0.4313413202762604,0.3860706686973572,-0.0452706515789032,unchanged,True
123,320,0,0,0,0.40199294686317444,0.3760761320590973,-0.02591681480407715,unchanged,False
123,321,0,0,0,0.4095313847064972,0.4422386586666107,0.032707273960113525,unchanged,False
123,322,0,1,1,0.46701931953430176,0.5021601319313049,0.035140812397003174,unchanged,False
123,327,0,0,0,0.42968833446502686,0.4387316107749939,0.009043276309967041,unchanged,False
123,328,0,0,1,0.41955435276031494,0.5257887840270996,0.10623443126678467,worsened,True
123,331,0,0,0,0.4309445321559906,0.4422386586666107,0.011294126510620117,unchanged,False
123,336,0,0,1,0.4139260947704315,0.48188573122024536,0.06795963644981384,worsened,False
123,338,0,1,0,0.4482869803905487,0.4387316107749939,-0.00955536961555481,improved,False
123,339,0,0,0,0.42220255732536316,0.3848932981491089,-0.03730925917625427,unchanged,False
123,340,0,0,1,0.42916932702064514,0.5021601319313049,0.07299080491065979,worsened,False
123,341,0,1,1,0.46600762009620667,0.44774889945983887,-0.018258720636367798,unchanged,True
123,343,0,1,1,0.4493449926376343,0.5021601319313049,0.052815139293670654,unchanged,False
123,345,0,0,0,0.420171856880188,0.4392399191856384,0.01906806230545044,unchanged,False
123,348,0,0,0,0.429306298494339,0.35443806648254395,-0.07486823201179504,unchanged,True
123,349,0,0,0,0.43353331089019775,0.37778785824775696,-0.055745452642440796,unchanged,False
123,350,0,0,0,0.4227413237094879,0.3406098186969757,-0.08213150501251221,unchanged,False
123,352,0,1,0,0.45354729890823364,0.3749105930328369,-0.07863670587539673,improved,False
123,358,0,0,1,0.4300507605075836,0.4682123363018036,0.03816157579421997,worsened,True
123,359,0,0,0,0.4110018014907837,0.4422386586666107,0.031236857175827026,unchanged,False
123,360,0,0,1,0.42388492822647095,0.49156662821769714,0.0676816999912262,worsened,False
123,362,0,1,0,0.4535923898220062,0.36551597714424133,-0.08807641267776489,improved,True
123,364,0,0,0,0.4209773540496826,0.3406098186969757,-0.08036753535270691,unchanged,False
123,366,0,0,1,0.42851054668426514,0.48540839552879333,0.0568978488445282,worsened,True
123,368,0,1,0,0.4807746708393097,0.3831910789012909,-0.0975835919380188,improved,True
123,371,0,0,1,0.419894814491272,0.48939549922943115,0.06950068473815918,worsened,False
123,372,0,0,0,0.4267331063747406,0.4422386586666107,0.015505552291870117,unchanged,False
123,382,0,0,0,0.41461262106895447,0.4422386586666107,0.02762603759765625,unchanged,False
123,386,0,1,0,0.4666745066642761,0.35443806648254395,-0.11223644018173218,improved,True
123,391,0,0,0,0.42815160751342773,0.3776033818721771,-0.05054822564125061,unchanged,False
123,397,0,0,0,0.42228803038597107,0.4422386586666107,0.01995062828063965,unchanged,False
123,400,0,1,1,0.4467950165271759,0.4839826822280884,0.037187665700912476,unchanged,True
123,401,0,0,1,0.39392390847206116,0.4497031271457672,0.055779218673706055,worsened,True
123,403,0,0,0,0.4410906434059143,0.4422386586666107,0.0011480152606964111,unchanged,False
123,405,0,1,0,0.4440753161907196,0.4422386586666107,-0.0018366575241088867,improved,False
123,408,0,0,1,0.42907842993736267,0.4497031271457672,0.02062469720840454,worsened,True
123,409,0,0,0,0.41360029578208923,0.4392399191856384,0.025639623403549194,unchanged,False
123,411,0,0,0,0.4282960295677185,0.34480252861976624,-0.08349350094795227,unchanged,False
123,414,0,0,1,0.4061795473098755,0.47755274176597595,0.07137319445610046,worsened,False
123,415,0,0,1,0.4039404094219208,0.48540839552879333,0.08146798610687256,worsened,True
123,417,0,0,1,0.4119362235069275,0.4458558261394501,0.03391960263252258,worsened,False
123,418,0,0,1,0.41075077652931213,0.4823700785636902,0.07161930203437805,worsened,True
123,421,0,0,0,0.4068949222564697,0.4392399191856384,0.0323449969291687,unchanged,False
123,425,0,0,1,0.41498705744743347,0.48239436745643616,0.06740731000900269,worsened,False
123,428,0,1,0,0.4454210698604584,0.3836759030818939,-0.06174516677856445,improved,False
123,433,0,1,1,0.46257877349853516,0.47755274176597595,0.014973968267440796,unchanged,False
123,435,0,0,0,0.42031437158584595,0.4239358901977539,0.003621518611907959,unchanged,True
123,439,0,1,1,0.44836756587028503,0.4527157247066498,0.004348158836364746,unchanged,False
123,443,0,0,0,0.4209204614162445,0.4392399191856384,0.01831945776939392,unchanged,False
123,444,0,0,0,0.41079869866371155,0.4422386586666107,0.03143996000289917,unchanged,False
123,445,0,0,0,0.4030092656612396,0.4422386586666107,0.039229393005371094,unchanged,False
123,451,0,0,1,0.42195484042167664,0.5179373025894165,0.09598246216773987,worsened,False
123,454,0,0,0,0.4169439375400543,0.4422386586666107,0.025294721126556396,unchanged,False
123,457,0,0,0,0.42711323499679565,0.4422386586666107,0.015125423669815063,unchanged,False
123,460,0,0,0,0.42212584614753723,0.4422386586666107,0.020112812519073486,unchanged,False
123,462,0,0,1,0.44155532121658325,0.48239436745643616,0.040839046239852905,worsened,False
123,465,0,0,1,0.4382365643978119,0.4497031271457672,0.011466562747955322,worsened,True
123,469,0,0,0,0.42864376306533813,0.4392399191856384,0.010596156120300293,unchanged,False
123,471,0,0,0,0.4048766493797302,0.3735438883304596,-0.03133276104927063,unchanged,False
123,472,0,0,0,0.41829362511634827,0.3735438883304596,-0.04474973678588867,unchanged,False
123,478,0,0,0,0.4113273620605469,0.3949432075023651,-0.016384154558181763,unchanged,True
123,480,0,0,0,0.40760454535484314,0.36318808794021606,-0.044416457414627075,unchanged,False
123,481,0,1,0,0.4532839357852936,0.4343036413192749,-0.018980294466018677,improved,False
123,483,0,1,1,0.4577428996562958,0.4497031271457672,-0.008039772510528564,unchanged,True
123,486,0,1,0,0.4498736560344696,0.3860706686973572,-0.06380298733711243,improved,True
123,491,0,1,1,0.48362085223197937,0.4839826822280884,0.0003618299961090088,unchanged,True
123,492,0,0,0,0.43506431579589844,0.3760761320590973,-0.05898818373680115,unchanged,False
123,505,0,0,1,0.4024803936481476,0.48239436745643616,0.07991397380828857,worsened,False
123,511,0,0,0,0.41655367612838745,0.37825140357017517,-0.03830227255821228,unchanged,False
123,517,0,1,0,0.46266335248947144,0.41223224997520447,-0.05043110251426697,improved,False
123,524,0,0,0,0.41498541831970215,0.41223224997520447,-0.0027531683444976807,unchanged,False
123,525,0,1,0,0.4526226222515106,0.3835124671459198,-0.06911015510559082,improved,True
123,527,0,0,0,0.40184286236763,0.31781232357025146,-0.08403053879737854,unchanged,False
123,528,0,0,1,0.4121820330619812,0.4518705904483795,0.039688557386398315,worsened,False
123,532,0,0,0,0.4332529902458191,0.3306393325328827,-0.1026136577129364,unchanged,True
123,535,0,1,0,0.44665729999542236,0.42787545919418335,-0.018781840801239014,improved,False
123,536,0,0,0,0.42780327796936035,0.407573401927948,-0.020229876041412354,unchanged,False
123,537,0,0,0,0.4256995618343353,0.4422386586666107,0.01653909683227539,unchanged,False
123,540,0,0,1,0.41985559463500977,0.4527157247066498,0.032860130071640015,worsened,False
123,542,0,1,1,0.4642268121242523,0.4527157247066498,-0.011511087417602539,unchanged,False
123,547,0,0,1,0.4275180995464325,0.4527157247066498,0.025197625160217285,worsened,False
123,549,0,0,1,0.3860228359699249,0.47755274176597595,0.09152990579605103,worsened,False
123,557,0,0,0,0.4099379777908325,0.40773534774780273,-0.002202630043029785,unchanged,False
123,560,0,0,1,0.4038439691066742,0.48239436745643616,0.07855039834976196,worsened,False
123,561,0,0,0,0.43487587571144104,0.4422386586666107,0.007362782955169678,unchanged,False
123,562,0,0,1,0.43184155225753784,0.4527157247066498,0.02087417244911194,worsened,False
123,563,0,0,1,0.3990055322647095,0.48239436745643616,0.08338883519172668,worsened,False
123,567,0,0,1,0.4284716844558716,0.513786792755127,0.08531510829925537,worsened,True
123,569,0,0,0,0.39921438694000244,0.4422386586666107,0.043024271726608276,unchanged,False
123,570,0,0,1,0.4050575792789459,0.513786792755127,0.10872921347618103,worsened,True
123,573,0,0,0,0.42814555764198303,0.37778785824775696,-0.050357699394226074,unchanged,False
123,574,0,0,1,0.43614211678504944,0.48239436745643616,0.04625225067138672,worsened,False
123,575,0,0,0,0.4027568995952606,0.37778785824775696,-0.024969041347503662,unchanged,False
123,576,0,0,0,0.4218445122241974,0.37778785824775696,-0.04405665397644043,unchanged,False
123,578,1,1,0,0.4907272160053253,0.39032283425331116,-0.10040438175201416,worsened,False
123,579,1,1,1,0.4449223577976227,0.44913962483406067,0.004217267036437988,unchanged,True
123,581,1,1,1,0.4660276472568512,0.459352970123291,-0.006674677133560181,unchanged,False
123,582,1,1,0,0.4586663544178009,0.3221517503261566,-0.1365146040916443,worsened,False
123,583,1,1,0,0.45182567834854126,0.427964448928833,-0.023861229419708252,worsened,True
123,586,1,0,1,0.43746212124824524,0.4809449017047882,0.04348278045654297,improved,True
123,589,1,0,0,0.43647801876068115,0.427964448928833,-0.008513569831848145,unchanged,True
123,590,1,1,0,0.4519912898540497,0.427964448928833,-0.024026840925216675,worsened,True
123,591,1,1,1,0.44742679595947266,0.4809449017047882,0.03351810574531555,unchanged,True
123,593,1,1,1,0.48682549595832825,0.533513069152832,0.046687573194503784,unchanged,True
123,596,1,1,1,0.4652300179004669,0.47287631034851074,0.007646292448043823,unchanged,False
123,599,1,1,0,0.47064000368118286,0.4009573757648468,-0.06968262791633606,worsened,False
123,600,1,1,1,0.4494590163230896,0.533513069152832,0.08405405282974243,unchanged,True
123,604,1,1,0,0.4987010061740875,0.427964448928833,-0.07073655724525452,worsened,True
123,609,1,1,1,0.44443660974502563,0.4839826822280884,0.039546072483062744,unchanged,True
123,611,1,0,0,0.42688167095184326,0.427964448928833,0.001082777976989746,unchanged,True
123,618,1,0,1,0.4116133451461792,0.4454691410064697,0.03385579586029053,improved,False
123,619,1,1,1,0.45275700092315674,0.47037604451179504,0.017619043588638306,unchanged,True
123,620,1,1,1,0.45560139417648315,0.4809449017047882,0.025343507528305054,unchanged,True
123,629,1,0,1,0.3993935286998749,0.4774365723133087,0.07804304361343384,improved,False
123,631,1,1,0,0.4473467469215393,0.427964448928833,-0.0193822979927063,worsened,True
123,633,1,0,1,0.43815600872039795,0.49599871039390564,0.05784270167350769,improved,True
123,634,1,1,1,0.4690099358558655,0.49798253178596497,0.028972595930099487,unchanged,False
123,635,1,1,0,0.4751659333705902,0.35443806648254395,-0.12072786688804626,worsened,True
123,637,1,0,1,0.424620658159256,0.45737650990486145,0.03275585174560547,improved,True
123,640,1,0,1,0.441419392824173,0.5504380464553833,0.10901865363121033,improved,False
123,641,1,1,1,0.4812215268611908,0.4720584750175476,-0.009163051843643188,unchanged,False
123,645,1,1,0,0.4834315776824951,0.3539615273475647,-0.12947005033493042,worsened,False
123,649,1,1,1,0.4973911643028259,0.46434029936790466,-0.033050864934921265,unchanged,False
123,650,1,1,0,0.5102052688598633,0.40089643001556396,-0.10930883884429932,worsened,False
123,653,1,0,0,0.43404337763786316,0.331630140542984,-0.10241323709487915,unchanged,False
123,656,1,1,1,0.455961138010025,0.4596666395664215,0.0037055015563964844,unchanged,False
123,657,1,1,0,0.4932324290275574,0.4384116530418396,-0.05482077598571777,worsened,False
123,661,1,1,0,0.48149824142456055,0.37697890400886536,-0.10451933741569519,worsened,False
123,664,1,0,1,0.4314039647579193,0.5454589128494263,0.11405494809150696,improved,True
123,672,1,0,0,0.442474901676178,0.42305925488471985,-0.01941564679145813,unchanged,True
123,673,1,1,1,0.444464772939682,0.4682123363018036,0.023747563362121582,unchanged,True
123,677,1,1,1,0.4641173481941223,0.49295756220817566,0.028840214014053345,unchanged,True
123,683,1,1,1,0.5005262494087219,0.5404794216156006,0.03995317220687866,unchanged,False
123,685,1,1,1,0.465557336807251,0.4909830689430237,0.025425732135772705,unchanged,True
123,688,1,1,0,0.4447760283946991,0.33164912462234497,-0.11312690377235413,worsened,True
123,689,1,1,0,0.44423601031303406,0.43481630086898804,-0.00941970944404602,worsened,False
123,693,1,0,0,0.39751896262168884,0.3835124671459198,-0.014006495475769043,unchanged,True
123,696,1,0,1,0.42113202810287476,0.49295756220817566,0.0718255341053009,improved,True
123,700,1,0,0,0.4367603063583374,0.427964448928833,-0.008795857429504395,unchanged,True
123,702,1,0,0,0.4301218092441559,0.3927326202392578,-0.03738918900489807,unchanged,False
123,705,1,1,1,0.4443720579147339,0.5207831263542175,0.07641106843948364,unchanged,False
123,708,1,0,0,0.3979705274105072,0.3853820264339447,-0.0125885009765625,unchanged,True
123,710,1,0,0,0.4362187385559082,0.3831910789012909,-0.05302765965461731,unchanged,True
123,711,1,1,1,0.48161277174949646,0.4720584750175476,-0.009554296731948853,unchanged,False
123,716,1,1,0,0.4489767253398895,0.3697265684604645,-0.07925015687942505,worsened,False
123,717,1,1,0,0.47261714935302734,0.427964448928833,-0.044652700424194336,worsened,True
123,720,1,0,0,0.4359149932861328,0.38170325756073,-0.05421173572540283,unchanged,True
123,721,1,0,1,0.44351866841316223,0.5207831263542175,0.0772644579410553,improved,False
123,722,1,1,0,0.46573418378829956,0.3192116320133209,-0.14652255177497864,worsened,False
123,724,1,0,0,0.4028736650943756,0.4176231026649475,0.0147494375705719,unchanged,True
123,726,1,1,1,0.4731321632862091,0.4720584750175476,-0.001073688268661499,unchanged,False
123,727,1,0,1,0.4277298152446747,0.4823700785636902,0.0546402633190155,improved,True
123,728,1,1,1,0.46254879236221313,0.45893192291259766,-0.0036168694496154785,unchanged,False
123,730,1,1,0,0.461027592420578,0.38502660393714905,-0.07600098848342896,worsened,False
123,732,1,1,1,0.4775581359863281,0.46434029936790466,-0.013217836618423462,unchanged,False
123,733,1,1,1,0.4615134596824646,0.4474047124385834,-0.014108747243881226,unchanged,False
123,735,1,0,0,0.40919193625450134,0.427964448928833,0.018772512674331665,unchanged,True
123,736,1,1,1,0.46290481090545654,0.49599871039390564,0.0330938994884491,unchanged,True
123,739,1,0,1,0.43500736355781555,0.5504380464553833,0.11543068289756775,improved,False
123,741,1,1,1,0.4457627534866333,0.533513069152832,0.08775031566619873,unchanged,True
123,744,1,1,0,0.4970584213733673,0.3813255727291107,-0.11573284864425659,worsened,False
123,745,1,1,1,0.4767642021179199,0.5214613080024719,0.044697105884552,unchanged,False
123,747,1,0,0,0.4432123303413391,0.39032283425331116,-0.052889496088027954,unchanged,False
123,752,1,1,1,0.47028303146362305,0.4566464424133301,-0.013636589050292969,unchanged,False
123,759,1,1,0,0.4643546938896179,0.44206270575523376,-0.022291988134384155,worsened,False
123,760,1,1,0,0.4745130240917206,0.32107818126678467,-0.1534348428249359,worsened,True
123,761,1,0,0,0.4306466579437256,0.3835124671459198,-0.047134190797805786,unchanged,True
123,762,1,0,0,0.42167022824287415,0.3835124671459198,-0.038157761096954346,unchanged,True
123,766,1,0,1,0.4258725941181183,0.49217841029167175,0.06630581617355347,improved,False
123,777,1,1,1,0.4721791446208954,0.49714362621307373,0.024964481592178345,unchanged,False
123,780,1,1,0,0.4874361753463745,0.33164912462234497,-0.15578705072402954,worsened,True
123,781,1,1,0,0.4719372093677521,0.38015368580818176,-0.09178352355957031,worsened,False
123,782,1,0,0,0.436410516500473,0.33164912462234497,-0.10476139187812805,unchanged,True
123,786,1,0,1,0.4063858389854431,0.4541248381137848,0.047738999128341675,improved,False
123,787,1,1,1,0.4671595096588135,0.5308409929275513,0.06368148326873779,unchanged,False
123,791,1,0,0,0.43691250681877136,0.3813255727291107,-0.055586934089660645,unchanged,False
123,792,1,1,0,0.4729394316673279,0.32107818126678467,-0.1518612504005432,worsened,True
123,793,1,1,0,0.46908408403396606,0.3497490882873535,-0.11933499574661255,worsened,True
123,796,1,1,0,0.48489511013031006,0.40051203966140747,-0.08438307046890259,worsened,False
123,797,1,1,0,0.48643583059310913,0.42305925488471985,-0.06337657570838928,worsened,True
123,799,1,0,0,0.42746999859809875,0.3497490882873535,-0.07772091031074524,unchanged,True
123,801,1,0,1,0.4344537556171417,0.46462494134902954,0.030171185731887817,improved,False
123,804,1,1,0,0.468782514333725,0.3938542306423187,-0.07492828369140625,worsened,False
123,806,1,1,1,0.4529014527797699,0.459352970123291,0.006451517343521118,unchanged,False
123,808,1,1,0,0.465818852186203,0.3813255727291107,-0.08449327945709229,worsened,False
123,810,1,0,0,0.4182036221027374,0.3835124671459198,-0.03469115495681763,unchanged,True
123,811,1,0,0,0.44326215982437134,0.4407733976840973,-0.002488762140274048,unchanged,True
123,812,1,0,0,0.4284592568874359,0.3388938009738922,-0.0895654559135437,unchanged,True
123,813,1,0,1,0.42234352231025696,0.48291757702827454,0.06057405471801758,improved,False
123,817,1,0,0,0.43430402874946594,0.3413667380809784,-0.09293729066848755,unchanged,False
123,818,1,1,0,0.5001227855682373,0.42305925488471985,-0.07706353068351746,worsened,True
123,820,1,1,0,0.44591957330703735,0.3306393325328827,-0.11528024077415466,worsened,True
123,821,1,1,0,0.4809644818305969,0.3497490882873535,-0.1312153935432434,worsened,True
123,827,1,0,0,0.40586814284324646,0.3941638767719269,-0.01170426607131958,unchanged,True
123,830,0,0,1,0.42998436093330383,0.48239436745643616,0.052410006523132324,worsened,False
123,831,0,0,1,0.41193726658821106,0.4811534285545349,0.06921616196632385,worsened,False
123,834,0,0,0,0.4349142014980316,0.435179203748703,0.0002650022506713867,unchanged,False
123,837,0,0,0,0.4383064806461334,0.3997288942337036,-0.03857758641242981,unchanged,False
123,838,0,0,0,0.41683271527290344,0.4410130977630615,0.02418038249015808,unchanged,False
123,840,0,0,0,0.41657736897468567,0.3766203224658966,-0.03995704650878906,unchanged,False
123,846,0,0,0,0.4427494704723358,0.43858134746551514,-0.004168123006820679,unchanged,False
123,850,0,1,0,0.4574766755104065,0.3726004362106323,-0.08487623929977417,improved,False
123,854,0,0,1,0.44092991948127747,0.5069605708122253,0.06603065133094788,worsened,False
123,859,0,0,1,0.4362357556819916,0.44919249415397644,0.012956738471984863,worsened,True
123,862,0,0,1,0.44205692410469055,0.49295756220817566,0.05090063810348511,worsened,True
123,863,0,0,1,0.4074608385562897,0.4909830689430237,0.08352223038673401,worsened,True
123,865,0,0,0,0.42506977915763855,0.33949440717697144,-0.08557537198066711,unchanged,False
123,866,0,0,0,0.4153083264827728,0.33949440717697144,-0.07581391930580139,unchanged,False
123,867,0,1,0,0.45513394474983215,0.4127509593963623,-0.04238298535346985,improved,False
123,868,0,0,0,0.3949601948261261,0.33949440717697144,-0.05546578764915466,unchanged,False
123,872,0,1,1,0.47250622510910034,0.4909830689430237,0.01847684383392334,unchanged,True
123,874,0,0,1,0.4425123333930969,0.49295756220817566,0.050445228815078735,worsened,True
123,878,0,0,0,0.41357365250587463,0.37539443373680115,-0.038179218769073486,unchanged,False
123,880,0,0,0,0.44325003027915955,0.43607237935066223,-0.0071776509284973145,unchanged,False
123,881,0,0,0,0.4336002469062805,0.34906065464019775,-0.08453959226608276,unchanged,False
123,884,0,0,0,0.4120977520942688,0.33164912462234497,-0.08044862747192383,unchanged,True
123,887,0,1,1,0.4552464783191681,0.4461842477321625,-0.009062230587005615,unchanged,False
123,888,0,0,0,0.4414166510105133,0.3848629891872406,-0.056553661823272705,unchanged,False
123,889,0,0,0,0.4104387164115906,0.3835124671459198,-0.026926249265670776,unchanged,True
123,890,0,0,0,0.4174645245075226,0.4176231026649475,0.00015857815742492676,unchanged,True
123,897,0,0,1,0.43213793635368347,0.4514846205711365,0.019346684217453003,worsened,True
123,901,0,0,1,0.41867414116859436,0.47542300820350647,0.05674886703491211,worsened,False
123,904,0,0,0,0.42303845286369324,0.37825140357017517,-0.044787049293518066,unchanged,False
123,905,0,0,0,0.4289243817329407,0.32107818126678467,-0.107846200466156,unchanged,True
123,908,0,0,0,0.42298004031181335,0.4134849011898041,-0.009495139122009277,unchanged,False
123,909,0,0,0,0.42003604769706726,0.3766203224658966,-0.043415725231170654,unchanged,False
123,910,0,0,0,0.41985464096069336,0.3766203224658966,-0.04323431849479675,unchanged,False
123,911,0,1,1,0.450190931558609,0.5488027334213257,0.09861180186271667,unchanged,False
123,912,0,0,1,0.4112373888492584,0.48540839552879333,0.07417100667953491,worsened,True
123,915,0,1,0,0.4502488672733307,0.4428425431251526,-0.007406324148178101,improved,True
123,916,0,0,0,0.4109668433666229,0.3848932981491089,-0.026073545217514038,unchanged,False
123,919,0,0,0,0.4428196847438812,0.38170325756073,-0.061116427183151245,unchanged,True
123,920,0,0,0,0.41962930560112,0.4027373492717743,-0.016891956329345703,unchanged,True
123,922,0,0,0,0.4258270263671875,0.3497490882873535,-0.07607793807983398,unchanged,True
123,924,0,0,1,0.4102858304977417,0.5039194226264954,0.09363359212875366,worsened,False
123,926,0,0,1,0.41302353143692017,0.47542300820350647,0.062399476766586304,worsened,False
123,936,0,0,0,0.40815970301628113,0.397382527589798,-0.010777175426483154,unchanged,False
123,937,0,1,0,0.4488373398780823,0.43665385246276855,-0.01218348741531372,improved,False
123,938,0,1,0,0.4631963074207306,0.3521726131439209,-0.11102369427680969,improved,True
123,940,0,1,0,0.4479275643825531,0.3376445174217224,-0.11028304696083069,improved,True
123,943,0,0,0,0.41526228189468384,0.2925366163253784,-0.12272566556930542,unchanged,False
123,944,0,0,0,0.43408578634262085,0.37468278408050537,-0.05940300226211548,unchanged,False
123,947,0,1,0,0.45948442816734314,0.33927643299102783,-0.12020799517631531,improved,False
123,952,0,1,0,0.4585053622722626,0.35443806648254395,-0.10406729578971863,improved,True
123,953,0,1,0,0.4729575216770172,0.42908602952957153,-0.04387149214744568,improved,False
123,954,0,0,0,0.42184343934059143,0.2838439643383026,-0.13799947500228882,unchanged,False
123,956,0,0,0,0.4406120181083679,0.4407733976840973,0.00016137957572937012,unchanged,True
123,957,0,0,1,0.43479037284851074,0.513786792755127,0.07899641990661621,worsened,True
123,959,0,0,0,0.4074660837650299,0.3521726131439209,-0.05529347062110901,unchanged,True
123,960,0,0,0,0.4180963933467865,0.31623417139053345,-0.10186222195625305,unchanged,False
123,962,0,1,0,0.47134214639663696,0.3521726131439209,-0.11916953325271606,improved,True
123,965,0,0,1,0.43065452575683594,0.513786792755127,0.08313226699829102,worsened,True
123,968,0,0,0,0.4166729748249054,0.3521726131439209,-0.0645003616809845,unchanged,True
123,970,0,1,0,0.45228949189186096,0.33553630113601685,-0.11675319075584412,improved,False
123,971,0,0,1,0.43977099657058716,0.513786792755127,0.0740157961845398,worsened,True
123,975,0,0,0,0.3868553042411804,0.31781232357025146,-0.06904298067092896,unchanged,False
123,983,0,0,0,0.3931199908256531,0.31781232357025146,-0.07530766725540161,unchanged,False
123,986,0,0,0,0.42728832364082336,0.38826772570610046,-0.0390205979347229,unchanged,True
123,992,0,0,0,0.3998463451862335,0.4169401228427887,0.017093777656555176,unchanged,False
123,993,0,1,0,0.45858559012413025,0.4169401228427887,-0.04164546728134155,improved,False
123,995,0,0,0,0.41525790095329285,0.31781232357025146,-0.09744557738304138,unchanged,False
123,996,0,0,0,0.4125092923641205,0.31781232357025146,-0.09469696879386902,unchanged,False
123,998,0,0,0,0.4429813325405121,0.4169401228427887,-0.02604120969772339,unchanged,False
123,1000,0,0,0,0.4169244170188904,0.31781232357025146,-0.09911209344863892,unchanged,False
123,1002,0,0,0,0.40581372380256653,0.4169401228427887,0.011126399040222168,unchanged,False
123,1004,0,0,0,0.3999786078929901,0.4169401228427887,0.016961514949798584,unchanged,False
123,1007,0,0,0,0.40879687666893005,0.4169401228427887,0.008143246173858643,unchanged,False
123,1009,0,0,0,0.4268238842487335,0.4169401228427887,-0.009883761405944824,unchanged,False
123,1010,0,0,0,0.4127715528011322,0.31781232357025146,-0.09495922923088074,unchanged,False
123,1011,1,0,0,0.43150609731674194,0.3703993558883667,-0.061106741428375244,unchanged,True
2026,4,0,1,0,0.479573518037796,0.3472723364830017,-0.1323011815547943,improved,False
2026,7,0,0,0,0.43426090478897095,0.4061645567417145,-0.02809634804725647,unchanged,False
2026,9,0,0,0,0.42997464537620544,0.4061645567417145,-0.023810088634490967,unchanged,False
2026,11,0,1,0,0.4621502161026001,0.3193337917327881,-0.142816424369812,improved,True
2026,15,0,1,1,0.4909631013870239,0.518092155456543,0.027129054069519043,unchanged,False
2026,16,0,0,0,0.43851998448371887,0.41037774085998535,-0.02814224362373352,unchanged,False
2026,21,0,1,0,0.44997701048851013,0.32229042053222656,-0.12768658995628357,improved,True
2026,24,0,1,0,0.4627790153026581,0.4061645567417145,-0.056614458560943604,improved,False
2026,29,0,1,0,0.47540366649627686,0.3358308970928192,-0.13957276940345764,improved,False
2026,32,0,1,0,0.47137439250946045,0.4061645567417145,-0.06520983576774597,improved,False
2026,33,0,1,0,0.4644400179386139,0.32313641905784607,-0.14130359888076782,improved,True
2026,35,0,1,0,0.4647285044193268,0.4001891016960144,-0.06453940272331238,improved,False
2026,36,0,1,0,0.4663596451282501,0.4061645567417145,-0.060195088386535645,improved,False
2026,39,0,1,0,0.46004441380500793,0.3358308970928192,-0.12421351671218872,improved,False
2026,41,0,1,0,0.44660037755966187,0.36536967754364014,-0.08123070001602173,improved,False
2026,42,0,0,0,0.4297775328159332,0.41037774085998535,-0.019399791955947876,unchanged,False
2026,43,0,0,1,0.41540029644966125,0.5244142413139343,0.10901394486427307,worsened,False
2026,45,0,0,1,0.4441993236541748,0.5244142413139343,0.08021491765975952,worsened,False
2026,53,0,1,0,0.44801458716392517,0.42956459522247314,-0.018449991941452026,improved,True
2026,54,0,1,0,0.45350679755210876,0.42956459522247314,-0.02394220232963562,improved,True
2026,55,0,0,1,0.42609232664108276,0.5244142413139343,0.09832191467285156,worsened,False
2026,56,0,0,0,0.444617360830307,0.42956459522247314,-0.015052765607833862,unchanged,True
2026,58,0,1,0,0.4635245203971863,0.42956459522247314,-0.033959925174713135,improved,True
2026,60,0,0,1,0.42790427803993225,0.5244142413139343,0.09650996327400208,worsened,False
2026,62,0,0,1,0.43526506423950195,0.5357550382614136,0.10048997402191162,worsened,False
2026,65,0,0,0,0.41291940212249756,0.42956459522247314,0.016645193099975586,unchanged,True
2026,67,0,1,1,0.44755300879478455,0.5200629234313965,0.07250991463661194,unchanged,True
2026,71,0,0,0,0.42225876450538635,0.4222041070461273,-5.46574592590332e-05,unchanged,False
2026,72,0,0,0,0.41908541321754456,0.4194554090499878,0.0003699958324432373,unchanged,False
2026,74,0,0,0,0.4078208804130554,0.4305814504623413,0.02276057004928589,unchanged,False
2026,79,0,0,1,0.43809154629707336,0.6203790307044983,0.18228748440742493,worsened,False
2026,84,0,0,1,0.4400188624858856,0.5077540874481201,0.0677352249622345,worsened,False
2026,86,0,0,1,0.41402050852775574,0.5337309837341309,0.11971047520637512,worsened,False
2026,87,0,0,0,0.38567161560058594,0.33051183819770813,-0.05515977740287781,unchanged,False
2026,90,0,0,0,0.435068279504776,0.36536967754364014,-0.06969860196113586,unchanged,False
2026,91,0,1,0,0.4663470983505249,0.3825763165950775,-0.08377078175544739,improved,False
2026,92,0,0,0,0.3953933119773865,0.43943437933921814,0.044041067361831665,unchanged,False
2026,97,0,0,0,0.41602328419685364,0.3564091622829437,-0.05961412191390991,unchanged,False
2026,98,0,0,0,0.4124317765235901,0.33046436309814453,-0.08196741342544556,unchanged,False
2026,100,0,1,0,0.4480290412902832,0.4138226807117462,-0.03420636057853699,improved,False
2026,103,0,0,0,0.41356855630874634,0.4222041070461273,0.008635550737380981,unchanged,False
2026,104,0,0,0,0.42364463210105896,0.36118608713150024,-0.062458544969558716,unchanged,False
2026,107,0,1,0,0.46532610058784485,0.3662675619125366,-0.09905853867530823,improved,False
2026,109,0,0,0,0.4095824360847473,0.42899397015571594,0.019411534070968628,unchanged,False
2026,112,0,0,1,0.40737587213516235,0.44778570532798767,0.04040983319282532,worsened,False
2026,113,0,0,0,0.44130954146385193,0.3406005799770355,-0.1007089614868164,unchanged,True
2026,114,0,0,0,0.43576565384864807,0.3389219641685486,-0.09684368968009949,unchanged,False
2026,116,0,1,0,0.4847455620765686,0.3825763165950775,-0.10216924548149109,improved,False
2026,117,0,0,1,0.4044383764266968,0.4481956958770752,0.04375731945037842,worsened,False
2026,121,0,0,0,0.42913874983787537,0.3010210692882538,-0.12811768054962158,unchanged,True
2026,126,0,1,0,0.45462265610694885,0.31006476283073425,-0.1445578932762146,improved,False
2026,127,0,0,0,0.40005406737327576,0.3106868267059326,-0.08936724066734314,unchanged,False
2026,129,0,0,0,0.4331638813018799,0.38967010378837585,-0.04349377751350403,unchanged,False
2026,135,0,0,0,0.4369969367980957,0.40438249707221985,-0.032614439725875854,unchanged,True
2026,136,0,0,0,0.4308525621891022,0.38953331112861633,-0.04131925106048584,unchanged,False
2026,137,0,0,0,0.4168549180030823,0.3308787941932678,-0.08597612380981445,unchanged,True
2026,139,0,0,0,0.41531193256378174,0.4407552480697632,0.025443315505981445,unchanged,False
2026,144,0,0,0,0.4005650281906128,0.33051183819770813,-0.07005318999290466,unchanged,False
2026,145,0,0,0,0.4001714885234833,0.4194554090499878,0.019283920526504517,unchanged,False
2026,146,0,0,0,0.4072049856185913,0.3385505974292755,-0.0686543881893158,unchanged,False
2026,147,0,0,0,0.41012492775917053,0.3803255558013916,-0.02979937195777893,unchanged,False
2026,148,0,0,1,0.42061156034469604,0.44778570532798767,0.027174144983291626,worsened,False
2026,150,0,0,0,0.40363964438438416,0.3389219641685486,-0.06471768021583557,unchanged,False
2026,152,0,0,0,0.3986690938472748,0.33022788166999817,-0.06844121217727661,unchanged,False
2026,159,0,0,0,0.41282224655151367,0.3385505974292755,-0.07427164912223816,unchanged,False
2026,161,0,0,0,0.39428067207336426,0.4222041070461273,0.02792343497276306,unchanged,False
2026,162,0,0,0,0.4215488135814667,0.35554414987564087,-0.0660046637058258,unchanged,False
2026,168,0,0,0,0.4232977628707886,0.41342052817344666,-0.009877234697341919,unchanged,True
2026,169,0,0,0,0.4178445339202881,0.4194554090499878,0.001610875129699707,unchanged,False
2026,172,0,0,0,0.40963348746299744,0.43875083327293396,0.029117345809936523,unchanged,False
2026,173,0,0,0,0.4378966987133026,0.4222041070461273,-0.015692591667175293,unchanged,False
2026,178,0,0,0,0.39039143919944763,0.3389219641685486,-0.05146947503089905,unchanged,False
2026,179,0,0,0,0.40314728021621704,0.3389219641685486,-0.06422531604766846,unchanged,False
2026,180,0,0,0,0.42346030473709106,0.33231449127197266,-0.09114581346511841,unchanged,False
2026,182,0,0,0,0.39311209321022034,0.41985923051834106,0.026747137308120728,unchanged,False
2026,183,0,0,0,0.4281105101108551,0.3737829029560089,-0.05432760715484619,unchanged,False
2026,191,0,0,0,0.40621161460876465,0.33231449127197266,-0.07389712333679199,unchanged,False
2026,196,0,0,0,0.3904379606246948,0.41985923051834106,0.02942126989364624,unchanged,False
2026,197,0,0,0,0.4094533622264862,0.3385505974292755,-0.0709027647972107,unchanged,False
2026,200,0,0,0,0.38934242725372314,0.3389219641685486,-0.05042046308517456,unchanged,False
2026,201,0,0,0,0.4331969618797302,0.43928253650665283,0.006085574626922607,unchanged,False
2026,202,0,0,0,0.4090140163898468,0.33231449127197266,-0.07669952511787415,unchanged,False
2026,206,0,0,0,0.40045198798179626,0.33231449127197266,-0.06813749670982361,unchanged,False
2026,207,0,0,0,0.3939060866832733,0.41985923051834106,0.02595314383506775,unchanged,False
2026,208,0,0,0,0.40441280603408813,0.41985923051834106,0.01544642448425293,unchanged,False
2026,213,0,0,0,0.41115033626556396,0.43855810165405273,0.02740776538848877,unchanged,False
2026,216,0,0,0,0.41451942920684814,0.33051183819770813,-0.08400759100914001,unchanged,False
2026,218,0,0,0,0.4000638425350189,0.3385505974292755,-0.06151324510574341,unchanged,False
2026,220,0,0,0,0.408762127161026,0.43855810165405273,0.029795974493026733,unchanged,False
2026,225,0,0,0,0.4121423065662384,0.3385505974292755,-0.07359170913696289,unchanged,False
2026,227,0,0,1,0.4082038402557373,0.4481956958770752,0.03999185562133789,worsened,False
2026,228,0,1,0,0.44794487953186035,0.3669198155403137,-0.08102506399154663,improved,False
2026,231,0,0,0,0.40930554270744324,0.3564091622829437,-0.05289638042449951,unchanged,False
2026,232,0,0,0,0.39804646372795105,0.3803255558013916,-0.017720907926559448,unchanged,False
2026,239,0,0,0,0.4240892827510834,0.41342052817344666,-0.010668754577636719,unchanged,True
2026,242,0,0,0,0.41598019003868103,0.3385505974292755,-0.07742959260940552,unchanged,False
2026,243,0,0,0,0.3854351043701172,0.33051183819770813,-0.05492326617240906,unchanged,False
2026,244,0,0,0,0.3888340890407562,0.3385505974292755,-0.05028349161148071,unchanged,False
2026,249,0,0,0,0.4093831777572632,0.34816959500312805,-0.06121358275413513,unchanged,True
2026,250,0,0,0,0.43435290455818176,0.3473138213157654,-0.08703908324241638,unchanged,False
2026,251,0,0,1,0.44289544224739075,0.4716883897781372,0.02879294753074646,worsened,False
2026,253,0,0,0,0.4224962592124939,0.4194554090499878,-0.0030408501625061035,unchanged,False
2026,254,0,0,0,0.39955300092697144,0.3385505974292755,-0.06100240349769592,unchanged,False
2026,263,0,0,0,0.434892475605011,0.3852311372756958,-0.049661338329315186,unchanged,False
2026,264,0,0,0,0.42697158455848694,0.4245035648345947,-0.002468019723892212,unchanged,False
2026,269,0,0,0,0.38981080055236816,0.3385505974292755,-0.05126020312309265,unchanged,False
2026,270,0,0,0,0.3811379671096802,0.3385505974292755,-0.04258736968040466,unchanged,False
2026,271,0,0,0,0.4269956946372986,0.34816959500312805,-0.07882609963417053,unchanged,True
2026,272,0,0,0,0.39479860663414,0.3385505974292755,-0.0562480092048645,unchanged,False
2026,274,0,0,0,0.42573609948158264,0.3385505974292755,-0.08718550205230713,unchanged,False
2026,276,0,0,0,0.4167829155921936,0.34321579337120056,-0.07356712222099304,unchanged,False
2026,279,0,0,0,0.4158271551132202,0.357084184885025,-0.05874297022819519,unchanged,True
2026,280,0,0,0,0.40501654148101807,0.34066301584243774,-0.06435352563858032,unchanged,False
2026,281,0,0,0,0.39129140973091125,0.3385505974292755,-0.05274081230163574,unchanged,False
2026,282,0,1,0,0.4548233449459076,0.4415298402309418,-0.01329350471496582,improved,False
2026,283,0,0,1,0.41280749440193176,0.44778570532798767,0.03497821092605591,worsened,False
2026,285,0,0,0,0.4112216830253601,0.3385505974292755,-0.0726710855960846,unchanged,False
2026,290,0,0,0,0.41498059034347534,0.4194554090499878,0.004474818706512451,unchanged,False
2026,292,0,0,0,0.4192522168159485,0.3718525171279907,-0.047399699687957764,unchanged,True
2026,297,0,0,0,0.4369543790817261,0.3369074761867523,-0.10004690289497375,unchanged,False
2026,299,0,0,0,0.4218049943447113,0.4285878837108612,0.006782889366149902,unchanged,True
2026,303,0,0,1,0.43512213230133057,0.44778570532798767,0.012663573026657104,worsened,False
2026,308,0,0,0,0.41997185349464417,0.357084184885025,-0.06288766860961914,unchanged,True
2026,310,0,0,0,0.4369484782218933,0.3385505974292755,-0.0983978807926178,unchanged,False
2026,312,0,0,1,0.44035565853118896,0.44778570532798767,0.007430046796798706,worsened,False
2026,314,0,0,0,0.43350493907928467,0.34816959500312805,-0.08533534407615662,unchanged,True
2026,320,0,0,0,0.407808393239975,0.3564091622829437,-0.05139923095703125,unchanged,False
2026,321,0,0,0,0.3962729275226593,0.3385505974292755,-0.05772233009338379,unchanged,False
2026,322,0,0,0,0.4269501268863678,0.37408336997032166,-0.05286675691604614,unchanged,False
2026,327,0,0,0,0.40796202421188354,0.3654164671897888,-0.04254555702209473,unchanged,False
2026,328,0,0,1,0.4044850170612335,0.47554805874824524,0.07106304168701172,worsened,True
2026,331,0,0,0,0.4188203811645508,0.3385505974292755,-0.08026978373527527,unchanged,False
2026,336,0,0,0,0.42948225140571594,0.3603160083293915,-0.06916624307632446,unchanged,False
2026,338,0,0,0,0.44333329796791077,0.3654164671897888,-0.07791683077812195,unchanged,False
2026,339,0,0,0,0.4270913898944855,0.34854593873023987,-0.0785454511642456,unchanged,False
2026,340,0,1,0,0.4486408531665802,0.37408336997032166,-0.07455748319625854,improved,False
2026,341,0,0,0,0.43968936800956726,0.3313687741756439,-0.10832059383392334,unchanged,True
2026,343,0,1,0,0.4602554142475128,0.37408336997032166,-0.08617204427719116,improved,False
2026,345,0,0,0,0.42035722732543945,0.4222041070461273,0.0018468797206878662,unchanged,False
2026,348,0,0,0,0.4024418294429779,0.29158905148506165,-0.11085277795791626,unchanged,True
2026,349,0,0,1,0.4400003254413605,0.5337309837341309,0.09373065829277039,worsened,False
2026,350,0,0,1,0.42511850595474243,0.44778570532798767,0.02266719937324524,worsened,False
2026,352,0,0,0,0.4436298608779907,0.35678958892822266,-0.08684027194976807,unchanged,False
2026,358,0,1,0,0.4494701027870178,0.39749032258987427,-0.051979780197143555,improved,True
2026,359,0,0,0,0.41176483035087585,0.3385505974292755,-0.07321423292160034,unchanged,False
2026,360,0,0,0,0.4360608458518982,0.3825763165950775,-0.05348452925682068,unchanged,False
2026,362,0,0,0,0.42706504464149475,0.30108240246772766,-0.1259826421737671,unchanged,True
2026,364,0,0,1,0.4442315101623535,0.44778570532798767,0.0035541951656341553,worsened,False
2026,366,0,0,0,0.41285771131515503,0.39111292362213135,-0.02174478769302368,unchanged,True
2026,368,0,0,0,0.4427167773246765,0.4326452612876892,-0.010071516036987305,unchanged,True
2026,371,0,0,0,0.43714672327041626,0.3181206285953522,-0.11902609467506409,unchanged,False
2026,372,0,0,0,0.39783456921577454,0.3385505974292755,-0.05928397178649902,unchanged,False
2026,382,0,0,0,0.391619473695755,0.3385505974292755,-0.05306887626647949,unchanged,False
2026,386,0,0,0,0.43665847182273865,0.29158905148506165,-0.145069420337677,unchanged,True
2026,391,0,0,0,0.4313809275627136,0.3054412007331848,-0.1259397268295288,unchanged,False
2026,397,0,0,0,0.42461833357810974,0.3385505974292755,-0.08606773614883423,unchanged,False
2026,400,0,0,0,0.43799200654029846,0.3718525171279907,-0.06613948941230774,unchanged,True
2026,401,0,0,0,0.42433303594589233,0.41342052817344666,-0.010912507772445679,unchanged,True
2026,403,0,1,0,0.44734930992126465,0.3385505974292755,-0.10879871249198914,improved,False
2026,405,0,0,0,0.42694637179374695,0.3385505974292755,-0.08839577436447144,unchanged,False
2026,408,0,0,0,0.42423585057258606,0.41342052817344666,-0.010815322399139404,unchanged,True
2026,409,0,0,0,0.408841997385025,0.4222041070461273,0.013362109661102295,unchanged,False
2026,411,0,0,0,0.43548962473869324,0.29910406470298767,-0.13638556003570557,unchanged,False
2026,414,0,0,0,0.4011882245540619,0.3453117311000824,-0.05587649345397949,unchanged,False
2026,415,0,0,0,0.435129314661026,0.39111292362213135,-0.04401639103889465,unchanged,True
2026,417,0,1,0,0.45010069012641907,0.40361329913139343,-0.046487390995025635,improved,False
2026,418,0,0,1,0.42981308698654175,0.47836142778396606,0.048548340797424316,worsened,True
2026,421,0,0,0,0.4334476888179779,0.4222041070461273,-0.011243581771850586,unchanged,False
2026,425,0,0,0,0.4231131970882416,0.4194554090499878,-0.003657788038253784,unchanged,False
2026,428,0,0,0,0.4385973811149597,0.33046436309814453,-0.10813301801681519,unchanged,False
2026,433,0,0,0,0.43066027760505676,0.3453117311000824,-0.08534854650497437,unchanged,False
2026,435,0,0,0,0.4382348656654358,0.430528849363327,-0.007706016302108765,unchanged,True
2026,439,0,1,0,0.45409002900123596,0.33051183819770813,-0.12357819080352783,improved,False
2026,443,0,0,0,0.4297485053539276,0.4222041070461273,-0.007544398307800293,unchanged,False
2026,444,0,0,0,0.40761199593544006,0.3385505974292755,-0.06906139850616455,unchanged,False
2026,445,0,0,0,0.3845542073249817,0.3385505974292755,-0.04600360989570618,unchanged,False
2026,451,0,0,0,0.3978431522846222,0.4267897605895996,0.028946608304977417,unchanged,False
2026,454,0,0,0,0.4082186818122864,0.3385505974292755,-0.06966808438301086,unchanged,False
2026,457,0,0,0,0.41313135623931885,0.3385505974292755,-0.07458075881004333,unchanged,False
2026,460,0,0,0,0.404693067073822,0.3385505974292755,-0.06614246964454651,unchanged,False
2026,462,0,0,0,0.42614153027534485,0.4194554090499878,-0.006686121225357056,unchanged,False
2026,465,0,0,0,0.42882683873176575,0.41342052817344666,-0.015406310558319092,unchanged,True
2026,469,0,0,0,0.41128411889076233,0.4222041070461273,0.01091998815536499,unchanged,False
2026,471,0,0,0,0.42937055230140686,0.3310844600200653,-0.09828609228134155,unchanged,False
2026,472,0,0,0,0.4383007287979126,0.3310844600200653,-0.10721626877784729,unchanged,False
2026,478,0,1,0,0.48642483353614807,0.33317381143569946,-0.1532510221004486,improved,True
2026,480,0,0,0,0.4193679690361023,0.43119385838508606,0.011825889348983765,unchanged,False
2026,481,0,1,0,0.46387943625450134,0.423148512840271,-0.04073092341423035,improved,False
2026,483,0,0,0,0.4373391568660736,0.41342052817344666,-0.023918628692626953,unchanged,True
2026,486,0,1,0,0.4506814181804657,0.34816959500312805,-0.10251182317733765,improved,True
2026,491,0,0,0,0.4445284903049469,0.3718525171279907,-0.07267597317695618,unchanged,True
2026,492,0,0,0,0.40808987617492676,0.3564091622829437,-0.05168071389198303,unchanged,False
2026,505,0,0,0,0.44338259100914,0.4194554090499878,-0.02392718195915222,unchanged,False
2026,511,0,0,0,0.40713006258010864,0.33022788166999817,-0.07690218091011047,unchanged,False
2026,517,0,1,0,0.46330997347831726,0.3369074761867523,-0.12640249729156494,improved,False
2026,524,0,0,0,0.41765856742858887,0.3369074761867523,-0.08075109124183655,unchanged,False
2026,525,0,1,0,0.4603688716888428,0.32313641905784607,-0.1372324526309967,improved,True
2026,527,0,0,1,0.42348989844322205,0.5244142413139343,0.10092434287071228,worsened,False
2026,528,0,0,0,0.4289775490760803,0.41766753792762756,-0.011310011148452759,unchanged,False
2026,532,0,0,0,0.44320887327194214,0.3011850118637085,-0.14202386140823364,unchanged,True
2026,535,0,1,0,0.4469086825847626,0.4061645567417145,-0.040744125843048096,improved,False
2026,536,0,0,0,0.43818455934524536,0.326842337846756,-0.11134222149848938,unchanged,False
2026,537,0,0,0,0.40725573897361755,0.3385505974292755,-0.06870514154434204,unchanged,False
2026,540,0,0,0,0.4345352053642273,0.33051183819770813,-0.10402336716651917,unchanged,False
2026,542,0,1,0,0.4604932367801666,0.33051183819770813,-0.1299813985824585,improved,False
2026,547,0,0,0,0.43121060729026794,0.33051183819770813,-0.10069876909255981,unchanged,False
2026,549,0,0,0,0.41726869344711304,0.3453117311000824,-0.07195696234703064,unchanged,False
2026,557,0,0,1,0.42768043279647827,0.5785253047943115,0.15084487199783325,worsened,False
2026,560,0,0,0,0.418335884809494,0.4194554090499878,0.0011195242404937744,unchanged,False
2026,561,0,0,0,0.4371998906135559,0.3385505974292755,-0.0986492931842804,unchanged,False
2026,562,0,0,0,0.42560237646102905,0.33051183819770813,-0.09509053826332092,unchanged,False
2026,563,0,0,0,0.41851240396499634,0.4194554090499878,0.0009430050849914551,unchanged,False
2026,567,0,1,1,0.4628700911998749,0.4642072916030884,0.001337200403213501,unchanged,True
2026,569,0,0,0,0.4175703227519989,0.3385505974292755,-0.07901972532272339,unchanged,False
2026,570,0,0,1,0.41270050406455994,0.4642072916030884,0.05150678753852844,worsened,True
2026,573,0,0,1,0.43223249912261963,0.5337309837341309,0.10149848461151123,worsened,False
2026,574,0,0,0,0.437730997800827,0.4194554090499878,-0.018275588750839233,unchanged,False
2026,575,0,0,1,0.43206557631492615,0.5337309837341309,0.10166540741920471,worsened,False
2026,576,0,0,1,0.43866032361984253,0.5337309837341309,0.09507066011428833,worsened,False
2026,578,1,1,0,0.45649993419647217,0.3414846658706665,-0.11501526832580566,worsened,False
2026,579,1,0,0,0.43210938572883606,0.3010210692882538,-0.13108831644058228,unchanged,True
2026,581,1,1,0,0.47418421506881714,0.3887304365634918,-0.08545377850532532,worsened,False
2026,582,1,1,0,0.461175799369812,0.3750494420528412,-0.08612635731697083,worsened,False
2026,583,1,1,0,0.4684808552265167,0.4013192653656006,-0.06716158986091614,worsened,True
2026,586,1,0,1,0.40417179465293884,0.45803654193878174,0.053864747285842896,improved,True
2026,589,1,1,0,0.46024778485298157,0.4013192653656006,-0.05892851948738098,worsened,True
2026,590,1,1,0,0.4669560492038727,0.4013192653656006,-0.0656367838382721,worsened,True
2026,591,1,1,1,0.44724366068840027,0.45803654193878174,0.01079288125038147,unchanged,True
2026,593,1,1,0,0.4471772015094757,0.4174755811691284,-0.02970162034034729,worsened,True
2026,596,1,1,1,0.4484914243221283,0.47552576661109924,0.027034342288970947,unchanged,False
2026,599,1,1,0,0.46762487292289734,0.4165002703666687,-0.05112460255622864,worsened,False
2026,600,1,1,0,0.45255106687545776,0.4174755811691284,-0.035075485706329346,worsened,True
2026,604,1,1,0,0.465328186750412,0.4013192653656006,-0.0640089213848114,worsened,True
2026,609,1,0,0,0.4206269681453705,0.3718525171279907,-0.04877445101737976,unchanged,True
2026,611,1,0,0,0.4073440134525299,0.4013192653656006,-0.006024748086929321,unchanged,True
2026,618,1,0,1,0.42905813455581665,0.48384565114974976,0.054787516593933105,improved,False
2026,619,1,0,1,0.43532297015190125,0.4670133590698242,0.031690388917922974,improved,True
2026,620,1,1,1,0.48042044043540955,0.45803654193878174,-0.022383898496627808,unchanged,True
2026,629,1,0,1,0.42313259840011597,0.5004135966300964,0.07728099822998047,improved,False
2026,631,1,0,0,0.4244171380996704,0.4013192653656006,-0.023097872734069824,unchanged,True
2026,633,1,0,0,0.4262128472328186,0.38254794478416443,-0.043664902448654175,unchanged,True
2026,634,1,1,1,0.47154709696769714,0.4912330210208893,0.01968592405319214,unchanged,False
2026,635,1,1,0,0.4559061825275421,0.29158905148506165,-0.16431713104248047,worsened,True
2026,637,1,0,1,0.441278874874115,0.4952227771282196,0.053943902254104614,improved,True
2026,640,1,1,1,0.44513919949531555,0.45017415285110474,0.005034953355789185,unchanged,False
2026,641,1,1,1,0.4674764573574066,0.4489365816116333,-0.018539875745773315,unchanged,False
2026,645,1,1,0,0.4840147793292999,0.36726781725883484,-0.11674696207046509,worsened,False
2026,649,1,1,0,0.4873178005218506,0.38781115412712097,-0.09950664639472961,worsened,False
2026,650,1,1,0,0.4784890115261078,0.39961668848991394,-0.07887232303619385,worsened,False
2026,653,1,0,0,0.4391895532608032,0.30213120579719543,-0.1370583474636078,unchanged,False
2026,656,1,0,0,0.4421239197254181,0.3415329158306122,-0.10059100389480591,unchanged,False
2026,657,1,1,0,0.47517403960227966,0.38566944003105164,-0.08950459957122803,worsened,False
2026,661,1,1,0,0.47086334228515625,0.39557045698165894,-0.07529288530349731,worsened,False
2026,664,1,0,0,0.3973083198070526,0.4285878837108612,0.031279563903808594,unchanged,True
2026,672,1,1,0,0.45258432626724243,0.4022494852542877,-0.05033484101295471,worsened,True
2026,673,1,0,0,0.43739989399909973,0.39749032258987427,-0.039909571409225464,unchanged,True
2026,677,1,1,1,0.4503108263015747,0.46935856342315674,0.01904773712158203,unchanged,True
2026,683,1,1,0,0.46301665902137756,0.42953598499298096,-0.033480674028396606,worsened,False
2026,685,1,1,0,0.4749378561973572,0.3834625482559204,-0.09147530794143677,worsened,True
2026,688,1,0,0,0.44153398275375366,0.35089924931526184,-0.09063473343849182,unchanged,True
2026,689,1,0,0,0.44401776790618896,0.3606252074241638,-0.08339256048202515,unchanged,False
2026,693,1,0,0,0.43853768706321716,0.32313641905784607,-0.1154012680053711,unchanged,True
2026,696,1,0,1,0.44091325998306274,0.46935856342315674,0.028445303440093994,improved,True
2026,700,1,1,0,0.4565409719944,0.4013192653656006,-0.05522170662879944,worsened,True
2026,702,1,1,0,0.4607113301753998,0.35946330428123474,-0.10124802589416504,worsened,False
2026,705,1,1,1,0.44651830196380615,0.47651341557502747,0.029995113611221313,unchanged,False
2026,708,1,0,0,0.3819827139377594,0.40438249707221985,0.02239978313446045,unchanged,True
2026,710,1,0,0,0.42945238947868347,0.4326452612876892,0.0031928718090057373,unchanged,True
2026,711,1,1,1,0.47852903604507446,0.4489365816116333,-0.029592454433441162,unchanged,False
2026,716,1,1,0,0.48186013102531433,0.33726412057876587,-0.14459601044654846,worsened,False
2026,717,1,0,0,0.4366714358329773,0.4013192653656006,-0.03535217046737671,unchanged,True
2026,720,1,1,0,0.44498154520988464,0.39464545249938965,-0.050336092710494995,worsened,True
2026,721,1,0,1,0.4304462969303131,0.47651341557502747,0.046067118644714355,improved,False
2026,722,1,1,1,0.4517844617366791,0.45309239625930786,0.0013079345226287842,unchanged,False
2026,724,1,0,0,0.438549667596817,0.4100254476070404,-0.02852421998977661,unchanged,True
2026,726,1,1,1,0.48170340061187744,0.4489365816116333,-0.03276681900024414,unchanged,False
2026,727,1,0,1,0.40316101908683777,0.47836142778396606,0.0752004086971283,improved,True
2026,728,1,1,0,0.4640258550643921,0.3345572054386139,-0.1294686496257782,worsened,False
2026,730,1,1,0,0.45223790407180786,0.348771333694458,-0.10346657037734985,worsened,False
2026,732,1,1,0,0.4558389186859131,0.38781115412712097,-0.06802776455879211,worsened,False
2026,733,1,1,0,0.45778730511665344,0.41946548223495483,-0.03832182288169861,worsened,False
2026,735,1,0,0,0.4115447998046875,0.4013192653656006,-0.010225534439086914,unchanged,True
2026,736,1,1,0,0.4452793598175049,0.38254794478416443,-0.06273141503334045,worsened,True
2026,739,1,1,1,0.45773202180862427,0.45017415285110474,-0.007557868957519531,unchanged,False
2026,741,1,1,0,0.46604815125465393,0.4174755811691284,-0.04857257008552551,worsened,True
2026,744,1,1,0,0.4825606644153595,0.3490484058856964,-0.13351225852966309,worsened,False
2026,745,1,1,0,0.4809207022190094,0.39015746116638184,-0.09076324105262756,worsened,False
2026,747,1,1,0,0.47087496519088745,0.3414846658706665,-0.12939029932022095,worsened,False
2026,752,1,1,0,0.4724434018135071,0.4254493713378906,-0.046994030475616455,worsened,False
2026,759,1,1,0,0.4692271649837494,0.32534730434417725,-0.14387986063957214,worsened,False
2026,760,1,1,0,0.46227896213531494,0.3406005799770355,-0.12167838215827942,worsened,True
2026,761,1,1,0,0.47114133834838867,0.32313641905784607,-0.1480049192905426,worsened,True
2026,762,1,0,0,0.4321679472923279,0.32313641905784607,-0.10903152823448181,unchanged,True
2026,766,1,1,1,0.4654834270477295,0.45407864451408386,-0.01140478253364563,unchanged,False
2026,777,1,1,0,0.48794180154800415,0.3749900460243225,-0.11295175552368164,worsened,False
2026,780,1,1,0,0.46472084522247314,0.35089924931526184,-0.1138215959072113,worsened,True
2026,781,1,1,0,0.46779558062553406,0.3494252860546112,-0.11837029457092285,worsened,False
2026,782,1,1,0,0.4701828956604004,0.35089924931526184,-0.11928364634513855,worsened,True
2026,786,1,1,0,0.4573017656803131,0.34288477897644043,-0.11441698670387268,worsened,False
2026,787,1,1,0,0.48069068789482117,0.4063415825366974,-0.07434910535812378,worsened,False
2026,791,1,1,0,0.4670394957065582,0.3490484058856964,-0.11799108982086182,worsened,False
2026,792,1,1,0,0.4760081470012665,0.3406005799770355,-0.13540756702423096,worsened,True
2026,793,1,1,0,0.45832914113998413,0.3556431531906128,-0.10268598794937134,worsened,True
2026,796,1,1,0,0.4937382936477661,0.35378095507621765,-0.13995733857154846,worsened,False
2026,797,1,1,0,0.48807790875434875,0.4022494852542877,-0.08582842350006104,worsened,True
2026,799,1,1,0,0.478835791349411,0.3556431531906128,-0.12319263815879822,worsened,True
2026,801,1,1,1,0.46086958050727844,0.5008620619773865,0.03999248147010803,unchanged,False
2026,804,1,1,0,0.4872147738933563,0.2848687767982483,-0.20234599709510803,worsened,False
2026,806,1,1,0,0.480173259973526,0.3887304365634918,-0.09144282341003418,worsened,False
2026,808,1,1,0,0.47953060269355774,0.3490484058856964,-0.13048219680786133,worsened,False
2026,810,1,1,0,0.44554710388183594,0.32313641905784607,-0.12241068482398987,worsened,True
2026,811,1,1,0,0.4717136025428772,0.4260008931159973,-0.04571270942687988,worsened,True
2026,812,1,1,0,0.45725512504577637,0.3452793061733246,-0.11197581887245178,worsened,True
2026,813,1,1,0,0.450726717710495,0.4046781063079834,-0.0460486114025116,worsened,False
2026,817,1,1,0,0.459689736366272,0.3108537495136261,-0.14883598685264587,worsened,False
2026,818,1,1,0,0.47709736227989197,0.4022494852542877,-0.07484787702560425,worsened,True
2026,820,1,1,0,0.4640207588672638,0.3011850118637085,-0.1628357470035553,worsened,True
2026,821,1,1,0,0.484973669052124,0.3556431531906128,-0.12933051586151123,worsened,True
2026,827,1,0,0,0.42043766379356384,0.3193337917327881,-0.10110387206077576,unchanged,True
2026,830,0,0,0,0.4375111162662506,0.4194554090499878,-0.018055707216262817,unchanged,False
2026,831,0,0,0,0.4356773793697357,0.41985923051834106,-0.015818148851394653,unchanged,False
2026,834,0,1,1,0.476151704788208,0.5770024657249451,0.10085076093673706,unchanged,False
2026,837,0,1,1,0.4548005759716034,0.5500826835632324,0.09528210759162903,unchanged,False
2026,838,0,1,0,0.4560431241989136,0.3389219641685486,-0.11712116003036499,improved,False
2026,840,0,0,1,0.4337311089038849,0.5341435670852661,0.10041245818138123,worsened,False
2026,846,0,1,0,0.4489273130893707,0.3538934886455536,-0.09503382444381714,improved,False
2026,850,0,1,0,0.47235357761383057,0.37210613489151,-0.10024744272232056,improved,False
2026,854,0,0,0,0.4332468509674072,0.34735018014907837,-0.08589667081832886,unchanged,False
2026,859,0,0,0,0.44242265820503235,0.357084184885025,-0.08533847332000732,unchanged,True
2026,862,0,0,1,0.43287497758865356,0.46935856342315674,0.036483585834503174,worsened,True
2026,863,0,0,0,0.42332738637924194,0.3834625482559204,-0.03986483812332153,unchanged,True
2026,865,0,0,1,0.43239712715148926,0.4481956958770752,0.015798568725585938,worsened,False
2026,866,0,0,1,0.43271884322166443,0.4481956958770752,0.015476852655410767,worsened,False
2026,867,0,0,0,0.4419655501842499,0.4109620153903961,-0.03100353479385376,unchanged,False
2026,868,0,0,1,0.4152817726135254,0.4481956958770752,0.032913923263549805,worsened,False
2026,872,0,1,0,0.47339969873428345,0.3834625482559204,-0.08993715047836304,improved,True
2026,874,0,1,1,0.45036524534225464,0.46935856342315674,0.0189933180809021,unchanged,True
2026,878,0,0,0,0.3971146047115326,0.41310927271842957,0.015994668006896973,unchanged,False
2026,880,0,1,0,0.45188894867897034,0.33978965878486633,-0.112099289894104,improved,False
2026,881,0,0,0,0.4279702603816986,0.43928253650665283,0.011312276124954224,unchanged,False
2026,884,0,1,0,0.456880122423172,0.35089924931526184,-0.10598087310791016,improved,True
2026,887,0,0,0,0.4324336349964142,0.44225528836250305,0.009821653366088867,unchanged,False
2026,888,0,0,0,0.43668246269226074,0.34124431014060974,-0.095438152551651,unchanged,False
2026,889,0,0,0,0.43757888674736023,0.32313641905784607,-0.11444246768951416,unchanged,True
2026,890,0,0,0,0.422728568315506,0.4100254476070404,-0.012703120708465576,unchanged,True
2026,897,0,0,0,0.4315984547138214,0.3308787941932678,-0.10071966052055359,unchanged,True
2026,901,0,0,0,0.42966705560684204,0.40069299936294556,-0.028974056243896484,unchanged,False
2026,904,0,0,0,0.4213904142379761,0.33022788166999817,-0.0911625325679779,unchanged,False
2026,905,0,0,0,0.42258068919181824,0.3406005799770355,-0.08198010921478271,unchanged,True
2026,908,0,0,0,0.41854965686798096,0.4391591548919678,0.020609498023986816,unchanged,False
2026,909,0,0,1,0.42835837602615356,0.5341435670852661,0.10578519105911255,worsened,False
2026,910,0,0,1,0.43786486983299255,0.5341435670852661,0.09627869725227356,worsened,False
2026,911,0,0,0,0.4420101046562195,0.38101905584335327,-0.06099104881286621,unchanged,False
2026,912,0,0,0,0.4086015522480011,0.39111292362213135,-0.01748862862586975,unchanged,True
2026,915,0,1,0,0.4544375240802765,0.4072520434856415,-0.04718548059463501,improved,True
2026,916,0,0,0,0.4255004823207855,0.34854593873023987,-0.07695454359054565,unchanged,False
2026,919,0,0,0,0.43103012442588806,0.39464545249938965,-0.03638467192649841,unchanged,True
2026,920,0,0,0,0.44336625933647156,0.32769447565078735,-0.1156717836856842,unchanged,True
2026,922,0,1,0,0.4484332501888275,0.3556431531906128,-0.09279009699821472,improved,True
2026,924,0,1,0,0.450480580329895,0.43175870180130005,-0.01872187852859497,improved,False
2026,926,0,0,0,0.4414330720901489,0.40069299936294556,-0.04074007272720337,unchanged,False
2026,936,0,0,0,0.426171213388443,0.334836483001709,-0.09133473038673401,unchanged,False
2026,937,0,1,0,0.4497908651828766,0.4154110848903656,-0.034379780292510986,improved,False
2026,938,0,1,0,0.447497695684433,0.42956459522247314,-0.01793310046195984,improved,True
2026,940,0,1,0,0.45974093675613403,0.36258527636528015,-0.09715566039085388,improved,True
2026,943,0,0,0,0.4319705069065094,0.4296873211860657,-0.0022831857204437256,unchanged,False
2026,944,0,0,1,0.4371872544288635,0.44536644220352173,0.008179187774658203,worsened,False
2026,947,0,1,1,0.4820583462715149,0.5403997898101807,0.05834144353866577,unchanged,False
2026,952,0,0,0,0.4295392334461212,0.29158905148506165,-0.13795018196105957,unchanged,True
2026,953,0,1,0,0.46802839636802673,0.39362695813179016,-0.07440143823623657,improved,False
2026,954,0,0,0,0.4422314465045929,0.43855810165405273,-0.003673344850540161,unchanged,False
2026,956,0,1,0,0.47700050473213196,0.4260008931159973,-0.050999611616134644,improved,True
2026,957,0,0,1,0.4320921003818512,0.4642072916030884,0.03211519122123718,worsened,True
2026,959,0,0,0,0.4174317717552185,0.42956459522247314,0.012132823467254639,unchanged,True
2026,960,0,1,0,0.4555004835128784,0.3478783369064331,-0.10762214660644531,improved,False
2026,962,0,1,0,0.4716464877128601,0.42956459522247314,-0.04208189249038696,improved,True
2026,965,0,1,1,0.4472973644733429,0.4642072916030884,0.016909927129745483,unchanged,True
2026,968,0,0,0,0.43106454610824585,0.42956459522247314,-0.001499950885772705,unchanged,True
2026,970,0,0,1,0.44395744800567627,0.5295900106430054,0.0856325626373291,worsened,False
2026,971,0,0,1,0.4308762550354004,0.4642072916030884,0.03333103656768799,worsened,True
2026,975,0,0,1,0.41681742668151855,0.5244142413139343,0.10759681463241577,worsened,False
2026,983,0,0,1,0.4297126829624176,0.5244142413139343,0.09470155835151672,worsened,False
2026,986,0,1,0,0.44976183772087097,0.32229042053222656,-0.1274714171886444,improved,True
2026,992,0,1,0,0.44640856981277466,0.41037774085998535,-0.03603082895278931,improved,False
2026,993,0,1,0,0.4772403836250305,0.41037774085998535,-0.06686264276504517,improved,False
2026,995,0,0,1,0.42879506945610046,0.5244142413139343,0.09561917185783386,worsened,False
2026,996,0,1,1,0.4553874433040619,0.5244142413139343,0.06902679800987244,unchanged,False
2026,998,0,1,0,0.4688209295272827,0.41037774085998535,-0.05844318866729736,improved,False
2026,1000,0,1,1,0.4490818977355957,0.5244142413139343,0.07533234357833862,unchanged,False
2026,1002,0,1,0,0.44483432173728943,0.41037774085998535,-0.03445658087730408,improved,False
2026,1004,0,0,0,0.41471949219703674,0.41037774085998535,-0.004341751337051392,unchanged,False
2026,1007,0,1,0,0.45794740319252014,0.41037774085998535,-0.04756966233253479,improved,False
2026,1009,0,1,0,0.46873903274536133,0.41037774085998535,-0.05836129188537598,improved,False
2026,1010,0,0,1,0.42312976717948914,0.5244142413139343,0.10128447413444519,worsened,False
2026,1011,1,1,1,0.45176026225090027,0.4480322003364563,-0.0037280619144439697,unchanged,True
